-- phpMyAdmin SQL Dump
-- version 5.0.3
-- https://www.phpmyadmin.net/
--
-- Servidor: 127.0.0.1
-- Tiempo de generación: 18-01-2021 a las 14:39:07
-- Versión del servidor: 10.4.14-MariaDB
-- Versión de PHP: 7.4.11

SET SQL_MODE = "NO_AUTO_VALUE_ON_ZERO";
START TRANSACTION;
SET time_zone = "+00:00";


/*!40101 SET @OLD_CHARACTER_SET_CLIENT=@@CHARACTER_SET_CLIENT */;
/*!40101 SET @OLD_CHARACTER_SET_RESULTS=@@CHARACTER_SET_RESULTS */;
/*!40101 SET @OLD_COLLATION_CONNECTION=@@COLLATION_CONNECTION */;
/*!40101 SET NAMES utf8mb4 */;

--
-- Base de datos: `iw`
--

-- --------------------------------------------------------

--
-- Estructura de tabla para la tabla `calle`
--

CREATE TABLE `calle` (
  `id` int(11) NOT NULL,
  `nombre` varchar(255) COLLATE utf8_spanish_ci DEFAULT NULL,
  `id_localidad` int(11) DEFAULT NULL
) ENGINE=InnoDB DEFAULT CHARSET=utf8 COLLATE=utf8_spanish_ci;

-- --------------------------------------------------------

--
-- Estructura de tabla para la tabla `centro`
--

CREATE TABLE `centro` (
  `id` int(11) NOT NULL,
  `nombre` varchar(255) COLLATE utf8_spanish_ci DEFAULT NULL,
  `telefono` varchar(255) COLLATE utf8_spanish_ci DEFAULT NULL,
  `id_localidad` int(11) DEFAULT NULL
) ENGINE=InnoDB DEFAULT CHARSET=utf8 COLLATE=utf8_spanish_ci;

--
-- Volcado de datos para la tabla `centro`
--

INSERT INTO `centro` (`id`, `nombre`, `telefono`, `id_localidad`) VALUES
(1, 'Dablist', '631718391', 1),
(2, 'Trudoo', '472848510', 2),
(3, 'Fanoodle', '737797019', 3),
(4, 'Jabberstorm', '845110225', 4),
(5, 'Teklist', '122185086', 5),
(6, 'Skivee', '208828554', 6),
(7, 'Snaptags', '441196611', 7),
(8, 'LiveZ', '259115669', 8),
(9, 'Eayo', '151557762', 9),
(10, 'Tagtune', '330903968', 10),
(11, 'Divavu', '868858727', 11),
(12, 'Gevee', '572219200', 12),
(13, 'Browsecat', '562669813', 13),
(14, 'Youbridge', '429103935', 14),
(15, 'Skinder', '301550331', 15),
(16, 'Yadel', '725831849', 16),
(17, 'Voomm', '458624048', 17),
(18, 'Jabbercube', '185384002', 18),
(19, 'Blogtag', '161797512', 19),
(20, 'Babbleopia', '603843047', 20),
(21, 'Edgeify', '203916675', 21),
(22, 'Demimbu', '223942179', 22),
(23, 'Shufflebeat', '503278146', 23),
(24, 'Devshare', '113801547', 24),
(25, 'Abatz', '757880104', 25),
(26, 'Yodo', '6675076298', 1),
(27, 'Jabbertype', '8765148603', 2),
(28, 'Jetpulse', '3107571419', 3),
(29, 'Skajo', '8035349424', 4),
(30, 'Skyba', '8507028318', 5),
(31, 'Thoughtstorm', '4825484919', 6),
(32, 'Devbug', '8566835415', 7),
(33, 'Buzzdog', '4585549356', 8),
(34, 'Zoonoodle', '9854397748', 9),
(35, 'Voomm', '8939787541', 10),
(36, 'Browsedrive', '4791554557', 11),
(37, 'Tagtune', '2016987665', 12),
(38, 'Topiclounge', '9044578197', 13),
(39, 'Meedoo', '9099396525', 14),
(40, 'Livefish', '2456962327', 15),
(41, 'Twitterworks', '1956770626', 16),
(42, 'Lajo', '2225990674', 17),
(43, 'Youspan', '4796607196', 18),
(44, 'Divape', '9187548302', 19),
(45, 'Jabbercube', '7407456884', 20),
(46, 'Skynoodle', '7255107649', 21),
(47, 'Jabberbean', '7458213818', 22),
(48, 'Digitube', '6575825604', 23),
(49, 'Mynte', '3908936839', 24),
(50, 'Muxo', '2099530843', 25);

-- --------------------------------------------------------

--
-- Estructura de tabla para la tabla `centro_especialidades`
--

CREATE TABLE `centro_especialidades` (
  `centro_id` int(11) NOT NULL,
  `especialidades_id` int(11) NOT NULL
) ENGINE=InnoDB DEFAULT CHARSET=utf8 COLLATE=utf8_spanish_ci;

--
-- Volcado de datos para la tabla `centro_especialidades`
--

INSERT INTO `centro_especialidades` (`centro_id`, `especialidades_id`) VALUES
(1, 19),
(1, 18),
(1, 17),
(2, 11),
(2, 18),
(2, 6),
(3, 2),
(3, 9),
(3, 11),
(5, 13),
(5, 16),
(5, 2),
(6, 6),
(6, 20),
(6, 4),
(7, 15),
(7, 18),
(7, 2),
(8, 13),
(8, 3),
(8, 15),
(9, 16),
(9, 2),
(9, 8),
(10, 6),
(10, 5),
(10, 1),
(11, 2),
(11, 14),
(11, 3),
(12, 20),
(12, 14),
(12, 18),
(13, 11),
(13, 16),
(13, 8),
(14, 17),
(14, 2),
(14, 9),
(15, 8),
(15, 18),
(15, 11),
(16, 15),
(16, 9),
(16, 18),
(17, 10),
(17, 20),
(17, 9),
(18, 14),
(18, 12),
(18, 8),
(19, 18),
(19, 8),
(19, 15),
(20, 10),
(20, 7),
(20, 14),
(21, 14),
(21, 20),
(22, 11),
(22, 4),
(23, 8),
(23, 19),
(24, 19),
(24, 7),
(25, 4),
(25, 8),
(26, 7),
(26, 4),
(27, 20),
(27, 3),
(28, 12),
(28, 20),
(29, 15),
(29, 4),
(30, 19),
(30, 18),
(31, 12),
(31, 1),
(32, 2),
(32, 12),
(33, 7),
(33, 12),
(34, 5),
(34, 2),
(35, 3),
(35, 18),
(36, 14),
(36, 17),
(37, 19),
(37, 4),
(38, 10),
(38, 12),
(39, 3),
(39, 20),
(40, 15),
(40, 10),
(41, 13),
(41, 10),
(42, 2),
(42, 10),
(43, 19),
(43, 14),
(44, 2),
(44, 18),
(45, 11),
(45, 20),
(46, 12),
(46, 7),
(47, 14),
(47, 17),
(48, 14),
(48, 7),
(49, 5),
(49, 10),
(50, 18),
(50, 2),
(4, 7),
(4, 9),
(4, 12);

-- --------------------------------------------------------

--
-- Estructura de tabla para la tabla `centro_trabajadores`
--

CREATE TABLE `centro_trabajadores` (
  `centro_id` int(11) NOT NULL,
  `trabajadores_id` int(11) NOT NULL
) ENGINE=InnoDB DEFAULT CHARSET=utf8 COLLATE=utf8_spanish_ci;

--
-- Volcado de datos para la tabla `centro_trabajadores`
--

INSERT INTO `centro_trabajadores` (`centro_id`, `trabajadores_id`) VALUES
(1, 2),
(1, 3),
(1, 4),
(1, 5),
(1, 6),
(1, 302),
(2, 57),
(2, 58),
(2, 59),
(2, 60),
(2, 61),
(2, 303),
(3, 62),
(3, 63),
(3, 64),
(3, 65),
(3, 66),
(3, 304),
(4, 67),
(4, 68),
(4, 69),
(4, 70),
(4, 71),
(4, 305),
(5, 72),
(5, 73),
(5, 75),
(5, 76),
(5, 306),
(6, 77),
(6, 78),
(6, 79),
(6, 80),
(6, 81),
(6, 307),
(7, 82),
(7, 83),
(7, 84),
(7, 85),
(7, 86),
(7, 308),
(8, 87),
(8, 88),
(8, 89),
(8, 90),
(8, 91),
(8, 309),
(9, 92),
(9, 93),
(9, 94),
(9, 95),
(9, 96),
(9, 310),
(10, 97),
(10, 98),
(10, 99),
(10, 100),
(10, 101),
(10, 311),
(11, 102),
(11, 103),
(11, 104),
(11, 105),
(11, 106),
(11, 312),
(12, 107),
(12, 108),
(12, 109),
(12, 110),
(12, 111),
(12, 313),
(13, 112),
(13, 114),
(13, 115),
(13, 116),
(13, 314),
(14, 117),
(14, 118),
(14, 119),
(14, 120),
(14, 121),
(14, 315),
(15, 122),
(15, 123),
(15, 124),
(15, 125),
(15, 126),
(15, 316),
(16, 127),
(16, 128),
(16, 129),
(16, 130),
(16, 131),
(16, 317),
(17, 132),
(17, 133),
(17, 134),
(17, 135),
(17, 136),
(17, 318),
(18, 137),
(18, 138),
(18, 139),
(18, 140),
(18, 141),
(18, 319),
(19, 142),
(19, 143),
(19, 144),
(19, 145),
(19, 146),
(19, 320),
(20, 147),
(20, 148),
(20, 149),
(20, 150),
(20, 151),
(20, 321),
(21, 152),
(21, 153),
(21, 154),
(21, 155),
(21, 156),
(21, 322),
(22, 157),
(22, 158),
(22, 159),
(22, 160),
(22, 161),
(22, 323),
(23, 162),
(23, 163),
(23, 164),
(23, 165),
(23, 166),
(23, 324),
(24, 167),
(24, 168),
(24, 169),
(24, 170),
(24, 171),
(24, 325),
(25, 172),
(25, 173),
(25, 174),
(25, 175),
(25, 176),
(25, 326),
(26, 177),
(26, 178),
(26, 179),
(26, 180),
(26, 181),
(26, 327),
(27, 182),
(27, 183),
(27, 184),
(27, 185),
(27, 186),
(27, 328),
(28, 187),
(28, 188),
(28, 189),
(28, 190),
(28, 191),
(29, 1),
(29, 192),
(29, 193),
(29, 194),
(29, 195),
(29, 196),
(30, 197),
(30, 198),
(30, 199),
(30, 200),
(30, 201),
(31, 202),
(31, 203),
(31, 204),
(31, 205),
(31, 206),
(32, 207),
(32, 208),
(32, 209),
(32, 210),
(32, 211),
(33, 212),
(33, 213),
(33, 214),
(33, 215),
(33, 216),
(34, 217),
(34, 218),
(34, 219),
(34, 220),
(34, 221),
(35, 222),
(35, 223),
(35, 224),
(35, 225),
(35, 226),
(36, 227),
(36, 228),
(36, 229),
(36, 230),
(36, 231),
(37, 232),
(37, 233),
(37, 234),
(37, 235),
(37, 236),
(38, 237),
(38, 238),
(38, 239),
(38, 240),
(38, 241),
(39, 242),
(39, 243),
(39, 244),
(39, 245),
(39, 246),
(40, 247),
(40, 248),
(40, 249),
(40, 250),
(40, 251),
(41, 252),
(41, 253),
(41, 254),
(41, 255),
(41, 256),
(42, 257),
(42, 258),
(42, 259),
(42, 260),
(42, 261),
(43, 262),
(43, 263),
(43, 264),
(43, 265),
(43, 266),
(44, 267),
(44, 268),
(44, 269),
(44, 270),
(44, 271),
(45, 272),
(45, 273),
(45, 274),
(45, 275),
(45, 276),
(46, 277),
(46, 278),
(46, 279),
(46, 280),
(46, 281),
(47, 282),
(47, 283),
(47, 284),
(47, 285),
(47, 286),
(48, 287),
(48, 288),
(48, 289),
(48, 290),
(48, 291),
(49, 292),
(49, 293),
(49, 294),
(49, 295),
(49, 296),
(50, 297),
(50, 298),
(50, 299),
(50, 300),
(50, 301);

-- --------------------------------------------------------

--
-- Estructura de tabla para la tabla `centro_usuarios`
--

CREATE TABLE `centro_usuarios` (
  `centro_id` int(11) NOT NULL,
  `usuarios_id` int(11) NOT NULL
) ENGINE=InnoDB DEFAULT CHARSET=utf8 COLLATE=utf8_spanish_ci;

--
-- Volcado de datos para la tabla `centro_usuarios`
--

INSERT INTO `centro_usuarios` (`centro_id`, `usuarios_id`) VALUES
(1, 41),
(1, 71),
(1, 138),
(1, 316),
(1, 412),
(1, 445),
(1, 473),
(1, 487),
(1, 548),
(1, 553),
(1, 570),
(1, 577),
(1, 600),
(1, 704),
(1, 727),
(1, 773),
(1, 836),
(1, 889),
(1, 906),
(1, 908),
(2, 86),
(2, 96),
(2, 177),
(2, 251),
(2, 352),
(2, 354),
(2, 503),
(2, 546),
(2, 601),
(2, 653),
(2, 678),
(2, 694),
(2, 783),
(2, 814),
(2, 866),
(3, 33),
(3, 185),
(3, 207),
(3, 329),
(3, 403),
(3, 433),
(3, 494),
(3, 506),
(3, 527),
(3, 605),
(3, 610),
(3, 627),
(3, 740),
(3, 757),
(3, 786),
(3, 803),
(3, 874),
(3, 895),
(3, 950),
(3, 951),
(3, 975),
(4, 91),
(4, 157),
(4, 231),
(4, 393),
(4, 417),
(4, 448),
(4, 449),
(4, 516),
(4, 521),
(4, 620),
(4, 729),
(4, 749),
(4, 754),
(4, 779),
(4, 797),
(4, 909),
(4, 916),
(5, 20),
(5, 94),
(5, 131),
(5, 263),
(5, 414),
(5, 418),
(5, 502),
(5, 530),
(5, 540),
(5, 576),
(5, 580),
(5, 624),
(5, 794),
(5, 897),
(5, 919),
(6, 43),
(6, 68),
(6, 126),
(6, 165),
(6, 189),
(6, 339),
(6, 517),
(6, 591),
(6, 617),
(6, 618),
(6, 664),
(6, 669),
(6, 746),
(6, 765),
(6, 967),
(6, 976),
(6, 979),
(6, 988),
(7, 36),
(7, 50),
(7, 64),
(7, 97),
(7, 115),
(7, 188),
(7, 394),
(7, 440),
(7, 462),
(7, 579),
(7, 599),
(7, 614),
(7, 621),
(7, 640),
(7, 706),
(7, 731),
(7, 759),
(7, 769),
(7, 841),
(7, 899),
(7, 970),
(8, 47),
(8, 137),
(8, 139),
(8, 149),
(8, 152),
(8, 183),
(8, 186),
(8, 187),
(8, 209),
(8, 287),
(8, 301),
(8, 343),
(8, 356),
(8, 420),
(8, 485),
(8, 513),
(8, 550),
(8, 613),
(8, 633),
(8, 692),
(8, 913),
(9, 9),
(9, 10),
(9, 93),
(9, 110),
(9, 201),
(9, 217),
(9, 252),
(9, 292),
(9, 446),
(9, 501),
(9, 504),
(9, 518),
(9, 519),
(9, 539),
(9, 558),
(9, 676),
(9, 682),
(9, 690),
(9, 724),
(9, 791),
(9, 799),
(9, 857),
(9, 876),
(9, 879),
(9, 898),
(9, 948),
(10, 205),
(10, 260),
(10, 334),
(10, 409),
(10, 480),
(10, 483),
(10, 556),
(10, 566),
(10, 616),
(10, 632),
(10, 684),
(10, 726),
(10, 756),
(10, 762),
(10, 834),
(10, 855),
(10, 921),
(10, 930),
(10, 989),
(11, 25),
(11, 35),
(11, 49),
(11, 58),
(11, 61),
(11, 65),
(11, 147),
(11, 213),
(11, 227),
(11, 261),
(11, 302),
(11, 320),
(11, 322),
(11, 340),
(11, 384),
(11, 453),
(11, 469),
(11, 491),
(11, 507),
(11, 538),
(11, 687),
(11, 838),
(11, 854),
(11, 961),
(12, 22),
(12, 51),
(12, 56),
(12, 134),
(12, 200),
(12, 333),
(12, 401),
(12, 444),
(12, 447),
(12, 471),
(12, 475),
(12, 495),
(12, 497),
(12, 524),
(12, 552),
(12, 625),
(12, 681),
(12, 717),
(12, 738),
(12, 776),
(12, 787),
(12, 804),
(12, 831),
(12, 862),
(12, 910),
(12, 972),
(13, 117),
(13, 230),
(13, 234),
(13, 238),
(13, 278),
(13, 286),
(13, 298),
(13, 330),
(13, 344),
(13, 508),
(13, 593),
(13, 650),
(13, 660),
(13, 728),
(13, 833),
(13, 900),
(13, 958),
(14, 15),
(14, 88),
(14, 90),
(14, 146),
(14, 221),
(14, 222),
(14, 237),
(14, 315),
(14, 375),
(14, 379),
(14, 400),
(14, 421),
(14, 514),
(14, 525),
(14, 567),
(14, 688),
(14, 705),
(14, 911),
(14, 920),
(14, 937),
(15, 17),
(15, 42),
(15, 170),
(15, 271),
(15, 272),
(15, 378),
(15, 380),
(15, 451),
(15, 537),
(15, 594),
(15, 659),
(15, 722),
(15, 744),
(15, 767),
(15, 781),
(15, 943),
(16, 55),
(16, 57),
(16, 81),
(16, 92),
(16, 102),
(16, 156),
(16, 202),
(16, 219),
(16, 245),
(16, 247),
(16, 355),
(16, 361),
(16, 377),
(16, 389),
(16, 434),
(16, 438),
(16, 565),
(16, 637),
(16, 807),
(16, 829),
(16, 884),
(16, 968),
(17, 3),
(17, 26),
(17, 143),
(17, 172),
(17, 180),
(17, 326),
(17, 332),
(17, 357),
(17, 510),
(17, 528),
(17, 652),
(17, 654),
(17, 675),
(17, 721),
(17, 751),
(17, 764),
(17, 785),
(17, 917),
(18, 30),
(18, 32),
(18, 82),
(18, 111),
(18, 121),
(18, 166),
(18, 193),
(18, 362),
(18, 397),
(18, 534),
(18, 573),
(18, 589),
(18, 611),
(18, 665),
(18, 693),
(18, 719),
(18, 745),
(18, 780),
(18, 886),
(18, 914),
(18, 927),
(18, 929),
(18, 953),
(18, 964),
(18, 993),
(19, 24),
(19, 178),
(19, 182),
(19, 210),
(19, 239),
(19, 256),
(19, 294),
(19, 571),
(19, 598),
(19, 628),
(19, 643),
(19, 656),
(19, 672),
(19, 698),
(19, 755),
(19, 825),
(19, 923),
(20, 28),
(20, 60),
(20, 72),
(20, 151),
(20, 159),
(20, 176),
(20, 214),
(20, 262),
(20, 341),
(20, 408),
(20, 430),
(20, 436),
(20, 437),
(20, 464),
(20, 587),
(20, 716),
(21, 38),
(21, 123),
(21, 335),
(21, 383),
(21, 402),
(21, 737),
(21, 870),
(21, 926),
(21, 974),
(21, 991),
(22, 66),
(22, 79),
(22, 145),
(22, 162),
(22, 246),
(22, 308),
(22, 348),
(22, 396),
(22, 441),
(22, 564),
(22, 592),
(22, 707),
(22, 798),
(22, 846),
(22, 901),
(22, 941),
(22, 942),
(23, 109),
(23, 116),
(23, 153),
(23, 226),
(23, 280),
(23, 547),
(23, 584),
(23, 674),
(23, 696),
(23, 752),
(23, 782),
(23, 806),
(23, 816),
(23, 840),
(23, 865),
(23, 965),
(24, 54),
(24, 70),
(24, 167),
(24, 233),
(24, 314),
(24, 382),
(24, 395),
(24, 459),
(24, 478),
(24, 481),
(24, 533),
(24, 557),
(24, 574),
(24, 583),
(24, 607),
(24, 623),
(24, 641),
(24, 666),
(24, 685),
(24, 714),
(24, 718),
(24, 771),
(24, 878),
(24, 987),
(24, 996),
(25, 29),
(25, 74),
(25, 95),
(25, 100),
(25, 112),
(25, 195),
(25, 244),
(25, 267),
(25, 318),
(25, 455),
(25, 522),
(25, 544),
(25, 568),
(25, 626),
(25, 671),
(25, 789),
(25, 809),
(25, 835),
(25, 859),
(25, 978),
(26, 181),
(26, 194),
(26, 253),
(26, 312),
(26, 360),
(26, 415),
(26, 461),
(26, 488),
(26, 572),
(26, 634),
(26, 772),
(26, 793),
(26, 796),
(26, 800),
(26, 811),
(26, 823),
(26, 871),
(26, 907),
(26, 957),
(26, 983),
(27, 1),
(27, 4),
(27, 103),
(27, 163),
(27, 216),
(27, 290),
(27, 363),
(27, 456),
(27, 489),
(27, 569),
(27, 596),
(27, 647),
(27, 648),
(27, 673),
(27, 761),
(27, 845),
(27, 890),
(27, 918),
(27, 932),
(27, 949),
(27, 960),
(27, 982),
(28, 39),
(28, 40),
(28, 59),
(28, 104),
(28, 255),
(28, 407),
(28, 416),
(28, 472),
(28, 482),
(28, 492),
(28, 536),
(28, 795),
(28, 805),
(28, 858),
(28, 869),
(28, 934),
(28, 939),
(28, 984),
(28, 997),
(29, 12),
(29, 31),
(29, 37),
(29, 83),
(29, 199),
(29, 211),
(29, 309),
(29, 317),
(29, 346),
(29, 404),
(29, 463),
(29, 486),
(29, 532),
(29, 541),
(29, 639),
(29, 657),
(29, 702),
(29, 711),
(29, 812),
(29, 815),
(29, 827),
(29, 891),
(29, 893),
(29, 946),
(30, 23),
(30, 46),
(30, 120),
(30, 124),
(30, 129),
(30, 161),
(30, 269),
(30, 321),
(30, 345),
(30, 373),
(30, 429),
(30, 457),
(30, 555),
(30, 559),
(30, 608),
(30, 677),
(30, 712),
(30, 760),
(30, 883),
(30, 966),
(31, 11),
(31, 113),
(31, 132),
(31, 160),
(31, 235),
(31, 303),
(31, 347),
(31, 371),
(31, 399),
(31, 458),
(31, 474),
(31, 646),
(31, 703),
(31, 853),
(31, 872),
(31, 980),
(31, 981),
(31, 985),
(31, 986),
(32, 27),
(32, 98),
(32, 133),
(32, 191),
(32, 319),
(32, 385),
(32, 411),
(32, 426),
(32, 499),
(32, 515),
(32, 529),
(32, 658),
(32, 708),
(32, 758),
(32, 766),
(32, 813),
(32, 826),
(33, 44),
(33, 203),
(33, 248),
(33, 258),
(33, 264),
(33, 300),
(33, 392),
(33, 468),
(33, 479),
(33, 582),
(33, 689),
(33, 775),
(33, 790),
(33, 818),
(33, 837),
(33, 852),
(33, 863),
(33, 903),
(34, 16),
(34, 114),
(34, 122),
(34, 141),
(34, 196),
(34, 391),
(34, 405),
(34, 431),
(34, 439),
(34, 467),
(34, 622),
(34, 642),
(34, 679),
(34, 720),
(34, 732),
(34, 741),
(34, 777),
(34, 819),
(34, 842),
(34, 851),
(34, 938),
(35, 52),
(35, 73),
(35, 84),
(35, 127),
(35, 135),
(35, 142),
(35, 241),
(35, 243),
(35, 250),
(35, 358),
(35, 586),
(35, 630),
(35, 663),
(35, 670),
(35, 680),
(35, 691),
(35, 792),
(35, 887),
(35, 973),
(36, 107),
(36, 236),
(36, 240),
(36, 277),
(36, 304),
(36, 327),
(36, 388),
(36, 597),
(36, 635),
(36, 695),
(36, 701),
(36, 735),
(36, 750),
(36, 817),
(36, 915),
(36, 945),
(36, 959),
(37, 105),
(37, 206),
(37, 225),
(37, 268),
(37, 276),
(37, 284),
(37, 413),
(37, 419),
(37, 427),
(37, 466),
(37, 543),
(37, 581),
(37, 590),
(37, 631),
(37, 699),
(37, 736),
(37, 747),
(37, 880),
(37, 936),
(37, 952),
(37, 994),
(38, 19),
(38, 34),
(38, 259),
(38, 372),
(38, 450),
(38, 554),
(38, 588),
(38, 602),
(38, 645),
(38, 667),
(38, 683),
(38, 733),
(38, 802),
(38, 810),
(38, 822),
(38, 856),
(38, 977),
(39, 108),
(39, 179),
(39, 197),
(39, 266),
(39, 275),
(39, 305),
(39, 306),
(39, 323),
(39, 336),
(39, 338),
(39, 422),
(39, 432),
(39, 460),
(39, 476),
(39, 535),
(39, 606),
(39, 612),
(39, 753),
(39, 778),
(39, 808),
(39, 933),
(39, 992),
(40, 45),
(40, 106),
(40, 144),
(40, 173),
(40, 174),
(40, 282),
(40, 374),
(40, 381),
(40, 509),
(40, 526),
(40, 549),
(40, 562),
(40, 578),
(40, 636),
(40, 644),
(40, 655),
(40, 770),
(40, 905),
(40, 925),
(40, 944),
(40, 971),
(40, 990),
(41, 80),
(41, 232),
(41, 265),
(41, 273),
(41, 296),
(41, 328),
(41, 350),
(41, 615),
(41, 743),
(41, 824),
(41, 839),
(41, 867),
(41, 912),
(41, 947),
(42, 5),
(42, 63),
(42, 75),
(42, 119),
(42, 148),
(42, 169),
(42, 242),
(42, 254),
(42, 285),
(42, 435),
(42, 443),
(42, 452),
(42, 512),
(42, 545),
(42, 575),
(42, 585),
(42, 609),
(42, 734),
(42, 788),
(42, 843),
(42, 844),
(42, 861),
(42, 954),
(43, 7),
(43, 53),
(43, 69),
(43, 175),
(43, 190),
(43, 192),
(43, 220),
(43, 223),
(43, 307),
(43, 311),
(43, 351),
(43, 353),
(43, 386),
(43, 428),
(43, 493),
(43, 561),
(43, 595),
(43, 709),
(43, 723),
(43, 768),
(43, 832),
(43, 850),
(43, 868),
(43, 873),
(43, 962),
(43, 963),
(44, 2),
(44, 89),
(44, 125),
(44, 140),
(44, 184),
(44, 198),
(44, 215),
(44, 228),
(44, 249),
(44, 270),
(44, 283),
(44, 324),
(44, 364),
(44, 370),
(44, 376),
(44, 390),
(44, 406),
(44, 454),
(44, 470),
(44, 563),
(44, 629),
(44, 661),
(44, 697),
(44, 715),
(44, 820),
(44, 847),
(44, 931),
(45, 77),
(45, 101),
(45, 208),
(45, 288),
(45, 297),
(45, 325),
(45, 337),
(45, 349),
(45, 359),
(45, 398),
(45, 442),
(45, 477),
(45, 490),
(45, 520),
(45, 560),
(45, 784),
(45, 828),
(45, 848),
(45, 864),
(45, 924),
(45, 969),
(46, 62),
(46, 87),
(46, 128),
(46, 130),
(46, 136),
(46, 150),
(46, 171),
(46, 274),
(46, 281),
(46, 299),
(46, 310),
(46, 342),
(46, 365),
(46, 367),
(46, 369),
(46, 465),
(46, 498),
(46, 500),
(46, 523),
(46, 531),
(46, 619),
(46, 651),
(46, 730),
(46, 742),
(46, 881),
(46, 940),
(46, 998),
(47, 154),
(47, 168),
(47, 218),
(47, 291),
(47, 293),
(47, 410),
(47, 423),
(47, 424),
(47, 425),
(47, 484),
(47, 505),
(47, 511),
(47, 551),
(47, 700),
(47, 710),
(47, 860),
(47, 885),
(47, 894),
(47, 902),
(48, 8),
(48, 21),
(48, 158),
(48, 212),
(48, 257),
(48, 368),
(48, 542),
(48, 603),
(48, 662),
(48, 668),
(48, 830),
(48, 849),
(48, 888),
(48, 896),
(48, 935),
(48, 955),
(49, 13),
(49, 18),
(49, 48),
(49, 85),
(49, 99),
(49, 118),
(49, 155),
(49, 164),
(49, 224),
(49, 229),
(49, 289),
(49, 295),
(49, 331),
(49, 649),
(49, 686),
(49, 713),
(49, 725),
(49, 739),
(49, 748),
(49, 774),
(49, 801),
(49, 821),
(49, 892),
(49, 904),
(49, 922),
(49, 956),
(49, 995),
(50, 6),
(50, 14),
(50, 67),
(50, 76),
(50, 78),
(50, 279),
(50, 366),
(50, 387),
(50, 496),
(50, 604),
(50, 638),
(50, 763),
(50, 875),
(50, 877),
(50, 882),
(50, 928);

-- --------------------------------------------------------

--
-- Estructura de tabla para la tabla `cita`
--

CREATE TABLE `cita` (
  `id` int(11) NOT NULL,
  `confirmada` bit(1) DEFAULT NULL,
  `fecha` date DEFAULT NULL,
  `hora` time DEFAULT NULL,
  `importe` float DEFAULT NULL,
  `id_informe` int(11) DEFAULT NULL,
  `id_paciente` int(11) DEFAULT NULL,
  `id_sanitario` int(11) DEFAULT NULL
) ENGINE=InnoDB DEFAULT CHARSET=utf8 COLLATE=utf8_spanish_ci;

--
-- Volcado de datos para la tabla `cita`
--

INSERT INTO `cita` (`id`, `confirmada`, `fecha`, `hora`, `importe`, `id_informe`, `id_paciente`, `id_sanitario`) VALUES
(4, b'0', '2020-02-25', '11:00:00', 0, NULL, 316, 2),
(5, b'1', '2020-12-09', '09:00:00', 50, 1, 412, 2),
(6, b'0', '2020-07-03', '09:00:00', 0, NULL, 445, 4),
(7, b'0', '2019-07-10', '09:00:00', 0, NULL, 473, 4),
(8, b'0', '2019-07-30', '09:00:00', 0, NULL, 487, 4),
(9, b'0', '2019-11-16', '09:00:00', 0, NULL, 548, 6),
(10, b'0', '2020-03-26', '09:00:00', 0, NULL, 553, 6),
(11, b'0', '2020-09-28', '09:00:00', 0, NULL, 570, 6),
(12, b'0', '2019-12-31', '09:00:00', 0, NULL, 577, 6),
(13, b'0', '2020-09-17', '09:00:00', 0, NULL, 600, 6),
(14, b'0', '2019-09-21', '09:00:00', 0, NULL, 704, 6),
(15, b'0', '2020-09-21', '09:00:00', 0, NULL, 727, 2),
(16, b'0', '2019-08-20', '09:00:00', 0, NULL, 773, 4),
(17, b'0', '2019-09-21', '09:00:00', 0, NULL, 836, 4),
(18, b'0', '2020-08-03', '09:00:00', 0, NULL, 889, 2),
(19, b'0', '2019-08-12', '09:00:00', 0, NULL, 906, 6),
(20, b'0', '2019-11-22', '10:00:00', 0, NULL, 908, 4),
(21, b'0', '2021-01-27', '09:00:00', 0, NULL, 41, 2),
(22, b'0', '2020-04-18', '09:00:00', 0, NULL, 41, 2),
(23, b'0', '2019-12-17', '10:00:00', 0, NULL, 41, 2),
(24, b'0', '2019-11-25', '10:00:00', 0, NULL, 41, 2),
(25, b'0', '2019-09-28', '09:00:00', 0, NULL, 41, 2),
(26, b'0', '2019-10-15', '10:00:00', 0, NULL, 41, 2),
(27, b'0', '2019-09-08', '09:00:00', 0, NULL, 41, 2),
(28, b'0', '2019-07-05', '09:00:00', 0, NULL, 41, 2),
(29, b'0', '2019-11-26', '09:00:00', 0, NULL, 41, 2),
(30, b'0', '2020-01-30', '09:00:00', 0, NULL, 41, 2),
(31, b'0', '2019-12-28', '09:00:00', 0, NULL, 41, 2),
(32, b'0', '2020-07-28', '09:00:00', 0, NULL, 41, 2),
(33, b'0', '2019-07-30', '09:00:00', 0, NULL, 41, 2),
(34, b'0', '2020-08-13', '09:00:00', 0, NULL, 41, 2),
(35, b'0', '2019-08-10', '09:00:00', 0, NULL, 41, 2),
(36, b'0', '2019-07-25', '10:00:00', 0, NULL, 41, 2),
(37, b'0', '2020-03-19', '09:00:00', 0, NULL, 41, 2),
(38, b'0', '2019-08-23', '09:00:00', 0, NULL, 41, 2),
(39, b'0', '2020-07-27', '09:00:00', 0, NULL, 41, 2),
(40, b'0', '2020-07-21', '09:00:00', 0, NULL, 41, 2),
(41, b'1', '2020-11-13', '09:00:00', 50, 2, 41, 2),
(42, b'0', '2020-06-12', '09:00:00', 0, NULL, 41, 2),
(43, b'0', '2019-07-09', '09:00:00', 0, NULL, 41, 2),
(44, b'0', '2020-04-25', '09:00:00', 0, NULL, 41, 2),
(45, b'1', '2020-11-18', '09:00:00', 50, 3, 41, 2),
(46, b'0', '2021-01-22', '09:00:00', 0, NULL, 41, 2),
(47, b'0', '2019-12-07', '09:00:00', 0, NULL, 41, 2),
(48, b'0', '2020-03-29', '09:00:00', 0, NULL, 41, 2),
(49, b'1', '2020-12-27', '09:00:00', 50, 4, 41, 2),
(50, b'1', '2020-12-19', '09:00:00', 50, 5, 41, 2),
(51, b'0', '2020-10-02', '09:00:00', 0, NULL, 71, 2),
(52, b'0', '2021-02-15', '10:00:00', 0, NULL, 71, 2),
(53, b'0', '2020-08-26', '09:00:00', 0, NULL, 71, 2),
(54, b'0', '2019-12-14', '09:00:00', 0, NULL, 71, 2),
(55, b'0', '2020-05-01', '10:00:00', 0, NULL, 412, 2),
(56, b'0', '2019-12-12', '09:00:00', 0, NULL, 71, 2),
(57, b'0', '2020-05-01', '09:00:00', 0, NULL, 71, 2),
(58, b'0', '2020-07-01', '09:00:00', 0, NULL, 71, 2),
(59, b'0', '2020-01-15', '09:00:00', 0, NULL, 71, 2),
(60, b'0', '2020-03-25', '09:00:00', 0, NULL, 71, 2),
(61, b'0', '2019-12-11', '09:00:00', 0, NULL, 71, 2),
(62, b'0', '2020-08-06', '09:00:00', 0, NULL, 71, 2),
(63, b'0', '2019-10-06', '10:00:00', 0, NULL, 71, 2),
(64, b'0', '2020-03-27', '09:00:00', 0, NULL, 71, 2),
(65, b'0', '2020-06-16', '10:00:00', 0, NULL, 71, 2),
(66, b'0', '2019-10-09', '09:00:00', 0, NULL, 71, 2),
(67, b'0', '2020-05-21', '09:00:00', 0, NULL, 71, 2),
(68, b'0', '2019-07-10', '09:00:00', 0, NULL, 71, 2),
(69, b'0', '2019-12-22', '10:00:00', 0, NULL, 71, 2),
(70, b'0', '2021-01-21', '09:00:00', 0, NULL, 71, 2),
(71, b'1', '2020-12-10', '09:00:00', 50, 6, 71, 2),
(72, b'0', '2020-03-05', '09:00:00', 0, NULL, 71, 2),
(73, b'0', '2019-12-14', '10:00:00', 0, NULL, 138, 2),
(74, b'0', '2020-09-25', '09:00:00', 0, NULL, 71, 2),
(75, b'0', '2021-01-23', '09:00:00', 0, NULL, 71, 2),
(76, b'1', '2021-01-01', '09:00:00', 50, 7, 71, 2),
(77, b'1', '2021-01-04', '10:00:00', 50, 8, 71, 2),
(78, b'0', '2020-04-29', '09:00:00', 0, NULL, 71, 2),
(79, b'0', '2020-07-13', '09:00:00', 0, NULL, 71, 2),
(80, b'0', '2020-01-31', '09:00:00', 0, NULL, 71, 2),
(81, b'0', '2019-08-31', '09:00:00', 0, NULL, 138, 2),
(82, b'0', '2021-01-17', '09:00:00', 0, NULL, 138, 2),
(83, b'0', '2020-07-09', '09:00:00', 0, NULL, 138, 2),
(84, b'0', '2020-03-12', '09:00:00', 0, NULL, 138, 2),
(85, b'0', '2020-03-11', '09:00:00', 0, NULL, 138, 2),
(86, b'1', '2020-11-08', '09:00:00', 50, 9, 138, 2),
(87, b'0', '2019-08-27', '09:00:00', 0, NULL, 138, 2),
(88, b'0', '2019-12-05', '09:00:00', 0, NULL, 138, 2),
(89, b'1', '2021-01-18', '09:00:00', 0, NULL, 138, 2),
(90, b'0', '2019-12-29', '09:00:00', 0, NULL, 138, 2),
(91, b'0', '2020-06-10', '09:00:00', 0, NULL, 138, 2),
(92, b'0', '2020-02-21', '09:00:00', 0, NULL, 138, 2),
(93, b'0', '2019-10-22', '10:00:00', 0, NULL, 138, 2),
(94, b'0', '2019-07-25', '09:00:00', 0, NULL, 138, 2),
(95, b'0', '2020-07-12', '09:00:00', 0, NULL, 138, 2),
(96, b'0', '2020-06-04', '09:00:00', 0, NULL, 138, 2),
(97, b'1', '2020-12-18', '09:00:00', 50, 10, 138, 2),
(98, b'0', '2020-09-08', '10:00:00', 0, NULL, 71, 2),
(99, b'0', '2020-06-16', '09:00:00', 0, NULL, 138, 2),
(100, b'0', '2020-06-06', '09:00:00', 0, NULL, 138, 2),
(101, b'0', '2019-09-27', '09:00:00', 0, NULL, 138, 2),
(102, b'0', '2020-05-12', '09:00:00', 0, NULL, 138, 2),
(103, b'0', '2019-07-28', '09:00:00', 0, NULL, 138, 2),
(104, b'0', '2020-09-08', '09:00:00', 0, NULL, 138, 2),
(105, b'0', '2019-10-20', '09:00:00', 0, NULL, 138, 2),
(106, b'0', '2019-09-17', '09:00:00', 0, NULL, 138, 2),
(107, b'0', '2020-10-05', '09:00:00', 0, NULL, 138, 2),
(108, b'0', '2020-02-09', '09:00:00', 0, NULL, 138, 2),
(109, b'0', '2020-07-20', '10:00:00', 0, NULL, 138, 2),
(110, b'0', '2019-08-02', '09:00:00', 0, NULL, 138, 2),
(111, b'0', '2020-08-18', '09:00:00', 0, NULL, 138, 2),
(112, b'0', '2019-10-08', '10:00:00', 0, NULL, 138, 2),
(113, b'0', '2020-08-28', '09:00:00', 0, NULL, 138, 2),
(114, b'0', '2019-08-12', '09:00:00', 0, NULL, 138, 2),
(115, b'0', '2019-12-01', '09:00:00', 0, NULL, 138, 2),
(116, b'0', '2020-07-18', '09:00:00', 0, NULL, 138, 2),
(117, b'0', '2019-10-05', '09:00:00', 0, NULL, 138, 2),
(118, b'0', '2020-04-19', '10:00:00', 0, NULL, 138, 2),
(119, b'0', '2020-05-11', '09:00:00', 0, NULL, 138, 2),
(120, b'0', '2021-02-11', '09:00:00', 0, NULL, 138, 2),
(121, b'0', '2019-10-20', '10:00:00', 0, NULL, 316, 2),
(122, b'0', '2019-11-26', '10:00:00', 0, NULL, 316, 2),
(123, b'1', '2020-12-25', '09:00:00', 50, 11, 316, 2),
(124, b'0', '2019-07-30', '10:00:00', 0, NULL, 316, 2),
(125, b'0', '2021-01-30', '09:00:00', 0, NULL, 316, 2),
(126, b'0', '2021-02-15', '09:00:00', 0, NULL, 316, 2),
(127, b'0', '2021-02-08', '09:00:00', 0, NULL, 316, 2),
(128, b'0', '2020-01-20', '09:00:00', 0, NULL, 316, 2),
(129, b'0', '2020-04-23', '09:00:00', 0, NULL, 316, 2),
(130, b'0', '2019-12-25', '09:00:00', 0, NULL, 316, 2),
(131, b'0', '2019-08-20', '10:00:00', 0, NULL, 316, 2),
(132, b'0', '2020-06-29', '09:00:00', 0, NULL, 316, 2),
(133, b'0', '2020-08-30', '09:00:00', 0, NULL, 316, 2),
(134, b'0', '2020-05-12', '10:00:00', 0, NULL, 316, 2),
(135, b'0', '2019-12-22', '09:00:00', 0, NULL, 316, 2),
(136, b'0', '2020-06-14', '09:00:00', 0, NULL, 316, 2),
(137, b'0', '2020-07-04', '09:00:00', 0, NULL, 316, 2),
(138, b'0', '2019-07-19', '09:00:00', 0, NULL, 316, 2),
(139, b'0', '2020-07-08', '09:00:00', 0, NULL, 316, 2),
(140, b'0', '2020-10-30', '09:00:00', 0, NULL, 316, 2),
(141, b'0', '2019-11-15', '09:00:00', 0, NULL, 316, 2),
(142, b'0', '2020-04-19', '09:00:00', 0, NULL, 316, 2),
(143, b'1', '2021-01-10', '09:00:00', 50, 12, 316, 2),
(144, b'0', '2020-08-25', '09:00:00', 0, NULL, 316, 2),
(145, b'0', '2020-03-04', '09:00:00', 0, NULL, 316, 2),
(146, b'0', '2020-03-28', '09:00:00', 0, NULL, 316, 2),
(147, b'0', '2019-10-30', '09:00:00', 0, NULL, 316, 2),
(148, b'1', '2021-01-01', '10:00:00', 50, 13, 316, 2),
(149, b'0', '2020-09-10', '09:00:00', 0, NULL, 316, 2),
(150, b'0', '2020-05-05', '09:00:00', 0, NULL, 316, 2),
(151, b'0', '2020-09-25', '10:00:00', 0, NULL, 316, 2),
(152, b'0', '2019-12-25', '09:00:00', 0, NULL, 71, 2),
(153, b'0', '2020-10-19', '09:00:00', 0, NULL, 316, 2),
(154, b'0', '2020-05-24', '09:00:00', 0, NULL, 316, 2),
(155, b'0', '2020-04-09', '09:00:00', 0, NULL, 316, 2),
(156, b'0', '2019-11-22', '10:00:00', 0, NULL, 316, 2),
(157, b'0', '2019-09-10', '09:00:00', 0, NULL, 316, 2),
(158, b'0', '2020-04-27', '09:00:00', 0, NULL, 316, 2),
(159, b'0', '2020-01-12', '10:00:00', 0, NULL, 71, 2),
(160, b'0', '2020-07-04', '11:00:00', 0, NULL, 138, 2),
(161, b'1', '2020-11-04', '09:00:00', 50, 14, 316, 2),
(162, b'0', '2020-07-20', '09:00:00', 0, NULL, 316, 2),
(163, b'0', '2020-07-17', '09:00:00', 0, NULL, 316, 2),
(164, b'0', '2019-09-18', '09:00:00', 0, NULL, 316, 2),
(165, b'1', '2020-11-15', '10:00:00', 50, 15, 316, 2),
(166, b'0', '2020-06-22', '09:00:00', 0, NULL, 316, 2),
(167, b'0', '2020-09-06', '09:00:00', 0, NULL, 316, 2),
(168, b'0', '2020-09-20', '09:00:00', 0, NULL, 316, 2),
(169, b'0', '2020-10-14', '09:00:00', 0, NULL, 316, 2),
(170, b'0', '2020-03-10', '09:00:00', 0, NULL, 316, 2),
(171, b'0', '2019-07-08', '09:00:00', 0, NULL, 316, 2),
(172, b'0', '2021-01-31', '09:00:00', 0, NULL, 316, 2),
(173, b'0', '2019-07-24', '09:00:00', 0, NULL, 316, 2),
(174, b'0', '2020-07-04', '10:00:00', 0, NULL, 71, 2),
(175, b'0', '2019-12-01', '10:00:00', 0, NULL, 316, 2),
(176, b'0', '2020-07-26', '09:00:00', 0, NULL, 316, 2),
(177, b'0', '2019-07-27', '09:00:00', 0, NULL, 316, 2),
(178, b'0', '2020-04-21', '09:00:00', 0, NULL, 316, 2),
(179, b'1', '2020-12-24', '09:00:00', 50, 16, 316, 2),
(180, b'0', '2020-03-31', '09:00:00', 0, NULL, 316, 2),
(181, b'0', '2020-01-12', '09:00:00', 0, NULL, 316, 2),
(182, b'0', '2020-01-19', '10:00:00', 0, NULL, 316, 2),
(183, b'0', '2020-02-20', '09:00:00', 0, NULL, 316, 2),
(184, b'0', '2020-10-29', '09:00:00', 0, NULL, 316, 2),
(185, b'0', '2020-08-15', '09:00:00', 0, NULL, 316, 2),
(186, b'0', '2020-06-27', '09:00:00', 0, NULL, 316, 2),
(187, b'0', '2020-05-04', '09:00:00', 0, NULL, 316, 2),
(188, b'1', '2020-12-30', '09:00:00', 50, 17, 316, 2),
(189, b'0', '2020-01-27', '09:00:00', 0, NULL, 316, 2),
(190, b'0', '2020-08-31', '09:00:00', 0, NULL, 316, 2),
(191, b'0', '2020-06-11', '09:00:00', 0, NULL, 316, 2),
(192, b'0', '2019-07-07', '09:00:00', 0, NULL, 316, 2),
(193, b'1', '2021-01-04', '09:00:00', 50, 18, 316, 2),
(194, b'0', '2020-06-02', '09:00:00', 0, NULL, 316, 2),
(195, b'0', '2020-10-13', '09:00:00', 0, NULL, 316, 2),
(196, b'0', '2020-02-25', '12:00:00', 0, NULL, 138, 2),
(197, b'0', '2019-10-21', '09:00:00', 0, NULL, 316, 2),
(198, b'0', '2020-06-06', '10:00:00', 0, NULL, 316, 2),
(199, b'0', '2020-01-06', '10:00:00', 0, NULL, 316, 2),
(200, b'0', '2020-04-03', '09:00:00', 0, NULL, 316, 2),
(201, b'0', '2020-10-17', '09:00:00', 0, NULL, 445, 4),
(202, b'0', '2019-09-07', '09:00:00', 0, NULL, 445, 4),
(203, b'0', '2019-12-04', '09:00:00', 0, NULL, 445, 4),
(204, b'0', '2019-08-08', '10:00:00', 0, NULL, 445, 4),
(205, b'0', '2019-10-29', '09:00:00', 0, NULL, 445, 4),
(206, b'0', '2020-03-25', '09:00:00', 0, NULL, 445, 4),
(207, b'0', '2020-09-27', '09:00:00', 0, NULL, 445, 4),
(208, b'0', '2020-04-09', '09:00:00', 0, NULL, 445, 4),
(209, b'0', '2019-11-08', '09:00:00', 0, NULL, 445, 4),
(210, b'0', '2019-11-14', '09:00:00', 0, NULL, 445, 4),
(211, b'0', '2020-10-31', '09:00:00', 0, NULL, 445, 4),
(212, b'0', '2021-01-15', '09:00:00', 0, NULL, 445, 4),
(213, b'1', '2020-11-06', '09:00:00', 50, 19, 445, 4),
(214, b'0', '2019-09-18', '09:00:00', 0, NULL, 445, 4),
(215, b'0', '2019-12-17', '09:00:00', 0, NULL, 445, 4),
(216, b'0', '2020-06-18', '09:00:00', 0, NULL, 445, 4),
(217, b'0', '2019-08-02', '09:00:00', 0, NULL, 445, 4),
(218, b'0', '2020-03-14', '09:00:00', 0, NULL, 445, 4),
(219, b'0', '2020-03-20', '09:00:00', 0, NULL, 445, 4),
(220, b'0', '2019-11-16', '09:00:00', 0, NULL, 445, 4),
(221, b'0', '2019-08-07', '09:00:00', 0, NULL, 445, 4),
(222, b'0', '2019-09-16', '09:00:00', 0, NULL, 445, 4),
(223, b'0', '2020-10-20', '09:00:00', 0, NULL, 445, 4),
(224, b'0', '2020-08-08', '09:00:00', 0, NULL, 445, 4),
(225, b'0', '2020-08-13', '09:00:00', 0, NULL, 445, 4),
(226, b'0', '2019-09-10', '09:00:00', 0, NULL, 445, 4),
(227, b'1', '2020-12-26', '09:00:00', 50, 20, 445, 4),
(228, b'0', '2020-02-15', '09:00:00', 0, NULL, 445, 4),
(229, b'0', '2020-10-13', '09:00:00', 0, NULL, 445, 4),
(230, b'0', '2020-07-24', '09:00:00', 0, NULL, 445, 4),
(231, b'0', '2020-09-24', '09:00:00', 0, NULL, 445, 4),
(232, b'0', '2019-10-23', '09:00:00', 0, NULL, 445, 4),
(233, b'0', '2020-07-06', '10:00:00', 0, NULL, 445, 4),
(234, b'0', '2020-05-04', '09:00:00', 0, NULL, 445, 4),
(235, b'0', '2019-12-29', '09:00:00', 0, NULL, 445, 4),
(236, b'0', '2019-09-17', '09:00:00', 0, NULL, 445, 4),
(237, b'0', '2020-05-17', '09:00:00', 0, NULL, 445, 4),
(238, b'0', '2019-11-27', '09:00:00', 0, NULL, 445, 4),
(239, b'0', '2019-10-03', '09:00:00', 0, NULL, 445, 4),
(240, b'0', '2020-05-30', '09:00:00', 0, NULL, 445, 4),
(241, b'0', '2019-08-28', '09:00:00', 0, NULL, 445, 4),
(242, b'0', '2020-03-05', '09:00:00', 0, NULL, 445, 4),
(243, b'0', '2020-04-23', '09:00:00', 0, NULL, 445, 4),
(244, b'1', '2020-11-27', '09:00:00', 50, 21, 445, 4),
(245, b'0', '2020-03-20', '10:00:00', 0, NULL, 908, 4),
(246, b'0', '2020-07-16', '10:00:00', 0, NULL, 445, 4),
(247, b'0', '2020-05-08', '09:00:00', 0, NULL, 445, 4),
(248, b'0', '2020-08-31', '09:00:00', 0, NULL, 445, 4),
(249, b'0', '2020-04-14', '09:00:00', 0, NULL, 445, 4),
(250, b'0', '2020-05-31', '09:00:00', 0, NULL, 445, 4),
(251, b'0', '2020-07-07', '09:00:00', 0, NULL, 600, 6),
(252, b'0', '2020-04-08', '09:00:00', 0, NULL, 600, 6),
(253, b'0', '2020-06-20', '09:00:00', 0, NULL, 600, 6),
(254, b'1', '2020-12-06', '09:00:00', 50, 22, 600, 6),
(255, b'0', '2020-05-23', '09:00:00', 0, NULL, 600, 6),
(256, b'0', '2020-01-28', '09:00:00', 0, NULL, 600, 6),
(257, b'0', '2020-03-05', '09:00:00', 0, NULL, 600, 6),
(258, b'0', '2021-01-27', '09:00:00', 0, NULL, 600, 6),
(259, b'0', '2019-09-23', '09:00:00', 0, NULL, 600, 6),
(260, b'0', '2020-06-21', '09:00:00', 0, NULL, 600, 6),
(261, b'0', '2019-11-09', '09:00:00', 0, NULL, 600, 6),
(262, b'0', '2020-04-06', '09:00:00', 0, NULL, 600, 6),
(263, b'0', '2019-11-21', '10:00:00', 0, NULL, 553, 6),
(264, b'0', '2020-06-27', '09:00:00', 0, NULL, 600, 6),
(265, b'0', '2020-01-28', '10:00:00', 0, NULL, 577, 6),
(266, b'0', '2019-08-19', '09:00:00', 0, NULL, 600, 6),
(267, b'0', '2020-09-21', '09:00:00', 0, NULL, 600, 6),
(268, b'0', '2020-09-03', '09:00:00', 0, NULL, 600, 6),
(269, b'0', '2019-12-24', '09:00:00', 0, NULL, 600, 6),
(270, b'0', '2019-11-13', '09:00:00', 0, NULL, 600, 6),
(271, b'0', '2019-09-24', '09:00:00', 0, NULL, 600, 6),
(272, b'0', '2020-08-10', '09:00:00', 0, NULL, 600, 6),
(273, b'0', '2020-10-10', '09:00:00', 0, NULL, 600, 6),
(274, b'0', '2020-04-09', '09:00:00', 0, NULL, 600, 6),
(275, b'0', '2020-10-17', '09:00:00', 0, NULL, 600, 6),
(276, b'0', '2019-11-21', '09:00:00', 0, NULL, 600, 6),
(277, b'0', '2019-08-14', '09:00:00', 0, NULL, 600, 6),
(278, b'0', '2021-02-10', '09:00:00', 0, NULL, 600, 6),
(279, b'0', '2019-09-16', '09:00:00', 0, NULL, 600, 6),
(280, b'0', '2020-06-11', '09:00:00', 0, NULL, 600, 6),
(281, b'0', '2019-12-17', '09:00:00', 0, NULL, 600, 6),
(282, b'0', '2019-11-09', '10:00:00', 0, NULL, 553, 6),
(283, b'0', '2020-02-23', '09:00:00', 0, NULL, 600, 6),
(284, b'0', '2020-03-03', '09:00:00', 0, NULL, 600, 6),
(285, b'0', '2019-10-01', '09:00:00', 0, NULL, 600, 6),
(286, b'0', '2019-10-15', '09:00:00', 0, NULL, 600, 6),
(287, b'0', '2020-05-02', '09:00:00', 0, NULL, 600, 6),
(288, b'0', '2019-09-06', '09:00:00', 0, NULL, 600, 6),
(289, b'0', '2019-07-05', '09:00:00', 0, NULL, 600, 6),
(290, b'0', '2019-07-09', '09:00:00', 0, NULL, 600, 6),
(291, b'0', '2020-10-12', '09:00:00', 0, NULL, 600, 6),
(292, b'0', '2020-03-16', '09:00:00', 0, NULL, 600, 6),
(293, b'0', '2020-10-18', '09:00:00', 0, NULL, 600, 6),
(294, b'0', '2019-08-18', '09:00:00', 0, NULL, 600, 6),
(295, b'0', '2019-07-11', '10:00:00', 0, NULL, 570, 6),
(296, b'0', '2020-06-26', '09:00:00', 0, NULL, 600, 6),
(297, b'1', '2020-11-13', '09:00:00', 50, 23, 600, 6),
(298, b'0', '2020-06-03', '09:00:00', 0, NULL, 600, 6),
(299, b'1', '2020-12-14', '09:00:00', 50, 24, 600, 6),
(300, b'0', '2019-07-17', '09:00:00', 0, NULL, 600, 6),
(301, b'0', '2020-03-26', '09:00:00', 0, NULL, 600, 6),
(302, b'0', '2020-09-07', '09:00:00', 0, NULL, 600, 6),
(303, b'0', '2019-07-11', '09:00:00', 0, NULL, 600, 6),
(304, b'0', '2019-08-04', '09:00:00', 0, NULL, 600, 6),
(305, b'0', '2019-08-25', '09:00:00', 0, NULL, 600, 6),
(306, b'0', '2019-11-03', '09:00:00', 0, NULL, 600, 6),
(307, b'0', '2019-10-24', '09:00:00', 0, NULL, 600, 6),
(308, b'0', '2020-02-05', '09:00:00', 0, NULL, 600, 6),
(309, b'1', '2021-01-01', '09:00:00', 50, 25, 600, 6),
(310, b'0', '2020-01-07', '09:00:00', 0, NULL, 600, 6),
(311, b'0', '2020-08-31', '09:00:00', 0, NULL, 600, 6),
(312, b'0', '2020-07-16', '09:00:00', 0, NULL, 600, 6),
(313, b'0', '2021-01-18', '09:00:00', 0, NULL, 600, 6),
(314, b'0', '2020-06-25', '09:00:00', 0, NULL, 600, 6),
(315, b'0', '2020-01-16', '09:00:00', 0, NULL, 600, 6),
(316, b'1', '2020-12-16', '09:00:00', 50, 26, 600, 6),
(317, b'0', '2020-10-27', '10:00:00', 0, NULL, 570, 6),
(318, b'0', '2019-10-14', '09:00:00', 0, NULL, 600, 6),
(319, b'0', '2019-08-24', '09:00:00', 0, NULL, 600, 6),
(320, b'0', '2021-02-05', '09:00:00', 0, NULL, 600, 6),
(321, b'1', '2020-11-22', '09:00:00', 50, 27, 600, 6),
(322, b'0', '2020-10-27', '09:00:00', 0, NULL, 600, 6),
(323, b'0', '2020-10-19', '09:00:00', 0, NULL, 600, 6),
(324, b'0', '2020-04-18', '09:00:00', 0, NULL, 600, 6),
(325, b'0', '2019-10-30', '09:00:00', 0, NULL, 600, 6),
(326, b'0', '2020-07-25', '09:00:00', 0, NULL, 600, 6),
(327, b'1', '2020-11-04', '09:00:00', 50, 28, 600, 6),
(328, b'1', '2020-12-30', '10:00:00', 50, 29, 577, 6),
(329, b'0', '2020-02-08', '09:00:00', 0, NULL, 600, 6),
(330, b'0', '2021-02-05', '10:00:00', 0, NULL, 553, 6),
(331, b'0', '2020-07-20', '09:00:00', 0, NULL, 600, 6),
(332, b'0', '2021-02-01', '09:00:00', 0, NULL, 600, 6),
(333, b'0', '2019-11-26', '09:00:00', 0, NULL, 600, 6),
(334, b'0', '2020-10-31', '09:00:00', 0, NULL, 600, 6),
(335, b'0', '2020-03-18', '09:00:00', 0, NULL, 600, 6),
(336, b'0', '2020-06-23', '09:00:00', 0, NULL, 600, 6),
(337, b'0', '2019-10-25', '09:00:00', 0, NULL, 600, 6),
(338, b'1', '2020-12-30', '09:00:00', 50, 30, 600, 6),
(339, b'0', '2020-10-15', '09:00:00', 0, NULL, 600, 6),
(340, b'0', '2020-04-16', '09:00:00', 0, NULL, 600, 6),
(341, b'0', '2020-04-21', '09:00:00', 0, NULL, 600, 6),
(342, b'0', '2020-01-21', '09:00:00', 0, NULL, 600, 6),
(343, b'0', '2020-04-26', '09:00:00', 0, NULL, 600, 6),
(344, b'0', '2020-01-15', '09:00:00', 0, NULL, 600, 6),
(345, b'0', '2020-08-19', '09:00:00', 0, NULL, 600, 6),
(346, b'0', '2020-08-09', '09:00:00', 0, NULL, 600, 6),
(347, b'0', '2020-01-11', '09:00:00', 0, NULL, 600, 6),
(348, b'0', '2021-01-20', '09:00:00', 0, NULL, 600, 6),
(349, b'0', '2020-03-26', '09:00:00', 0, NULL, 600, 6),
(350, b'1', '2021-01-10', '09:00:00', 50, 31, 600, 6),
(351, b'0', '2019-10-03', '09:00:00', 0, NULL, 600, 6),
(352, b'0', '2020-10-13', '09:00:00', 0, NULL, 600, 6),
(353, b'1', '2020-11-28', '09:00:00', 50, 32, 600, 6),
(354, b'0', '2020-02-23', '10:00:00', 0, NULL, 906, 6),
(355, b'0', '2020-05-20', '09:00:00', 0, NULL, 600, 6),
(356, b'0', '2020-01-19', '09:00:00', 0, NULL, 600, 6),
(357, b'0', '2019-10-09', '09:00:00', 0, NULL, 600, 6),
(358, b'0', '2020-07-19', '09:00:00', 0, NULL, 600, 6),
(359, b'0', '2020-05-19', '09:00:00', 0, NULL, 600, 6),
(360, b'1', '2020-12-07', '09:00:00', 50, 33, 600, 6),
(361, b'0', '2020-02-18', '09:00:00', 0, NULL, 600, 6),
(362, b'0', '2019-10-24', '10:00:00', 0, NULL, 553, 6),
(363, b'0', '2019-09-26', '09:00:00', 0, NULL, 600, 6),
(364, b'1', '2020-11-14', '09:00:00', 50, 34, 600, 6),
(365, b'0', '2020-08-21', '09:00:00', 0, NULL, 600, 6),
(366, b'0', '2020-07-12', '09:00:00', 0, NULL, 600, 6),
(367, b'0', '2019-11-06', '09:00:00', 0, NULL, 600, 6),
(368, b'0', '2019-08-28', '09:00:00', 0, NULL, 600, 6),
(369, b'0', '2020-10-30', '10:00:00', 0, NULL, 600, 6),
(370, b'1', '2020-11-30', '09:00:00', 50, 35, 600, 6),
(371, b'0', '2021-01-21', '09:00:00', 0, NULL, 600, 6),
(372, b'0', '2019-10-07', '09:00:00', 0, NULL, 600, 6),
(373, b'0', '2020-06-09', '09:00:00', 0, NULL, 600, 6),
(374, b'0', '2020-01-06', '09:00:00', 0, NULL, 600, 6),
(375, b'0', '2019-09-22', '09:00:00', 0, NULL, 600, 6),
(376, b'0', '2020-06-27', '10:00:00', 0, NULL, 548, 6),
(377, b'0', '2020-09-22', '09:00:00', 0, NULL, 600, 6),
(378, b'0', '2020-10-06', '09:00:00', 0, NULL, 600, 6),
(379, b'0', '2019-08-23', '09:00:00', 0, NULL, 600, 6),
(380, b'0', '2020-03-20', '09:00:00', 0, NULL, 600, 6),
(381, b'0', '2020-02-26', '10:00:00', 0, NULL, 553, 6),
(382, b'0', '2019-11-28', '09:00:00', 0, NULL, 600, 6),
(383, b'0', '2019-12-07', '09:00:00', 0, NULL, 600, 6),
(384, b'0', '2020-04-25', '09:00:00', 0, NULL, 600, 6),
(385, b'0', '2019-11-07', '09:00:00', 0, NULL, 600, 6),
(386, b'0', '2020-05-26', '09:00:00', 0, NULL, 600, 6),
(387, b'1', '2020-12-23', '09:00:00', 50, 36, 600, 6),
(388, b'0', '2020-02-26', '09:00:00', 0, NULL, 600, 6),
(389, b'0', '2019-11-08', '09:00:00', 0, NULL, 600, 6),
(390, b'0', '2019-12-30', '09:00:00', 0, NULL, 570, 6),
(391, b'1', '2020-12-20', '09:00:00', 50, 37, 570, 6),
(392, b'0', '2020-05-11', '09:00:00', 0, NULL, 570, 6),
(393, b'0', '2020-10-25', '09:00:00', 0, NULL, 570, 6),
(394, b'0', '2019-11-19', '09:00:00', 0, NULL, 570, 6),
(395, b'0', '2020-11-01', '09:00:00', 0, NULL, 570, 6),
(396, b'1', '2020-12-22', '09:00:00', 50, 38, 570, 6),
(397, b'0', '2019-12-23', '09:00:00', 0, NULL, 570, 6),
(398, b'0', '2020-07-21', '09:00:00', 0, NULL, 570, 6),
(399, b'0', '2019-08-29', '09:00:00', 0, NULL, 570, 6),
(400, b'0', '2020-10-30', '09:00:00', 0, NULL, 570, 6),
(401, b'0', '2020-06-26', '09:00:00', 0, NULL, 727, 2),
(402, b'0', '2019-07-12', '09:00:00', 0, NULL, 727, 2),
(403, b'0', '2019-10-10', '09:00:00', 0, NULL, 727, 2),
(404, b'0', '2020-09-05', '09:00:00', 0, NULL, 727, 2),
(405, b'0', '2020-04-13', '09:00:00', 0, NULL, 727, 2),
(406, b'0', '2020-01-23', '09:00:00', 0, NULL, 727, 2),
(407, b'0', '2019-12-24', '09:00:00', 0, NULL, 727, 2),
(408, b'0', '2020-09-30', '09:00:00', 0, NULL, 727, 2),
(409, b'0', '2019-10-15', '09:00:00', 0, NULL, 727, 2),
(410, b'0', '2021-02-02', '09:00:00', 0, NULL, 727, 2),
(411, b'0', '2019-09-14', '09:00:00', 0, NULL, 727, 2),
(412, b'0', '2019-12-27', '09:00:00', 0, NULL, 727, 2),
(413, b'0', '2019-12-03', '09:00:00', 0, NULL, 727, 2),
(414, b'0', '2020-10-31', '09:00:00', 0, NULL, 727, 2),
(415, b'0', '2020-02-17', '10:00:00', 0, NULL, 727, 2),
(416, b'0', '2020-01-25', '09:00:00', 0, NULL, 727, 2),
(417, b'0', '2020-01-19', '09:00:00', 0, NULL, 727, 2),
(418, b'1', '2020-12-09', '10:00:00', 50, 39, 727, 2),
(419, b'1', '2020-11-09', '09:00:00', 50, 40, 727, 2),
(420, b'0', '2020-09-26', '09:00:00', 0, NULL, 727, 2),
(421, b'0', '2020-06-19', '10:00:00', 0, NULL, 71, 2),
(422, b'0', '2020-04-18', '10:00:00', 0, NULL, 727, 2),
(423, b'0', '2020-05-03', '10:00:00', 0, NULL, 71, 2),
(424, b'0', '2020-03-29', '10:00:00', 0, NULL, 727, 2),
(425, b'1', '2021-01-02', '09:00:00', 50, 41, 727, 2),
(426, b'0', '2019-11-25', '09:00:00', 0, NULL, 727, 2),
(427, b'0', '2020-10-03', '09:00:00', 0, NULL, 727, 2),
(428, b'0', '2021-02-06', '09:00:00', 0, NULL, 727, 2),
(429, b'0', '2019-12-25', '09:00:00', 0, NULL, 727, 2),
(430, b'0', '2019-12-28', '09:00:00', 0, NULL, 727, 2),
(431, b'0', '2020-05-14', '09:00:00', 0, NULL, 727, 2),
(432, b'0', '2020-05-28', '09:00:00', 0, NULL, 727, 2),
(433, b'0', '2019-11-06', '09:00:00', 0, NULL, 727, 2),
(434, b'0', '2019-07-12', '10:00:00', 0, NULL, 41, 2),
(435, b'1', '2020-12-11', '09:00:00', 50, 42, 727, 2),
(436, b'0', '2019-11-05', '09:00:00', 0, NULL, 727, 2),
(437, b'0', '2020-08-26', '10:00:00', 0, NULL, 727, 2),
(438, b'0', '2021-01-21', '10:00:00', 0, NULL, 727, 2),
(439, b'0', '2020-02-17', '09:00:00', 0, NULL, 71, 2),
(440, b'0', '2020-09-09', '09:00:00', 0, NULL, 727, 2),
(441, b'0', '2020-06-19', '09:00:00', 0, NULL, 727, 2),
(442, b'0', '2019-10-29', '09:00:00', 0, NULL, 727, 2),
(443, b'0', '2019-12-17', '09:00:00', 0, NULL, 727, 2),
(444, b'0', '2020-03-02', '09:00:00', 0, NULL, 727, 2),
(445, b'0', '2019-10-04', '09:00:00', 0, NULL, 727, 2),
(446, b'0', '2020-10-28', '09:00:00', 0, NULL, 727, 2),
(447, b'0', '2020-04-16', '09:00:00', 0, NULL, 727, 2),
(448, b'0', '2020-03-03', '09:00:00', 0, NULL, 727, 2),
(449, b'0', '2019-08-25', '09:00:00', 0, NULL, 727, 2),
(450, b'0', '2020-09-14', '09:00:00', 0, NULL, 727, 2),
(451, b'0', '2019-11-05', '09:00:00', 0, NULL, 727, 2),
(452, b'0', '2021-01-20', '09:00:00', 0, NULL, 727, 2),
(453, b'0', '2020-08-27', '09:00:00', 0, NULL, 727, 2),
(454, b'0', '2019-10-06', '09:00:00', 0, NULL, 727, 2),
(455, b'0', '2020-08-15', '10:00:00', 0, NULL, 71, 2),
(456, b'0', '2019-07-04', '09:00:00', 0, NULL, 727, 2),
(457, b'0', '2019-09-10', '10:00:00', 0, NULL, 727, 2),
(458, b'0', '2019-10-30', '10:00:00', 0, NULL, 727, 2),
(459, b'0', '2020-05-25', '09:00:00', 0, NULL, 727, 2),
(460, b'0', '2019-12-08', '09:00:00', 0, NULL, 727, 2),
(461, b'0', '2021-01-26', '09:00:00', 0, NULL, 727, 2),
(462, b'0', '2019-11-16', '09:00:00', 0, NULL, 727, 2),
(463, b'0', '2019-11-22', '09:00:00', 0, NULL, 727, 2),
(464, b'0', '2021-02-03', '09:00:00', 0, NULL, 727, 2),
(465, b'0', '2019-12-28', '09:00:00', 0, NULL, 71, 2),
(466, b'0', '2019-11-20', '09:00:00', 0, NULL, 727, 2),
(467, b'0', '2020-07-11', '09:00:00', 0, NULL, 727, 2),
(468, b'0', '2020-02-25', '09:00:00', 0, NULL, 727, 2),
(469, b'0', '2019-12-03', '10:00:00', 0, NULL, 41, 2),
(470, b'0', '2020-09-17', '09:00:00', 0, NULL, 727, 2),
(471, b'0', '2020-01-22', '09:00:00', 0, NULL, 727, 2),
(472, b'0', '2020-02-27', '09:00:00', 0, NULL, 727, 2),
(473, b'0', '2020-04-14', '09:00:00', 0, NULL, 727, 2),
(474, b'0', '2020-02-25', '10:00:00', 0, NULL, 71, 2),
(475, b'0', '2019-10-16', '09:00:00', 0, NULL, 727, 2),
(476, b'0', '2019-09-05', '09:00:00', 0, NULL, 727, 2),
(477, b'0', '2019-07-25', '11:00:00', 0, NULL, 727, 2),
(478, b'0', '2019-10-08', '09:00:00', 0, NULL, 727, 2),
(479, b'0', '2019-10-22', '09:00:00', 0, NULL, 727, 2),
(480, b'0', '2020-03-31', '10:00:00', 0, NULL, 727, 2),
(481, b'0', '2020-06-21', '09:00:00', 0, NULL, 727, 2),
(482, b'0', '2020-07-02', '09:00:00', 0, NULL, 727, 2),
(483, b'0', '2020-05-03', '09:00:00', 0, NULL, 727, 2),
(484, b'1', '2020-12-03', '09:00:00', 50, 43, 727, 2),
(485, b'0', '2020-08-04', '09:00:00', 0, NULL, 727, 2),
(486, b'0', '2020-01-02', '09:00:00', 0, NULL, 727, 2),
(487, b'1', '2020-12-11', '10:00:00', 50, 44, 316, 2),
(489, b'0', '2019-11-07', '09:00:00', 0, NULL, 727, 2),
(490, b'0', '2020-04-08', '09:00:00', 0, NULL, 727, 2),
(491, b'0', '2019-09-15', '09:00:00', 0, NULL, 727, 2),
(492, b'0', '2020-01-30', '10:00:00', 0, NULL, 727, 2),
(493, b'1', '2020-11-15', '09:00:00', 50, 45, 727, 2),
(494, b'0', '2019-08-20', '09:00:00', 0, NULL, 727, 2),
(495, b'0', '2019-11-29', '09:00:00', 0, NULL, 727, 2),
(496, b'0', '2020-09-14', '10:00:00', 0, NULL, 412, 2),
(497, b'0', '2020-01-06', '09:00:00', 0, NULL, 727, 2),
(498, b'0', '2019-12-13', '09:00:00', 0, NULL, 727, 2),
(499, b'0', '2019-08-24', '09:00:00', 0, NULL, 727, 2),
(500, b'0', '2020-02-16', '09:00:00', 0, NULL, 727, 2),
(501, b'0', '2020-07-16', '09:00:00', 0, NULL, 836, 4),
(502, b'0', '2019-11-17', '09:00:00', 0, NULL, 836, 4),
(503, b'0', '2020-04-13', '09:00:00', 0, NULL, 836, 4),
(504, b'1', '2021-01-08', '09:00:00', 50, 46, 836, 4),
(505, b'0', '2020-07-06', '09:00:00', 0, NULL, 836, 4),
(506, b'0', '2020-09-18', '09:00:00', 0, NULL, 773, 4),
(507, b'0', '2019-12-28', '09:00:00', 0, NULL, 836, 4),
(508, b'0', '2021-02-01', '09:00:00', 0, NULL, 836, 4),
(509, b'0', '2020-03-04', '09:00:00', 0, NULL, 836, 4),
(510, b'0', '2019-11-05', '09:00:00', 0, NULL, 836, 4),
(511, b'0', '2020-10-12', '09:00:00', 0, NULL, 836, 4),
(512, b'0', '2020-08-10', '11:00:00', 0, NULL, 908, 4),
(513, b'0', '2020-06-26', '09:00:00', 0, NULL, 836, 4),
(514, b'1', '2020-12-18', '09:00:00', 50, 47, 836, 4),
(515, b'0', '2021-01-18', '09:00:00', 0, NULL, 836, 4),
(516, b'0', '2019-12-13', '10:00:00', 0, NULL, 908, 4),
(517, b'0', '2020-09-02', '09:00:00', 0, NULL, 836, 4),
(518, b'1', '2020-11-04', '09:00:00', 50, 48, 836, 4),
(519, b'1', '2020-11-05', '09:00:00', 50, 49, 836, 4),
(520, b'0', '2020-09-14', '09:00:00', 0, NULL, 836, 4),
(521, b'0', '2020-10-27', '10:00:00', 0, NULL, 445, 4),
(522, b'0', '2019-11-05', '10:00:00', 0, NULL, 908, 4),
(523, b'0', '2021-01-18', '17:00:00', 0, NULL, 836, 4),
(524, b'0', '2019-12-19', '10:00:00', 0, NULL, 908, 4),
(525, b'0', '2020-06-17', '09:00:00', 0, NULL, 836, 4),
(526, b'0', '2020-02-04', '09:00:00', 0, NULL, 836, 4),
(527, b'0', '2021-01-24', '09:00:00', 0, NULL, 836, 4),
(528, b'0', '2020-01-29', '09:00:00', 0, NULL, 836, 4),
(529, b'0', '2021-01-18', '11:00:00', 0, NULL, 836, 4),
(530, b'0', '2019-08-19', '10:00:00', 0, NULL, 836, 4),
(531, b'0', '2019-08-11', '09:00:00', 0, NULL, 836, 4),
(532, b'0', '2020-05-18', '09:00:00', 0, NULL, 836, 4),
(533, b'0', '2019-08-03', '09:00:00', 0, NULL, 836, 4),
(534, b'0', '2020-02-03', '09:00:00', 0, NULL, 836, 4),
(535, b'0', '2020-07-26', '09:00:00', 0, NULL, 836, 4),
(536, b'0', '2020-02-19', '09:00:00', 0, NULL, 836, 4),
(537, b'0', '2019-09-20', '09:00:00', 0, NULL, 836, 4),
(538, b'0', '2020-10-26', '09:00:00', 0, NULL, 836, 4),
(539, b'0', '2019-09-21', '10:00:00', 0, NULL, 908, 4),
(540, b'0', '2021-02-13', '10:00:00', 0, NULL, 473, 4),
(541, b'0', '2020-05-04', '10:00:00', 0, NULL, 836, 4),
(542, b'0', '2019-08-06', '09:00:00', 0, NULL, 836, 4),
(543, b'1', '2020-11-09', '09:00:00', 50, 50, 836, 4),
(544, b'0', '2021-01-18', '10:00:00', 0, NULL, 473, 4),
(545, b'0', '2020-10-23', '09:00:00', 0, NULL, 836, 4),
(546, b'0', '2019-12-14', '09:00:00', 0, NULL, 836, 4),
(547, b'0', '2020-10-27', '09:00:00', 0, NULL, 836, 4),
(548, b'0', '2020-06-11', '09:00:00', 0, NULL, 836, 4),
(549, b'0', '2019-11-09', '09:00:00', 0, NULL, 836, 4),
(550, b'0', '2019-09-15', '10:00:00', 0, NULL, 908, 4),
(551, b'0', '2019-10-09', '09:00:00', 0, NULL, 836, 4),
(552, b'1', '2020-12-15', '09:00:00', 50, 51, 836, 4),
(553, b'0', '2020-04-21', '09:00:00', 0, NULL, 836, 4),
(554, b'0', '2020-03-09', '09:00:00', 0, NULL, 836, 4),
(555, b'0', '2020-01-11', '09:00:00', 0, NULL, 836, 4),
(556, b'0', '2020-10-29', '09:00:00', 0, NULL, 836, 4),
(557, b'0', '2020-05-22', '09:00:00', 0, NULL, 836, 4),
(558, b'0', '2020-08-15', '09:00:00', 0, NULL, 836, 4),
(559, b'0', '2021-01-18', '18:00:00', 0, NULL, 836, 4),
(560, b'0', '2020-02-12', '09:00:00', 0, NULL, 836, 4),
(561, b'0', '2020-08-22', '09:00:00', 0, NULL, 836, 4),
(562, b'0', '2020-06-06', '09:00:00', 0, NULL, 836, 4),
(563, b'0', '2019-10-23', '10:00:00', 0, NULL, 836, 4),
(564, b'0', '2020-06-06', '10:00:00', 0, NULL, 908, 4),
(565, b'1', '2020-12-06', '10:00:00', 50, 52, 445, 4),
(566, b'0', '2020-07-08', '09:00:00', 0, NULL, 836, 4),
(567, b'0', '2020-09-22', '09:00:00', 0, NULL, 836, 4),
(568, b'0', '2020-02-21', '09:00:00', 0, NULL, 836, 4),
(569, b'0', '2019-09-27', '09:00:00', 0, NULL, 836, 4),
(570, b'0', '2021-02-11', '09:00:00', 0, NULL, 836, 4),
(571, b'1', '2020-11-20', '10:00:00', 50, 53, 487, 4),
(572, b'0', '2021-02-13', '09:00:00', 0, NULL, 836, 4),
(573, b'1', '2020-11-20', '09:00:00', 50, 54, 836, 4),
(574, b'0', '2020-06-28', '09:00:00', 0, NULL, 836, 4),
(575, b'0', '2021-01-31', '09:00:00', 0, NULL, 836, 4),
(576, b'0', '2020-09-18', '10:00:00', 0, NULL, 836, 4),
(577, b'0', '2020-03-13', '09:00:00', 0, NULL, 836, 4),
(578, b'0', '2020-04-30', '09:00:00', 0, NULL, 836, 4),
(579, b'0', '2019-07-04', '09:00:00', 0, NULL, 836, 4),
(580, b'0', '2020-07-27', '09:00:00', 0, NULL, 836, 4),
(581, b'1', '2020-11-19', '09:00:00', 50, 55, 836, 4),
(582, b'0', '2020-05-23', '09:00:00', 0, NULL, 836, 4),
(583, b'0', '2020-04-21', '10:00:00', 0, NULL, 908, 4),
(584, b'0', '2019-12-13', '09:00:00', 0, NULL, 836, 4),
(585, b'0', '2019-09-30', '09:00:00', 0, NULL, 836, 4),
(586, b'0', '2020-04-02', '09:00:00', 0, NULL, 836, 4),
(587, b'1', '2020-11-18', '09:00:00', 50, 56, 836, 4),
(588, b'0', '2020-08-10', '10:00:00', 0, NULL, 773, 4),
(589, b'0', '2020-10-20', '10:00:00', 0, NULL, 836, 4),
(590, b'0', '2020-05-16', '09:00:00', 0, NULL, 836, 4),
(591, b'0', '2020-08-29', '09:00:00', 0, NULL, 836, 4),
(592, b'0', '2020-07-19', '09:00:00', 0, NULL, 836, 4),
(593, b'0', '2020-01-28', '09:00:00', 0, NULL, 836, 4),
(594, b'0', '2019-11-16', '10:00:00', 0, NULL, 836, 4),
(595, b'0', '2019-08-18', '09:00:00', 0, NULL, 836, 4),
(596, b'0', '2020-06-28', '10:00:00', 0, NULL, 908, 4),
(597, b'0', '2020-02-13', '09:00:00', 0, NULL, 836, 4),
(598, b'0', '2020-01-21', '09:00:00', 0, NULL, 836, 4),
(599, b'1', '2021-01-16', '09:00:00', 40, 57, 836, 4),
(600, b'0', '2019-08-08', '09:00:00', 0, NULL, 836, 4),
(601, b'0', '2020-08-13', '10:00:00', 0, NULL, 836, 4),
(602, b'0', '2020-08-20', '09:00:00', 0, NULL, 836, 4),
(603, b'0', '2020-04-12', '09:00:00', 0, NULL, 836, 4),
(604, b'1', '2020-12-11', '09:00:00', 50, 58, 836, 4),
(605, b'0', '2020-08-30', '09:00:00', 0, NULL, 836, 4),
(606, b'0', '2019-07-30', '10:00:00', 0, NULL, 836, 4),
(607, b'0', '2019-07-27', '09:00:00', 0, NULL, 836, 4),
(608, b'0', '2019-07-19', '09:00:00', 0, NULL, 836, 4),
(609, b'0', '2020-02-12', '10:00:00', 0, NULL, 908, 4),
(610, b'0', '2019-10-27', '09:00:00', 0, NULL, 836, 4),
(611, b'0', '2020-07-09', '10:00:00', 0, NULL, 908, 4),
(612, b'0', '2019-09-18', '10:00:00', 0, NULL, 836, 4),
(613, b'0', '2019-12-07', '09:00:00', 0, NULL, 836, 4),
(614, b'1', '2020-11-24', '09:00:00', 50, 59, 836, 4),
(615, b'1', '2020-11-27', '10:00:00', 50, 60, 836, 4),
(616, b'0', '2021-02-04', '09:00:00', 0, NULL, 836, 4),
(617, b'0', '2020-06-02', '09:00:00', 0, NULL, 836, 4),
(618, b'0', '2020-09-12', '09:00:00', 0, NULL, 836, 4),
(619, b'1', '2020-12-06', '09:00:00', 50, 61, 836, 4),
(620, b'0', '2019-07-31', '09:00:00', 0, NULL, 836, 4),
(621, b'0', '2019-11-19', '09:00:00', 0, NULL, 836, 4),
(622, b'1', '2020-12-17', '09:00:00', 50, 62, 836, 4),
(623, b'0', '2020-07-09', '09:00:00', 0, NULL, 836, 4),
(624, b'1', '2020-11-23', '09:00:00', 50, 63, 836, 4),
(625, b'0', '2021-01-30', '10:00:00', 0, NULL, 473, 4),
(626, b'0', '2020-04-28', '09:00:00', 0, NULL, 836, 4),
(627, b'0', '2020-04-12', '09:00:00', 0, NULL, 836, 4),
(628, b'0', '2020-01-10', '09:00:00', 0, NULL, 836, 4),
(629, b'0', '2020-02-24', '09:00:00', 0, NULL, 836, 4),
(630, b'0', '2020-07-03', '10:00:00', 0, NULL, 836, 4),
(631, b'0', '2020-09-30', '09:00:00', 0, NULL, 487, 4),
(632, b'0', '2020-03-16', '09:00:00', 0, NULL, 836, 4),
(633, b'0', '2021-02-09', '09:00:00', 0, NULL, 836, 4),
(634, b'0', '2020-04-03', '09:00:00', 0, NULL, 836, 4),
(635, b'0', '2019-07-21', '09:00:00', 0, NULL, 836, 4),
(636, b'0', '2020-03-23', '09:00:00', 0, NULL, 836, 4),
(637, b'0', '2020-08-15', '10:00:00', 0, NULL, 473, 4),
(638, b'0', '2020-01-14', '09:00:00', 0, NULL, 836, 4),
(639, b'0', '2020-01-27', '09:00:00', 0, NULL, 836, 4),
(640, b'1', '2020-11-20', '11:00:00', 50, 64, 445, 4),
(641, b'0', '2020-01-10', '10:00:00', 0, NULL, 908, 4),
(642, b'0', '2020-08-03', '09:00:00', 0, NULL, 836, 4),
(643, b'0', '2021-02-11', '10:00:00', 0, NULL, 473, 4),
(644, b'1', '2021-01-13', '09:00:00', 50, 65, 836, 4),
(645, b'0', '2019-09-15', '09:00:00', 0, NULL, 836, 4),
(646, b'0', '2021-01-29', '09:00:00', 0, NULL, 836, 4),
(647, b'0', '2020-06-20', '09:00:00', 0, NULL, 836, 4),
(648, b'0', '2019-09-08', '09:00:00', 0, NULL, 836, 4),
(649, b'0', '2020-06-25', '09:00:00', 0, NULL, 836, 4),
(650, b'0', '2020-09-10', '10:00:00', 0, NULL, 908, 4),
(651, b'1', '2020-12-14', '09:00:00', 50, 66, 836, 4),
(652, b'0', '2020-06-30', '09:00:00', 0, NULL, 836, 4),
(653, b'0', '2020-07-05', '09:00:00', 0, NULL, 836, 4),
(654, b'0', '2020-09-18', '11:00:00', 0, NULL, 908, 4),
(655, b'1', '2020-12-30', '09:00:00', 50, 67, 836, 4),
(656, b'0', '2020-08-10', '09:00:00', 0, NULL, 836, 4),
(657, b'0', '2020-08-26', '09:00:00', 0, NULL, 836, 4),
(658, b'0', '2020-06-23', '09:00:00', 0, NULL, 836, 4),
(659, b'1', '2020-11-16', '09:00:00', 50, 68, 836, 4),
(660, b'0', '2019-09-25', '10:00:00', 0, NULL, 836, 4),
(661, b'0', '2019-09-19', '09:00:00', 0, NULL, 836, 4),
(662, b'0', '2019-10-11', '10:00:00', 0, NULL, 908, 4),
(663, b'0', '2019-10-11', '09:00:00', 0, NULL, 836, 4),
(664, b'0', '2019-08-09', '09:00:00', 0, NULL, 836, 4),
(665, b'0', '2020-06-09', '09:00:00', 0, NULL, 836, 4),
(666, b'0', '2020-10-21', '09:00:00', 0, NULL, 836, 4),
(667, b'0', '2020-01-07', '09:00:00', 0, NULL, 836, 4),
(668, b'0', '2019-12-19', '09:00:00', 0, NULL, 836, 4),
(669, b'0', '2021-01-17', '09:00:00', 0, NULL, 836, 4),
(670, b'0', '2019-12-03', '09:00:00', 0, NULL, 836, 4),
(671, b'0', '2020-02-15', '10:00:00', 0, NULL, 836, 4),
(672, b'1', '2020-12-09', '09:00:00', 50, 69, 836, 4),
(673, b'0', '2020-09-06', '09:00:00', 0, NULL, 836, 4),
(674, b'0', '2020-05-01', '09:00:00', 0, NULL, 836, 4),
(675, b'0', '2019-09-23', '09:00:00', 0, NULL, 836, 4),
(676, b'1', '2020-12-22', '09:00:00', 50, 70, 836, 4),
(677, b'0', '2019-09-25', '09:00:00', 0, NULL, 908, 4),
(678, b'1', '2020-11-29', '09:00:00', 50, 71, 836, 4),
(679, b'0', '2020-02-19', '10:00:00', 0, NULL, 908, 4),
(680, b'0', '2020-05-19', '09:00:00', 0, NULL, 836, 4),
(681, b'1', '2020-12-16', '09:00:00', 50, 72, 836, 4),
(682, b'0', '2020-09-03', '09:00:00', 0, NULL, 836, 4),
(683, b'0', '2020-01-04', '09:00:00', 0, NULL, 836, 4),
(684, b'0', '2019-10-19', '09:00:00', 0, NULL, 836, 4),
(685, b'0', '2020-01-01', '09:00:00', 0, NULL, 836, 4),
(686, b'0', '2020-05-24', '09:00:00', 0, NULL, 836, 4),
(687, b'0', '2020-03-21', '09:00:00', 0, NULL, 836, 4),
(688, b'1', '2020-12-03', '09:00:00', 50, 73, 836, 4),
(689, b'0', '2020-03-01', '09:00:00', 0, NULL, 836, 4),
(690, b'0', '2019-08-21', '09:00:00', 0, NULL, 836, 4),
(691, b'0', '2020-06-10', '10:00:00', 0, NULL, 908, 4),
(692, b'0', '2021-02-03', '09:00:00', 0, NULL, 836, 4),
(693, b'0', '2020-09-30', '10:00:00', 0, NULL, 836, 4),
(694, b'0', '2020-09-10', '09:00:00', 0, NULL, 836, 4),
(695, b'0', '2020-01-12', '09:00:00', 0, NULL, 836, 4),
(696, b'0', '2021-01-30', '09:00:00', 0, NULL, 836, 4),
(697, b'0', '2020-06-10', '09:00:00', 0, NULL, 836, 4),
(698, b'0', '2020-04-17', '09:00:00', 0, NULL, 836, 4),
(699, b'1', '2020-11-30', '09:00:00', 50, 74, 836, 4),
(700, b'0', '2020-09-19', '09:00:00', 0, NULL, 836, 4),
(701, b'1', '2020-11-13', '09:00:00', 50, 75, 836, 4),
(702, b'0', '2019-11-22', '09:00:00', 0, NULL, 836, 4),
(703, b'1', '2020-11-24', '10:00:00', 50, 76, 487, 4),
(704, b'0', '2020-03-28', '09:00:00', 0, NULL, 836, 4),
(705, b'0', '2019-12-06', '09:00:00', 0, NULL, 836, 4),
(706, b'0', '2019-08-19', '09:00:00', 0, NULL, 908, 4),
(707, b'0', '2019-12-01', '09:00:00', 0, NULL, 836, 4),
(708, b'0', '2020-08-28', '09:00:00', 0, NULL, 836, 4),
(709, b'0', '2020-01-19', '09:00:00', 0, NULL, 836, 4),
(710, b'0', '2019-12-31', '09:00:00', 0, NULL, 836, 4),
(711, b'0', '2020-07-24', '10:00:00', 0, NULL, 836, 4),
(712, b'0', '2020-01-28', '10:00:00', 0, NULL, 908, 4),
(713, b'0', '2019-12-22', '09:00:00', 0, NULL, 836, 4),
(714, b'1', '2020-11-12', '09:00:00', 50, 77, 836, 4),
(715, b'0', '2021-01-18', '14:00:00', 0, NULL, 2, 33);

-- --------------------------------------------------------

--
-- Estructura de tabla para la tabla `comunidad`
--

CREATE TABLE `comunidad` (
  `id` int(11) NOT NULL,
  `nombre` varchar(255) COLLATE utf8_spanish_ci DEFAULT NULL
) ENGINE=InnoDB DEFAULT CHARSET=utf8 COLLATE=utf8_spanish_ci;

--
-- Volcado de datos para la tabla `comunidad`
--

INSERT INTO `comunidad` (`id`, `nombre`) VALUES
(1, 'Andaluc├¡a'),
(2, 'Arag├│n'),
(3, 'Principado de Asturias');

-- --------------------------------------------------------

--
-- Estructura de tabla para la tabla `especialidad`
--

CREATE TABLE `especialidad` (
  `id` int(11) NOT NULL,
  `nombre` varchar(128) COLLATE utf8_spanish_ci DEFAULT NULL
) ENGINE=InnoDB DEFAULT CHARSET=utf8 COLLATE=utf8_spanish_ci;

--
-- Volcado de datos para la tabla `especialidad`
--

INSERT INTO `especialidad` (`id`, `nombre`) VALUES
(1, 'Alergolog├¡a'),
(2, 'Anestesiolog├¡a y reanimaci├│n'),
(3, 'Aparato digestivo'),
(4, 'Cardiolog├¡a'),
(5, 'Endocrinolog├¡a y nutrici├│n'),
(6, 'Geriatr├¡a'),
(7, 'Hematolog├¡a y hemoterapia'),
(8, 'Medicina de la educaci├│n f├¡sica y del deporte'),
(9, 'Medicina espacial'),
(10, 'Nefrolog├¡a'),
(11, 'Neumolog├¡a'),
(12, 'Neurolog├¡a'),
(13, 'Neurofisiolog├¡a Cl├¡nica'),
(14, 'Oncolog├¡a m├®dica'),
(15, 'Oncolog├¡a radioter├ípica'),
(16, 'Pediatr├¡a'),
(17, 'Psiquiatr├¡a'),
(18, 'Rehabilitaci├│n'),
(19, 'Reumatolog├¡a'),
(20, 'Medicina familiar y comunitaria');

-- --------------------------------------------------------

--
-- Estructura de tabla para la tabla `gestor`
--

CREATE TABLE `gestor` (
  `id` int(11) NOT NULL,
  `id_trabajador` int(11) DEFAULT NULL
) ENGINE=InnoDB DEFAULT CHARSET=utf8 COLLATE=utf8_spanish_ci;

-- --------------------------------------------------------

--
-- Estructura de tabla para la tabla `historial_clinico`
--

CREATE TABLE `historial_clinico` (
  `id` int(11) NOT NULL,
  `informacion_importante` varchar(255) COLLATE utf8_spanish_ci DEFAULT NULL,
  `id_paciente` int(11) DEFAULT NULL
) ENGINE=InnoDB DEFAULT CHARSET=utf8 COLLATE=utf8_spanish_ci;

--
-- Volcado de datos para la tabla `historial_clinico`
--

INSERT INTO `historial_clinico` (`id`, `informacion_importante`, `id_paciente`) VALUES
(1, 'W22', 1),
(2, 'F10180', 2),
(3, 'S92531K', 3),
(4, 'V4940XS', 4),
(5, 'S36498S', 5),
(6, 'H05243', 6),
(7, 'S36419S', 7),
(8, 'Z388', 8),
(9, 'S81839S', 9),
(10, 'Q181', 10),
(11, 'T23379D', 11),
(12, 'C408', 12),
(13, 'H5500', 13),
(14, 'S72112G', 14),
(15, 'S75202A', 15),
(16, 'H10432', 16),
(17, 'V9386', 17),
(18, 'T7421XA', 18),
(19, 'R489', 19),
(20, 'T521X4D', 20),
(21, 'M3390', 21),
(22, 'S91131D', 22),
(23, 'S52', 23),
(24, 'M84329D', 24),
(25, 'S52092J', 25),
(26, 'T602X', 26),
(27, 'S76991A', 27),
(28, 'M67422', 28),
(29, 'E10618', 29),
(30, 'M25322', 30),
(31, 'S52532B', 31),
(32, 'S225', 32),
(33, 'V80910A', 33),
(34, 'S62146G', 34),
(35, 'T367X2A', 35),
(36, 'V160XXD', 36),
(37, 'H401392', 37),
(38, 'H04322', 38),
(39, 'T41293', 39),
(40, 'S35493D', 40),
(41, 'J159', 41),
(42, 'E11628', 42),
(43, 'M4841XA', 43),
(44, 'M85539', 44),
(45, 'C9310', 45),
(46, 'D7381', 46),
(47, 'S52241F', 47),
(48, 'S86321D', 48),
(49, 'H2621', 49),
(50, 'T438X6A', 50),
(51, 'H2621', 51),
(52, 'S65492D', 52),
(53, 'S72355', 53),
(54, 'S31140A', 54),
(55, 'S99101S', 55),
(56, 'N983', 56),
(57, 'T3939', 57),
(58, 'V149XXS', 58),
(59, 'S65311D', 59),
(60, 'S02622', 60),
(61, 'T80A10D', 61),
(62, 'Z98818', 62),
(63, 'T20612', 63),
(64, 'H17', 64),
(65, 'T84120', 65),
(66, 'S32131K', 66),
(67, 'S23429A', 67),
(68, 'S61459A', 68),
(69, 'S36128', 69),
(70, 'H10502', 70),
(71, 'S35319S', 71),
(72, 'S62125P', 72),
(73, 'S52572M', 73),
(74, 'S42463B', 74),
(75, 'S6151', 75),
(76, 'S63031S', 76),
(77, 'V416XXD', 77),
(78, 'S50372', 78),
(79, 'S0104XA', 79),
(80, 'T24102A', 80),
(81, 'S91021', 81),
(82, 'S37052', 82),
(83, 'I739', 83),
(84, 'S991', 84),
(85, 'S79122D', 85),
(86, 'A381', 86),
(87, 'S70911A', 87),
(88, 'T23799', 88),
(89, 'T468X2D', 89),
(90, 'S12231S', 90),
(91, 'S53126D', 91),
(92, 'S56496S', 92),
(93, 'R4589', 93),
(94, 'S66412D', 94),
(95, 'S52242B', 95),
(96, 'F11288', 96),
(97, 'S32314S', 97),
(98, 'Z4828', 98),
(99, 'S50849D', 99),
(100, 'T533X2', 100),
(101, 'S275', 101),
(102, 'T2137XA', 102),
(103, 'S32433G', 103),
(104, 'V4394', 104),
(105, 'S61308S', 105),
(106, 'O0730', 106),
(107, 'X711', 107),
(108, 'S62126D', 108),
(109, 'C8146', 109),
(110, 'S52323Q', 110),
(111, 'S66507', 111),
(112, 'S42241K', 112),
(113, 'S42412G', 113),
(114, 'S0500XS', 114),
(115, 'V407XXS', 115),
(116, 'T24421', 116),
(117, 'S82431E', 117),
(118, 'S66526', 118),
(119, 'S90936', 119),
(120, 'S6333', 120),
(121, 'S2521', 121),
(122, 'H0411', 122),
(123, 'S91059', 123),
(124, 'M979', 124),
(125, 'T38906D', 125),
(126, 'Z950', 126),
(127, 'S72114K', 127),
(128, 'S45002', 128),
(129, 'T1720', 129),
(130, 'S62292P', 130),
(131, 'T63692', 131),
(132, 'T401X4', 132),
(133, 'S066X4A', 133),
(134, 'S92514P', 134),
(135, 'S73002A', 135),
(136, 'T25492', 136),
(137, 'S62523K', 137),
(138, 'S52372D', 138),
(139, 'S84802', 139),
(140, 'S448X2', 140),
(141, 'S79002K', 141),
(142, 'T82847', 142),
(143, 'M84522A', 143),
(144, 'S760', 144),
(145, 'M71332', 145),
(146, 'M728', 146),
(147, 'S066X1D', 147),
(148, 'M84757G', 148),
(149, 'T2140XS', 149),
(150, 'S90452A', 150),
(151, 'S82842R', 151),
(152, 'S82224G', 152),
(153, 'S72455G', 153),
(154, 'M24444', 154),
(155, 'T2131XD', 155),
(156, 'Y92530', 156),
(157, 'Z795', 157),
(158, 'S2090XA', 158),
(159, 'S35534S', 159),
(160, 'O4411', 160),
(161, 'S32002B', 161),
(162, 'G4727', 162),
(163, 'S5010', 163),
(164, 'Y271XXS', 164),
(165, 'G2561', 165),
(166, 'H47143', 166),
(167, 'I70363', 167),
(168, 'S85811D', 168),
(169, 'S49141K', 169),
(170, 'Y36241A', 170),
(171, 'S27311A', 171),
(172, 'S89199D', 172),
(173, 'M66131', 173),
(174, 'S62394P', 174),
(175, 'S42466A', 175),
(176, 'R825', 176),
(177, 'S12601D', 177),
(178, 'T8249XA', 178),
(179, 'V487', 179),
(180, 'F1594', 180),
(181, 'T85690', 181),
(182, 'S471', 182),
(183, 'S038XXS', 183),
(184, 'H68021', 184),
(185, 'S76001', 185),
(186, 'S82125B', 186),
(187, 'S12112D', 187),
(188, 'R44', 188),
(189, 'S01152D', 189),
(190, 'M1831', 190),
(191, 'V711', 191),
(192, 'M84411D', 192),
(193, 'M87351', 193),
(194, 'X782XXS', 194),
(195, 'S52292D', 195),
(196, 'P0726', 196),
(197, 'T2612XD', 197),
(198, 'T80219', 198),
(199, 'S82011C', 199),
(200, 'S66393D', 200),
(201, 'X022', 201),
(202, 'Y92149', 202),
(203, 'M23309', 203),
(205, 'M10012', 205),
(206, 'S62615D', 206),
(207, 'S2142', 207),
(208, 'T484X3S', 208),
(209, 'S30822', 209),
(210, 'T63002D', 210),
(211, 'O368193', 211),
(212, 'H353111', 212),
(213, 'T86831', 213),
(214, 'I6925', 214),
(215, 'N186', 215),
(216, 'V616XXA', 216),
(217, 'S82202H', 217),
(218, 'S5432XS', 218),
(219, 'V8622', 219),
(220, 'M24175', 220),
(221, 'C6990', 221),
(222, 'V380', 222),
(223, 'S31153S', 223),
(224, 'S66510', 224),
(225, 'O470', 225),
(226, 'S56892', 226),
(227, 'S76092A', 227),
(228, 'W363XXS', 228),
(229, 'V149XXA', 229),
(230, 'M7107', 230),
(231, 'T375X6', 231),
(232, 'T465X1D', 232),
(233, 'N83202', 233),
(234, 'Y380X1S', 234),
(235, 'S42115B', 235),
(236, 'E8341', 236),
(237, 'S92499B', 237),
(238, 'S62212', 238),
(239, 'S52236', 239),
(240, 'W540', 240),
(241, 'S12250K', 241),
(242, 'S61233', 242),
(243, 'O3113', 243),
(244, 'Q349', 244),
(245, 'S79112D', 245),
(246, 'T621X4A', 246),
(247, 'S72113D', 247),
(248, 'S60399S', 248),
(249, 'M71161', 249),
(250, 'T25599A', 250),
(251, 'M1A2290', 251),
(252, 'V124', 252),
(253, 'Y278XXS', 253),
(254, 'T24602S', 254),
(255, 'T364X1A', 255),
(256, 'X950', 256),
(257, 'S89212P', 257),
(258, 'L510', 258),
(259, 'T3696XA', 259),
(260, 'S52026G', 260),
(261, 'T381X2S', 261),
(262, 'S46299', 262),
(263, 'S73042S', 263),
(264, 'T50Z14D', 264),
(265, 'G35', 265),
(266, 'H33033', 266),
(267, 'F15951', 267),
(268, 'M7093', 268),
(269, 'N870', 269),
(270, 'S4991', 270),
(271, 'H438', 271),
(272, 'V541XXS', 272),
(273, 'V641XXS', 273),
(274, 'T3302XS', 274),
(275, 'H04431', 275),
(276, 'M71039', 276),
(277, 'O29193', 277),
(278, 'S92532A', 278),
(279, 'T497X2', 279),
(280, 'M12512', 280),
(281, 'T7802XA', 281),
(282, 'S6086', 282),
(283, 'S63630A', 283),
(284, 'S30850A', 284),
(285, 'O643XX3', 285),
(286, 'V745XXS', 286),
(287, 'S92144G', 287),
(288, 'S60052', 288),
(289, 'S85411D', 289),
(290, 'M71071', 290),
(291, 'F112', 291),
(292, 'S62291G', 292),
(293, 'S06321', 293),
(294, 'Q768', 294),
(295, 'S66812', 295),
(296, 'S82135B', 296),
(297, 'W409XXS', 297),
(298, 'S20119S', 298),
(299, 'O0930', 299),
(300, 'Y3688', 300),
(301, 'S22060', 301),
(302, 'S62009S', 302),
(303, 'S63022A', 303),
(304, 'M838', 304),
(305, 'L64', 305),
(306, 'T22432D', 306),
(307, 'T8321XA', 307),
(308, 'S99229A', 308),
(309, 'L97401', 309),
(310, 'Q6681', 310),
(311, 'S52511R', 311),
(312, 'X361XXA', 312),
(314, 'V485XXD', 314),
(315, 'S00241S', 315),
(316, 'S50841', 316),
(317, 'T2171XA', 317),
(318, 'S56201S', 318),
(319, 'V7940XD', 319),
(320, 'V9386XS', 320),
(321, 'S65999D', 321),
(322, 'M67279', 322),
(323, 'E1040', 323),
(324, 'E880', 324),
(325, 'M06829', 325),
(326, 'S12291A', 326),
(327, 'C8467', 327),
(328, 'S40012', 328),
(329, 'V779', 329),
(330, 'T4142XD', 330),
(331, 'H1821', 331),
(332, 'S42466G', 332),
(333, 'S82821', 333),
(334, 'P011', 334),
(335, 'T5804XA', 335),
(336, 'V329', 336),
(337, 'S80822A', 337),
(338, 'M6781', 338),
(339, 'T5792XS', 339),
(340, 'S62636G', 340),
(341, 'S49002K', 341),
(342, 'Z9484', 342),
(343, 'S43315S', 343),
(344, 'S72443H', 344),
(345, 'S063', 345),
(346, 'T17810S', 346),
(347, 'N88', 347),
(348, 'S34102D', 348),
(349, 'Q5212', 349),
(350, 'T596X4A', 350),
(351, 'S60425', 351),
(352, 'S00209D', 352),
(353, 'B602', 353),
(354, 'S3802XA', 354),
(355, 'T45511S', 355),
(356, 'W6111XD', 356),
(357, 'T656X1S', 357),
(358, 'W901XXA', 358),
(359, 'V294', 359),
(360, 'T3195', 360),
(361, 'K52839', 361),
(362, 'X713XXA', 362),
(363, 'S64492A', 363),
(364, 'Z91128', 364),
(365, 'S04019A', 365),
(366, 'Y048XXA', 366),
(367, 'T39394A', 367),
(368, 'T572X2A', 368),
(369, 'M05329', 369),
(370, 'S90929', 370),
(371, 'S56111', 371),
(372, 'S59299G', 372),
(373, 'M12132', 373),
(374, 'S32476G', 374),
(375, 'L431', 375),
(376, 'I97110', 376),
(377, 'A19', 377),
(378, 'S70351A', 378),
(379, 'S0211FD', 379),
(380, 'S0122XS', 380),
(381, 'S55111D', 381),
(382, 'T50Z15S', 382),
(383, 'X923XXS', 383),
(384, 'S32412S', 384),
(385, 'Y743', 385),
(386, 'T506X5', 386),
(387, 'H40231', 387),
(388, 'T39012D', 388),
(389, 'S52134B', 389),
(390, 'S12330A', 390),
(391, 'S0115', 391),
(392, 'Y27', 392),
(393, 'M93971', 393),
(394, 'P61', 394),
(395, 'O4192', 395),
(396, 'V737', 396),
(397, 'S02402G', 397),
(398, 'S0450XD', 398),
(399, 'M84378', 399),
(400, 'R625', 400),
(401, 'T1512XS', 401),
(402, 'S52123M', 402),
(403, 'S76891', 403),
(404, 'T421X1S', 404),
(405, 'M26633', 405),
(406, 'S46299A', 406),
(407, 'W890XXA', 407),
(408, 'S72415P', 408),
(409, 'H6121', 409),
(410, 'I6913', 410),
(411, 'T8131XD', 411),
(412, 'M84478P', 412),
(413, 'T43024D', 413),
(414, 'T6291XD', 414),
(415, 'S52322R', 415),
(416, 'M1A2411', 416),
(417, 'Y906', 417),
(418, 'S91206S', 418),
(419, 'S42345A', 419),
(420, 'J381', 420),
(421, 'M79A9', 421),
(422, 'G90512', 422),
(423, 'L03325', 423),
(424, 'T675XXS', 424),
(425, 'Q6652', 425),
(426, 'S1124XA', 426),
(427, 'M84576P', 427),
(428, 'F801', 428),
(429, 'T480X6', 429),
(430, 'S00572A', 430),
(431, 'S01149S', 431),
(432, 'V9334', 432),
(433, 'R21', 433),
(434, 'A1818', 434),
(435, 'S06363A', 435),
(436, 'S42291B', 436),
(437, 'T22431', 437),
(438, 'S52292K', 438),
(439, 'Q833', 439),
(440, 'T433X4D', 440),
(441, 'O011', 441),
(442, 'S73025A', 442),
(443, 'S15112A', 443),
(444, 'S56992S', 444),
(445, 'B389', 445),
(446, 'O26831', 446),
(447, 'T448X4D', 447),
(448, 'S99099S', 448),
(449, 'H59121', 449),
(450, 'S86002', 450),
(451, 'S72134N', 451),
(452, 'T63023S', 452),
(453, 'K0510', 453),
(454, 'M62069', 454),
(455, 'H33322', 455),
(456, 'S30876', 456),
(457, 'T63462S', 457),
(458, 'Y63', 458),
(459, 'S52046H', 459),
(460, 'S82399Q', 460),
(461, 'T521X4D', 461),
(462, 'H35132', 462),
(463, 'E138', 463),
(464, 'A5139', 464),
(465, 'S40019S', 465),
(466, 'D339', 466),
(467, 'S50362S', 467),
(468, 'C3480', 468),
(469, 'B381', 469),
(470, 'F19988', 470),
(471, 'W16331', 471),
(472, 'C8316', 472),
(473, 'S62166K', 473),
(474, 'S26022S', 474),
(475, 'T23451D', 475),
(476, 'S61240D', 476),
(477, 'H68023', 477),
(478, 'S275', 478),
(479, 'O368231', 479),
(480, 'S25192', 480),
(481, 'S63274D', 481),
(482, 'S52044C', 482),
(483, 'S68629A', 483),
(484, 'S61338S', 484),
(485, 'S99219K', 485),
(486, 'Y0802XS', 486),
(487, 'H30049', 487),
(488, 'S46899', 488),
(489, 'S72424P', 489),
(490, 'S00209D', 490),
(491, 'I69323', 491),
(492, 'E113299', 492),
(493, 'S63073A', 493),
(494, 'T440X3', 494),
(495, 'S6982XA', 495),
(496, 'S3214XK', 496),
(497, 'S40019A', 497),
(498, 'D174', 498),
(499, 'S66111', 499),
(500, 'S20359', 500),
(501, 'S70371D', 501),
(502, 'T83120S', 502),
(503, 'H353212', 503),
(504, 'M4157', 504),
(505, 'S80249', 505),
(506, 'S72326P', 506),
(507, 'S52122', 507),
(508, 'M84352', 508),
(509, 'H40242', 509),
(510, 'V4322', 510),
(511, 'S62165D', 511),
(512, 'S42231', 512),
(513, 'I69219', 513),
(514, 'T2105XA', 514),
(515, 'V8643XA', 515),
(516, 'S55001A', 516),
(517, 'K098', 517),
(518, 'V944XXD', 518),
(519, 'S52602F', 519),
(520, 'E083532', 520),
(521, 'C257', 521),
(522, 'S86012', 522),
(523, 'Y381', 523),
(524, 'Z90', 524),
(525, 'S52252N', 525),
(526, 'O9089', 526),
(527, 'S32519S', 527),
(528, 'O298X2', 528),
(529, 'H4413', 529),
(530, 'Q369', 530),
(531, 'S42016B', 531),
(532, 'V662XXS', 532),
(533, 'S63295S', 533),
(534, 'S82441S', 534),
(535, 'S82155D', 535),
(536, 'S52243K', 536),
(537, 'S14124A', 537),
(538, 'S09391', 538),
(539, 'S0632', 539),
(540, 'S60862A', 540),
(541, 'S63692', 541),
(542, 'S72063R', 542),
(543, 'S21119D', 543),
(544, 'S85129A', 544),
(545, 'E1136', 545),
(546, 'H02121', 546),
(547, 'S12290B', 547),
(548, 'G652', 548),
(549, 'V160XXS', 549),
(550, 'W3313XS', 550),
(551, 'M24812', 551),
(552, 'S85911S', 552),
(553, 'S8902', 553),
(554, 'K2920', 554),
(555, 'S31605S', 555),
(556, 'S90559D', 556),
(557, 'T24301A', 557),
(558, 'S4802', 558),
(559, 'R85619', 559),
(560, 'H35413', 560),
(561, 'S04049', 561),
(562, 'S56402A', 562),
(563, 'S82155B', 563),
(564, 'S1080XD', 564),
(565, 'G1222', 565),
(566, 'S2232XS', 566),
(567, 'M11019', 567),
(568, 'T502X5S', 568),
(569, 'S06351A', 569),
(570, 'Y633', 570),
(571, 'T753XXD', 571),
(572, 'E113599', 572),
(573, 'M3319', 573),
(574, 'T3360XA', 574),
(575, 'G43B0', 575),
(576, 'M60078', 576),
(577, 'M4201', 577),
(578, 'W5641XS', 578),
(579, 'V4301XS', 579),
(580, 'S63491D', 580),
(581, 'S66391', 581),
(582, 'D269', 582),
(583, 'T46996', 583),
(584, 'S34104D', 584),
(585, 'O0901', 585),
(586, 'S66902', 586),
(587, 'T5814XD', 587),
(588, 'S01359', 588),
(589, 'W5311XD', 589),
(590, 'S8266XH', 590),
(591, 'S37509D', 591),
(592, 'S32441K', 592),
(593, 'I050', 593),
(594, 'T84398D', 594),
(595, 'M84652', 595),
(596, 'T17328S', 596),
(597, 'L922', 597),
(598, 'M47898', 598),
(599, 'S62299S', 599),
(600, 'S34104', 600),
(601, 'R931', 601),
(602, 'S92114K', 602),
(603, 'S41002A', 603),
(604, 'S76122D', 604),
(605, 'S52135F', 605),
(606, 'O3663X2', 606),
(607, 'S7110', 607),
(608, 'S0530XD', 608),
(609, 'S52514E', 609),
(610, 'S01459D', 610),
(611, 'S78922S', 611),
(612, 'S0280XG', 612),
(613, 'T425X5D', 613),
(614, 'S06388D', 614),
(615, 'P035', 615),
(616, 'L7622', 616),
(617, 'K412', 617),
(618, 'M25212', 618),
(619, 'E13319', 619),
(620, 'X963XXA', 620),
(621, 'T43016A', 621),
(622, 'T63614D', 622),
(623, 'H0553', 623),
(624, 'S38002', 624),
(625, 'I068', 625),
(626, 'V0101XS', 626),
(627, 'Q77', 627),
(628, 'S5036', 628),
(629, 'S72021M', 629),
(630, 'T447X2D', 630),
(631, 'D7821', 631),
(632, 'T503X3A', 632),
(633, 'I69964', 633),
(634, 'S89319K', 634),
(635, 'S99122B', 635),
(636, 'S36499', 636),
(637, 'T363X3A', 637),
(638, 'V325', 638),
(639, 'H22', 639),
(640, 'V102XXD', 640),
(641, 'T2162XD', 641),
(642, 'S82865E', 642),
(643, 'S95801S', 643),
(644, 'T4393XS', 644),
(645, 'S93516A', 645),
(646, 'S42422P', 646),
(647, 'S6992XS', 647),
(648, 'H4463', 648),
(649, 'H21', 649),
(650, 'M76821', 650),
(651, 'Y36490A', 651),
(652, 'A9232', 652),
(653, 'I73', 653),
(654, 'I7581', 654),
(655, 'M1A111', 655),
(656, 'Z12', 656),
(657, 'K046', 657),
(658, 'S0550XD', 658),
(659, 'S70341', 659),
(660, 'T889XXA', 660),
(661, 'S2690XD', 661),
(662, 'F16988', 662),
(663, 'V0602XS', 663),
(664, 'K256', 664),
(665, 'S45892A', 665),
(666, 'S058X1', 666),
(667, 'S66196', 667),
(668, 'V9135XS', 668),
(669, 'S63133D', 669),
(670, 'Y37331D', 670),
(671, 'S82231A', 671),
(672, 'S22009D', 672),
(673, 'S71141', 673),
(674, 'V786XXA', 674),
(675, 'W16221D', 675),
(676, 'K31', 676),
(677, 'T84611S', 677),
(678, 'S59002G', 678),
(679, 'I371', 679),
(680, 'I69852', 680),
(681, 'S1096', 681),
(682, 'S60542A', 682),
(683, 'Z985', 683),
(684, 'T622X3A', 684),
(685, 'T8321XD', 685),
(686, 'S43303D', 686),
(687, 'S63493S', 687),
(688, 'S0002XD', 688),
(689, 'S42481S', 689),
(690, 'K51811', 690),
(691, 'E08630', 691),
(692, 'H050', 692),
(693, 'M47813', 693),
(694, 'T420X3A', 694),
(695, 'V4304XS', 695),
(696, 'I713', 696),
(697, 'W5512', 697),
(698, 'S89391G', 698),
(699, 'S56222S', 699),
(700, 'T39314D', 700),
(701, 'T25739S', 701),
(702, 'H10513', 702),
(703, 'S5412XS', 703),
(704, 'M1010', 704),
(705, 'T85625S', 705),
(706, 'T17598A', 706),
(707, 'Z95818', 707),
(708, 'E10331', 708),
(709, 'S90842', 709),
(710, 'T224', 710),
(711, 'Y37490S', 711),
(712, 'S52692N', 712),
(713, 'S92351K', 713),
(714, 'S52233N', 714),
(715, 'W5989XS', 715),
(716, 'S58911', 716),
(717, 'T630', 717),
(718, 'S33120A', 718),
(719, 'F3161', 719),
(720, 'S25322S', 720),
(721, 'S56022A', 721),
(722, 'S82221B', 722),
(723, 'S90879', 723),
(724, 'S72433F', 724),
(725, 'T839', 725),
(726, 'S56021', 726),
(727, 'I69964', 727),
(728, 'S66317A', 728),
(729, 'T48291A', 729),
(730, 'S53136D', 730),
(731, 'S60451', 731),
(732, 'T7601XA', 732),
(733, 'S95291D', 733),
(734, 'V9210', 734),
(735, 'S82209C', 735),
(736, 'K9185', 736),
(737, 'S0232XD', 737),
(738, 'T448X3D', 738),
(739, 'S22021B', 739),
(740, 'T63624', 740),
(741, 'W292XXA', 741),
(742, 'V968', 742),
(743, 'T22222', 743),
(744, 'S91039A', 744),
(745, 'T85612S', 745),
(746, 'V416', 746),
(747, 'L97503', 747),
(748, 'T5293XS', 748),
(749, 'K5931', 749),
(750, 'T85631D', 750),
(751, 'S23420A', 751),
(752, 'M2241', 752),
(753, 'S72402A', 753),
(754, 'S63490S', 754),
(755, 'S90229S', 755),
(756, 'Z300', 756),
(757, 'Y37520D', 757),
(758, 'J338', 758),
(759, 'S2221XS', 759),
(760, 'S01402D', 760),
(761, 'M1285', 761),
(762, 'M9421', 762),
(763, 'W321XXS', 763),
(764, 'S42344B', 764),
(765, 'T83719', 765),
(766, 'S66326D', 766),
(767, 'S82115B', 767),
(768, 'S66195A', 768),
(769, 'W46', 769),
(770, 'V817XXA', 770),
(771, 'S52001H', 771),
(772, 'S62622D', 772),
(773, 'S43015D', 773),
(774, 'C4A71', 774),
(775, 'S76922A', 775),
(776, 'S99219D', 776),
(777, 'M7116', 777),
(778, 'S79812S', 778),
(779, 'S72445Q', 779),
(780, 'K566', 780),
(781, 'S72302Q', 781),
(782, 'S63399', 782),
(783, 'I69369', 783),
(784, 'S2749', 784),
(785, 'R2232', 785),
(786, 'T2070', 786),
(787, 'V983', 787),
(788, 'S53492S', 788),
(789, 'S62015G', 789),
(790, 'T2026XS', 790),
(791, 'S0211ED', 791),
(792, 'T22739S', 792),
(793, 'S88929A', 793),
(794, 'V9310', 794),
(795, 'E0843', 795),
(796, 'Q226', 796),
(797, 'S42333P', 797),
(798, 'S26021A', 798),
(799, 'T582X2', 799),
(800, 'X9509XD', 800),
(801, 'S63436D', 801),
(802, 'S82832H', 802),
(803, 'C9300', 803),
(804, 'T382X5A', 804),
(805, 'S72399N', 805),
(806, 'L271', 806),
(807, 'S52531F', 807),
(808, 'O42012', 808),
(809, 'S49119G', 809),
(810, 'T478X1S', 810),
(811, 'F111', 811),
(812, 'S52355', 812),
(813, 'H47093', 813),
(814, 'S22082A', 814),
(815, 'T63461S', 815),
(816, 'S56401S', 816),
(817, 'S99129', 817),
(818, 'X962XXA', 818),
(819, 'M87863', 819),
(820, 'S70911A', 820),
(821, 'M2140', 821),
(822, 'V6919XD', 822),
(823, 'S91011A', 823),
(824, 'H01005', 824),
(825, 'S01452', 825),
(826, 'Y37030S', 826),
(827, 'V9130', 827),
(828, 'S63121A', 828),
(829, 'N3945', 829),
(830, 'S61238', 830),
(831, 'O411239', 831),
(832, 'D56', 832),
(833, 'S36501A', 833),
(834, 'T43013A', 834),
(835, 'T34831', 835),
(836, 'S15391', 836),
(837, 'S82224S', 837),
(838, 'S66526', 838),
(839, 'S383XXD', 839),
(840, 'Z20828', 840),
(841, 'J9502', 841),
(842, 'S42346', 842),
(843, 'O6982X5', 843),
(844, 'W5512XA', 844),
(845, 'T650X4D', 845),
(846, 'T3251', 846),
(847, 'V575XXA', 847),
(848, 'S82136F', 848),
(849, 'T465X4A', 849),
(850, 'N95', 850),
(851, 'M7092', 851),
(852, 'M25411', 852),
(853, 'T33512', 853),
(854, 'T39096D', 854),
(855, 'R41842', 855),
(856, 'S3142XD', 856),
(857, 'M87334', 857),
(858, 'S065X7', 858),
(859, 'S89229S', 859),
(860, 'K7041', 860),
(861, 'S52389M', 861),
(862, 'S0104XA', 862),
(863, 'S42399A', 863),
(864, 'T592X3', 864),
(865, 'S65302D', 865),
(866, 'M00031', 866),
(867, 'S61305', 867),
(868, 'M19211', 868),
(869, 'T25719S', 869),
(870, 'S27419', 870),
(871, 'M2323', 871),
(872, 'V9505XS', 872),
(873, 'S45301', 873),
(874, 'S55091S', 874),
(875, 'S36430', 875),
(876, 'T43596', 876),
(877, 'T63063D', 877),
(878, 'G611', 878),
(879, 'H698', 879),
(880, 'V8022', 880),
(881, 'K510', 881),
(882, 'S52326H', 882),
(883, 'S82131Q', 883),
(884, 'S85129S', 884),
(885, 'C9480', 885),
(886, 'S92112A', 886),
(887, 'S42491', 887),
(888, 'S02401S', 888),
(889, 'S52231A', 889),
(890, 'T402X2', 890),
(891, 'T378X2D', 891),
(892, 'T7529XD', 892),
(893, 'B401', 893),
(894, 'T3282', 894),
(895, 'V5910XS', 895),
(896, 'S140XXS', 896),
(897, 'S728X9E', 897),
(898, 'H33031', 898),
(899, 'S82492', 899),
(900, 'D806', 900),
(901, 'T25129S', 901),
(902, 'M84631S', 902),
(903, 'M00252', 903),
(904, 'B251', 904),
(905, 'H920', 905),
(906, 'M0501', 906),
(907, 'S91246D', 907),
(908, 'W5321XA', 908),
(909, 'C211', 909),
(910, 'W420XXS', 910),
(911, 'S92212S', 911),
(912, 'W5902XA', 912),
(913, 'H33009', 913),
(914, 'V9010XS', 914),
(915, 'S83203D', 915),
(916, 'H16079', 916),
(917, 'S46001S', 917),
(918, 'C8315', 918),
(919, 'T440X1S', 919),
(920, 'F0281', 920),
(921, 'T82338A', 921),
(922, 'J95830', 922),
(923, 'S31801', 923),
(924, 'S63272', 924),
(925, 'M65131', 925),
(926, 'S50369', 926),
(927, 'D117', 927),
(928, 'A81', 928),
(929, 'T85698A', 929),
(930, 'S639', 930),
(931, 'T3399XA', 931),
(932, 'S63055S', 932),
(933, 'D1800', 933),
(934, 'S52609K', 934),
(935, 'W07', 935),
(936, 'T543X2S', 936),
(937, 'W51XXXS', 937),
(938, 'F19921', 938),
(939, 'S22081K', 939),
(940, 'O0330', 940),
(941, 'H7320', 941),
(942, 'S5621', 942),
(943, 'N52', 943),
(944, 'M1A3420', 944),
(945, 'O418X11', 945),
(946, 'Z771', 946),
(947, 'S62201A', 947),
(948, 'N4404', 948),
(949, 'T24431A', 949),
(950, 'I690', 950),
(951, 'S68624', 951),
(952, 'B831', 952),
(953, 'S32511A', 953),
(954, 'F15250', 954),
(955, 'S48029A', 955),
(956, 'S82444J', 956),
(957, 'F19981', 957),
(958, 'Z561', 958),
(959, 'S31154S', 959),
(960, 'T71162A', 960),
(961, 'S3097XD', 961),
(962, 'V0015', 962),
(963, 'H1581', 963),
(964, 'S24103', 964),
(965, 'E512', 965),
(966, 'S32132D', 966),
(967, 'V00188', 967),
(968, 'T23779S', 968),
(969, 'S62153S', 969),
(970, 'V891XXA', 970),
(971, 'S748X', 971),
(972, 'S02651B', 972),
(973, 'M1A2191', 973),
(974, 'S52236S', 974),
(975, 'T43501S', 975),
(976, 'S12351S', 976),
(977, 'O3670X9', 977),
(978, 'T7520XS', 978),
(979, 'K052', 979),
(980, 'S21121S', 980),
(981, 'V150XXA', 981),
(982, 'S66492A', 982),
(983, 'Z228', 983),
(984, 'T751', 984),
(985, 'T22169A', 985),
(986, 'S62308G', 986),
(987, 'T2610XD', 987),
(988, 'B0602', 988),
(989, 'S59241P', 989),
(990, 'S2609XS', 990),
(991, 'N913', 991),
(992, 'M84429G', 992),
(993, 'T2164XD', 993),
(994, 'S2241XK', 994),
(995, 'V604XXS', 995),
(996, 'C8290', 996),
(997, 'H44323', 997),
(998, 'Y9372', 998);

-- --------------------------------------------------------

--
-- Estructura de tabla para la tabla `historial_clinico_citas`
--

CREATE TABLE `historial_clinico_citas` (
  `historial_clinico_id` int(11) NOT NULL,
  `citas_id` int(11) NOT NULL
) ENGINE=InnoDB DEFAULT CHARSET=utf8 COLLATE=utf8_spanish_ci;

--
-- Volcado de datos para la tabla `historial_clinico_citas`
--

INSERT INTO `historial_clinico_citas` (`historial_clinico_id`, `citas_id`) VALUES
(41, 41),
(41, 45),
(41, 49),
(41, 50),
(71, 71),
(71, 76),
(71, 77),
(138, 86),
(138, 89),
(138, 97),
(316, 123),
(316, 143),
(316, 148),
(316, 161),
(316, 165),
(316, 179),
(316, 188),
(316, 193),
(316, 487),
(412, 5),
(445, 213),
(445, 227),
(445, 244),
(445, 565),
(445, 640),
(487, 571),
(487, 703),
(570, 391),
(570, 396),
(577, 328),
(600, 254),
(600, 297),
(600, 299),
(600, 309),
(600, 316),
(600, 321),
(600, 327),
(600, 338),
(600, 350),
(600, 353),
(600, 360),
(600, 364),
(600, 370),
(600, 387),
(727, 418),
(727, 419),
(727, 425),
(727, 435),
(727, 484),
(727, 493),
(836, 504),
(836, 514),
(836, 518),
(836, 519),
(836, 543),
(836, 552),
(836, 573),
(836, 581),
(836, 587),
(836, 599),
(836, 604),
(836, 614),
(836, 615),
(836, 619),
(836, 622),
(836, 624),
(836, 644),
(836, 651),
(836, 655),
(836, 659),
(836, 672),
(836, 676),
(836, 678),
(836, 681),
(836, 688),
(836, 699),
(836, 701),
(836, 714);

-- --------------------------------------------------------

--
-- Estructura de tabla para la tabla `historial_clinico_informes`
--

CREATE TABLE `historial_clinico_informes` (
  `historial_clinico_id` int(11) NOT NULL,
  `informes_id` int(11) NOT NULL
) ENGINE=InnoDB DEFAULT CHARSET=utf8 COLLATE=utf8_spanish_ci;

--
-- Volcado de datos para la tabla `historial_clinico_informes`
--

INSERT INTO `historial_clinico_informes` (`historial_clinico_id`, `informes_id`) VALUES
(5, 1),
(41, 2),
(45, 3),
(49, 4),
(50, 5),
(71, 6),
(76, 7),
(77, 8),
(86, 9),
(97, 10),
(123, 11),
(143, 12),
(148, 13),
(161, 14),
(165, 15),
(179, 16),
(188, 17),
(193, 18),
(213, 19),
(227, 20),
(244, 21),
(254, 22),
(297, 23),
(299, 24),
(309, 25),
(316, 26),
(321, 27),
(327, 28),
(328, 29),
(338, 30),
(350, 31),
(353, 32),
(360, 33),
(364, 34),
(370, 35),
(391, 37),
(396, 38),
(418, 39),
(419, 40),
(425, 41),
(435, 42),
(484, 43),
(487, 44),
(493, 45),
(504, 46),
(514, 47),
(518, 48),
(519, 49),
(543, 50),
(552, 51),
(565, 52),
(571, 53),
(573, 54),
(581, 55),
(587, 56),
(599, 57),
(604, 58),
(614, 59),
(615, 60),
(619, 61),
(622, 62),
(624, 63),
(640, 64),
(644, 65),
(651, 66),
(655, 67),
(659, 68),
(672, 69),
(676, 70),
(678, 71),
(681, 72),
(688, 73),
(699, 74),
(701, 75),
(713, 76),
(714, 77),
(787, 36);

-- --------------------------------------------------------

--
-- Estructura de tabla para la tabla `informe`
--

CREATE TABLE `informe` (
  `id` int(11) NOT NULL,
  `diagnostico` varchar(255) COLLATE utf8_spanish_ci DEFAULT NULL,
  `enfermedad_actual` varchar(255) COLLATE utf8_spanish_ci DEFAULT NULL,
  `proxima_cita` datetime DEFAULT NULL,
  `firma_electronica` bit(1) DEFAULT NULL,
  `intervencion` varchar(255) COLLATE utf8_spanish_ci DEFAULT NULL,
  `medicamentos` varchar(255) COLLATE utf8_spanish_ci DEFAULT NULL,
  `plan_clinico` varchar(255) COLLATE utf8_spanish_ci DEFAULT NULL,
  `porque` varchar(255) COLLATE utf8_spanish_ci DEFAULT NULL,
  `id_cita` int(11) DEFAULT NULL
) ENGINE=InnoDB DEFAULT CHARSET=utf8 COLLATE=utf8_spanish_ci;

--
-- Volcado de datos para la tabla `informe`
--

INSERT INTO `informe` (`id`, `diagnostico`, `enfermedad_actual`, `proxima_cita`, `firma_electronica`, `intervencion`, `medicamentos`, `plan_clinico`, `porque`, `id_cita`) VALUES
(1, 'Arturo', 'Bernardon', NULL, b'1', '72.73.245.22', '69.107.65.209', '209.42.145.55', '188.13.26.39', 5),
(2, 'Rhodia', 'Glanton', NULL, b'1', '87.187.144.4', '171.237.17.53', '131.20.177.251', '215.0.158.144', 41),
(3, 'Lucio', 'De Normanville', NULL, b'1', '152.117.209.86', '105.131.126.207', '61.18.248.116', '80.29.124.45', 45),
(4, 'Lion', 'Euston', NULL, b'1', '194.34.49.247', '182.231.118.198', '40.214.251.205', '213.91.126.115', 49),
(5, 'Wilona', 'Smedley', NULL, b'1', '32.187.197.160', '125.175.228.204', '13.67.103.166', '220.245.15.212', 50),
(6, 'Benetta', 'Jannings', NULL, b'1', '209.101.12.56', '89.210.49.249', '32.229.178.162', '154.252.150.40', 71),
(7, 'Yovonnda', 'Fearnehough', NULL, b'1', '31.98.165.240', '56.57.8.137', '141.83.235.42', '42.56.69.43', 76),
(8, 'Caron', 'Hallad', NULL, b'1', '104.169.82.86', '141.208.71.123', '134.181.72.124', '206.169.95.40', 77),
(9, 'Vanya', 'Strond', NULL, b'1', '97.199.134.90', '147.164.170.62', '214.41.68.209', '201.151.22.171', 86),
(10, 'Elena', 'Clitherow', NULL, b'1', '199.62.39.162', '158.21.146.142', '139.167.255.210', '176.78.18.250', 97),
(11, 'Kaylil', 'Kiffe', NULL, b'1', '135.143.30.214', '21.161.64.1', '227.209.100.139', '53.148.242.170', 123),
(12, 'Peggi', 'Withey', NULL, b'1', '166.137.60.155', '180.11.123.255', '15.2.60.230', '20.189.150.187', 143),
(13, 'Annis', 'Derle', NULL, b'1', '33.27.124.178', '70.164.157.72', '134.203.220.43', '4.2.204.174', 148),
(14, 'Brandy', 'Campkin', NULL, b'1', '44.222.81.86', '34.86.126.206', '48.180.3.185', '210.163.63.52', 161),
(15, 'Scottie', 'Muzzlewhite', NULL, b'1', '19.117.67.104', '162.8.118.117', '219.157.156.125', '197.106.153.152', 165),
(16, 'Morie', 'Brisson', NULL, b'1', '200.92.67.129', '79.98.207.131', '222.247.98.155', '142.102.220.132', 179),
(17, 'Harli', 'Stukings', NULL, b'1', '69.11.158.170', '38.14.3.0', '226.98.165.56', '130.199.233.217', 188),
(18, 'Cecelia', 'Lube', NULL, b'1', '219.5.227.70', '248.155.215.25', '163.194.149.33', '193.175.28.162', 193),
(19, 'Modestia', 'Bellon', NULL, b'1', '192.169.111.59', '226.253.38.145', '245.206.212.152', '250.148.182.140', 213),
(20, 'Ferdinand', 'Dring', NULL, b'1', '66.81.158.255', '16.185.162.25', '2.215.199.81', '185.25.184.224', 227),
(21, 'Paulita', 'Grichukhin', NULL, b'1', '239.101.124.88', '226.211.28.63', '16.139.164.166', '161.140.206.81', 244),
(22, 'Perice', 'Fernandez', NULL, b'1', '14.146.191.204', '29.56.68.122', '56.194.225.15', '255.154.104.60', 254),
(23, 'Nefen', 'Orpin', NULL, b'1', '97.212.21.101', '79.163.139.75', '219.181.182.56', '70.215.89.58', 297),
(24, 'Sallee', 'Rye', NULL, b'1', '143.97.193.85', '7.82.75.121', '244.239.42.120', '198.15.25.203', 299),
(25, 'Nettle', 'Elby', NULL, b'1', '173.163.192.217', '183.69.240.135', '221.89.54.240', '142.101.225.222', 309),
(26, 'Dell', 'McGraith', NULL, b'1', '49.88.232.245', '98.21.110.12', '75.216.73.181', '178.222.10.245', 316),
(27, 'Evangeline', 'Elegood', NULL, b'1', '4.220.85.189', '171.154.172.77', '76.4.178.246', '187.175.187.81', 321),
(28, 'Mela', 'Haps', NULL, b'1', '107.242.5.15', '254.147.146.190', '39.38.249.158', '126.25.144.30', 327),
(29, 'Kalie', 'Saltern', NULL, b'1', '19.74.238.145', '221.127.252.107', '250.39.123.224', '158.53.216.112', 328),
(30, 'Dyanne', 'Rozsa', NULL, b'1', '210.45.245.186', '44.119.94.16', '161.239.132.176', '171.121.72.68', 338),
(31, 'Eugenia', 'McNae', NULL, b'1', '155.156.200.107', '125.94.46.167', '61.180.76.57', '191.83.1.98', 350),
(32, 'Jerrilyn', 'Spoward', NULL, b'1', '254.111.235.95', '226.178.81.130', '208.167.100.189', '152.32.207.68', 353),
(33, 'Wilma', 'Ilewicz', NULL, b'1', '238.14.190.17', '228.168.143.226', '168.81.123.58', '184.107.204.194', 360),
(34, 'Rand', 'Eggerton', NULL, b'1', '76.210.47.60', '248.97.65.70', '237.96.228.97', '190.131.178.163', 364),
(35, 'Trish', 'Elcock', NULL, b'1', '116.130.249.196', '35.206.209.154', '33.236.100.108', '8.53.16.67', 370),
(36, 'Gates', 'Crudgington', NULL, b'1', '71.216.222.247', '44.104.250.226', '171.77.223.123', '47.248.0.222', 387),
(37, 'Charlton', 'Mears', NULL, b'1', '10.169.159.86', '78.59.55.179', '192.54.133.129', '5.182.195.167', 391),
(38, 'Sargent', 'Bour', NULL, b'1', '92.123.66.11', '195.224.131.192', '5.95.116.92', '195.34.215.49', 396),
(39, 'Dayle', 'Heasman', NULL, b'1', '58.56.241.216', '98.188.52.122', '148.17.254.171', '221.76.242.77', 418),
(40, 'Martina', 'Taplow', NULL, b'1', '142.36.38.110', '103.34.67.250', '213.207.158.168', '90.58.202.56', 419),
(41, 'Harriott', 'Yukhnov', NULL, b'1', '189.238.96.227', '112.208.138.57', '83.153.183.9', '179.12.78.209', 425),
(42, 'Rubetta', 'Meeron', NULL, b'1', '114.64.68.253', '244.20.219.176', '242.65.99.247', '222.91.6.84', 435),
(43, 'Tedman', 'Redsell', NULL, b'1', '193.110.198.83', '221.59.140.213', '193.15.66.64', '60.30.191.251', 484),
(44, 'Elisha', 'Thorburn', NULL, b'1', '75.178.141.15', '121.215.133.64', '14.155.87.19', '44.20.217.165', 487),
(45, 'Alberta', 'Cardenoso', NULL, b'1', '235.247.131.237', '46.92.126.238', '234.125.248.74', '103.141.5.149', 493),
(46, 'Tawsha', 'Grahamslaw', NULL, b'1', '189.137.157.10', '159.180.191.137', '69.239.11.5', '155.124.232.111', 504),
(47, 'Dare', 'Harrinson', NULL, b'1', '247.157.176.68', '207.206.110.115', '120.212.207.98', '190.17.135.227', 514),
(48, 'Junia', 'Taylo', NULL, b'1', '1.40.74.108', '195.244.62.40', '35.189.79.151', '163.64.164.152', 518),
(49, 'Prudy', 'Fullylove', NULL, b'1', '63.100.183.194', '113.123.215.132', '241.27.67.18', '241.197.39.164', 519),
(50, 'Goddart', 'Millmoe', NULL, b'1', '193.21.65.81', '168.133.63.73', '89.75.55.121', '92.99.67.20', 543),
(51, 'Hymie', 'Mingaud', NULL, b'1', '137.53.4.227', '254.238.60.182', '140.83.183.149', '21.180.27.63', 552),
(52, 'Debbi', 'Poltun', NULL, b'1', '227.132.223.173', '128.242.217.17', '29.211.221.164', '100.37.157.139', 565),
(53, 'Faina', 'Raggatt', NULL, b'1', '64.118.245.191', '148.190.196.186', '49.30.246.11', '203.209.229.77', 571),
(54, 'Phyllis', 'Corner', NULL, b'1', '122.250.233.111', '14.46.181.10', '159.222.230.76', '125.237.65.18', 573),
(55, 'Thea', 'Castro', NULL, b'1', '160.186.203.105', '159.171.184.72', '177.222.81.190', '29.82.34.10', 581),
(56, 'Brenden', 'Fray', NULL, b'1', '203.128.41.71', '228.166.180.107', '253.102.120.90', '110.192.98.132', 587),
(57, 'Rourke', 'Jewiss', NULL, b'1', '191.187.242.66', '95.18.2.26', '35.109.89.236', '185.100.50.171', 599),
(58, 'Phedra', 'Tofanelli', NULL, b'1', '37.244.79.178', '180.114.94.144', '10.37.112.182', '78.46.198.178', 604),
(59, 'Temp', 'McGrey', NULL, b'1', '26.29.97.232', '125.218.59.197', '168.20.180.177', '19.181.70.235', 614),
(60, 'Raye', 'Baugh', NULL, b'1', '181.68.193.228', '169.23.254.202', '62.206.190.202', '100.79.250.62', 615),
(61, 'Erhart', 'MacCrackan', NULL, b'1', '111.132.189.106', '194.45.142.33', '171.72.105.69', '210.75.224.226', 619),
(62, 'Krysta', 'Lochrie', NULL, b'1', '211.40.115.63', '94.211.90.57', '32.107.249.71', '108.214.218.245', 622),
(63, 'Guy', 'Sighart', NULL, b'1', '129.201.120.144', '124.249.17.123', '119.253.194.66', '75.136.63.107', 624),
(64, 'Rudolph', 'Bouette', NULL, b'1', '65.99.105.1', '157.105.228.73', '132.75.126.185', '202.124.248.99', 640),
(65, 'Rudiger', 'Emanueli', NULL, b'1', '115.246.21.114', '81.64.136.98', '51.22.7.13', '61.214.209.113', 644),
(66, 'Addison', 'Cauderlie', NULL, b'1', '98.204.244.69', '76.116.33.65', '204.14.117.253', '168.187.160.6', 651),
(67, 'Daron', 'Everingham', NULL, b'1', '143.240.67.52', '215.234.111.172', '81.138.175.250', '203.101.86.5', 655),
(68, 'Roobbie', 'Dewing', NULL, b'1', '216.105.180.33', '189.241.103.152', '99.3.246.41', '195.194.244.129', 659),
(69, 'Waly', 'Challender', NULL, b'1', '43.184.41.117', '82.33.112.116', '1.174.143.69', '123.89.185.121', 672),
(70, 'Bradly', 'Farren', NULL, b'1', '197.203.195.158', '205.17.93.20', '27.194.80.7', '244.228.180.101', 676),
(71, 'Gideon', 'Saura', NULL, b'1', '106.45.49.253', '55.223.213.5', '170.126.18.6', '87.125.229.2', 678),
(72, 'Marshal', 'Readmire', NULL, b'1', '154.222.52.5', '167.175.150.242', '82.58.242.79', '177.127.62.80', 681),
(73, 'Lindy', 'Golde', NULL, b'1', '42.170.230.186', '45.117.126.31', '81.102.227.199', '78.114.17.70', 688),
(74, 'Sherwynd', 'Jeyness', NULL, b'1', '151.165.38.170', '84.75.54.16', '165.1.20.32', '62.197.20.158', 699),
(75, 'Eddy', 'Thinn', NULL, b'1', '231.163.10.224', '186.161.184.207', '250.129.201.86', '169.47.83.200', 701),
(76, 'Nickolai', 'Macquire', NULL, b'1', '61.222.170.71', '166.71.50.186', '93.75.103.58', '170.151.108.247', 713),
(77, 'Kara', 'Collumbell', NULL, b'1', '150.11.115.25', '170.240.51.34', '179.55.247.159', '145.3.98.164', 714);

-- --------------------------------------------------------

--
-- Estructura de tabla para la tabla `localidad`
--

CREATE TABLE `localidad` (
  `id` int(11) NOT NULL,
  `nombre` varchar(255) COLLATE utf8_spanish_ci DEFAULT NULL,
  `id_provincia` int(11) DEFAULT NULL
) ENGINE=InnoDB DEFAULT CHARSET=utf8 COLLATE=utf8_spanish_ci;

--
-- Volcado de datos para la tabla `localidad`
--

INSERT INTO `localidad` (`id`, `nombre`, `id_provincia`) VALUES
(1, 'Abla', 1),
(2, 'Alhama de Almer├¡a', 1),
(3, 'Almer├¡a', 1),
(4, 'Bentarique', 1),
(5, 'N├¡jar', 1),
(6, 'Barbate', 2),
(7, 'C├ídiz', 2),
(8, 'Chiclana de la Frontera', 2),
(9, 'Medina-Sidonia', 2),
(10, 'Puerto de Santa Mar├¡a', 2),
(11, 'C├│rdoba', 3),
(12, 'Fuente Palmera', 3),
(13, 'Montilla', 3),
(14, 'Nueva Carteya', 3),
(15, 'Villafranca de C├│rdoba', 3),
(16, 'Huesca', 4),
(17, 'Lascellas-Ponzano', 4),
(18, 'Sabi├▒├ínigo', 4),
(19, 'Linares de Mora', 5),
(20, 'Mezquita de Jarque', 5),
(21, 'Monterde de Albarrac├¡n', 5),
(22, 'Mirambel', 5),
(23, 'Teruel', 5),
(24, 'Villanueva de Huerva', 6),
(25, 'Novillas', 6),
(26, 'Mediana de Arag├│n', 6),
(27, 'Maella', 6),
(28, 'Corvera de Asturias', 7),
(29, 'Langreo', 7),
(30, 'Quir├│s', 7);

-- --------------------------------------------------------

--
-- Estructura de tabla para la tabla `provincia`
--

CREATE TABLE `provincia` (
  `id` int(11) NOT NULL,
  `nombre` varchar(255) COLLATE utf8_spanish_ci DEFAULT NULL,
  `id_comunidad` int(11) DEFAULT NULL
) ENGINE=InnoDB DEFAULT CHARSET=utf8 COLLATE=utf8_spanish_ci;

--
-- Volcado de datos para la tabla `provincia`
--

INSERT INTO `provincia` (`id`, `nombre`, `id_comunidad`) VALUES
(1, 'Almer├¡a', 1),
(2, 'C├ídiz', 1),
(3, 'C├│rdoba', 1),
(4, 'Huesca', 2),
(5, 'Teruel', 2),
(6, 'Zaragoza', 2),
(7, 'Asturias', 3);

-- --------------------------------------------------------

--
-- Estructura de tabla para la tabla `rol`
--

CREATE TABLE `rol` (
  `id` int(11) NOT NULL,
  `nombre` varchar(255) COLLATE utf8_spanish_ci DEFAULT NULL
) ENGINE=InnoDB DEFAULT CHARSET=utf8 COLLATE=utf8_spanish_ci;

--
-- Volcado de datos para la tabla `rol`
--

INSERT INTO `rol` (`id`, `nombre`) VALUES
(1, 'USER'),
(2, 'SANITARIO'),
(3, 'ADMIN');

-- --------------------------------------------------------

--
-- Estructura de tabla para la tabla `sanitario`
--

CREATE TABLE `sanitario` (
  `id` int(11) NOT NULL,
  `id_especialidad` int(11) DEFAULT NULL,
  `id_tipo` int(11) DEFAULT NULL,
  `id_trabajador` int(11) DEFAULT NULL
) ENGINE=InnoDB DEFAULT CHARSET=utf8 COLLATE=utf8_spanish_ci;

--
-- Volcado de datos para la tabla `sanitario`
--

INSERT INTO `sanitario` (`id`, `id_especialidad`, `id_tipo`, `id_trabajador`) VALUES
(1, 4, 3, 1),
(2, 19, 1, 2),
(3, 19, 2, 3),
(4, 18, 1, 4),
(5, 18, 2, 5),
(6, 17, 1, 6),
(7, 11, 1, 57),
(8, 11, 2, 58),
(9, 18, 1, 59),
(10, 18, 2, 60),
(11, 6, 1, 61),
(12, 2, 2, 62),
(13, 2, 1, 63),
(14, 9, 2, 64),
(15, 9, 1, 65),
(16, 11, 1, 66),
(17, 7, 1, 67),
(18, 7, 2, 68),
(19, 9, 2, 69),
(20, 9, 1, 70),
(21, 12, 1, 71),
(22, 13, 1, 72),
(23, 13, 2, 73),
(25, 16, 2, 75),
(26, 2, 1, 76),
(27, 6, 2, 77),
(28, 6, 1, 78),
(29, 20, 2, 79),
(30, 20, 1, 80),
(31, 4, 1, 81),
(32, 15, 1, 82),
(33, 15, 2, 83),
(34, 18, 1, 84),
(35, 18, 2, 85),
(36, 2, 1, 86),
(37, 13, 1, 87),
(38, 13, 2, 88),
(39, 3, 2, 89),
(40, 3, 1, 90),
(41, 15, 1, 91),
(42, 16, 1, 92),
(43, 16, 2, 93),
(44, 2, 1, 94),
(45, 2, 2, 95),
(46, 8, 1, 96),
(47, 6, 1, 97),
(48, 6, 2, 98),
(49, 5, 1, 99),
(50, 5, 2, 100),
(51, 1, 1, 101),
(52, 2, 1, 102),
(53, 2, 2, 103),
(54, 14, 1, 104),
(55, 14, 2, 105),
(56, 3, 1, 106),
(57, 20, 1, 107),
(58, 20, 2, 108),
(59, 14, 1, 109),
(60, 14, 2, 110),
(62, 18, 1, 111),
(63, 11, 1, 112),
(65, 16, 2, 114),
(66, 16, 1, 115),
(67, 8, 1, 116),
(68, 17, 2, 117),
(69, 17, 1, 118),
(70, 2, 2, 119),
(71, 2, 1, 120),
(72, 9, 1, 121),
(73, 8, 1, 122),
(74, 8, 2, 123),
(75, 18, 1, 124),
(76, 18, 2, 125),
(77, 11, 1, 126),
(78, 15, 2, 127),
(79, 15, 1, 128),
(80, 9, 2, 129),
(81, 9, 1, 130),
(82, 18, 1, 131),
(83, 10, 1, 132),
(84, 10, 2, 133),
(85, 20, 1, 134),
(86, 20, 2, 135),
(87, 9, 1, 136),
(88, 14, 1, 137),
(89, 14, 2, 138),
(90, 12, 1, 139),
(91, 12, 2, 140),
(92, 8, 1, 141),
(93, 18, 1, 142),
(94, 18, 2, 143),
(95, 8, 1, 144),
(96, 8, 2, 145),
(97, 15, 1, 146),
(98, 10, 1, 147),
(99, 10, 2, 148),
(100, 7, 1, 149),
(101, 7, 2, 150),
(102, 14, 1, 151),
(103, 14, 1, 152),
(104, 14, 2, 153),
(105, 14, 3, 154),
(106, 20, 1, 155),
(107, 20, 2, 156),
(108, 11, 2, 157),
(109, 11, 1, 158),
(110, 11, 3, 159),
(111, 4, 2, 160),
(112, 4, 1, 161),
(113, 8, 2, 162),
(114, 8, 1, 163),
(115, 8, 3, 164),
(116, 19, 2, 165),
(117, 19, 1, 166),
(118, 19, 1, 167),
(119, 19, 2, 168),
(120, 19, 3, 169),
(121, 7, 1, 170),
(122, 7, 2, 171),
(123, 4, 3, 172),
(124, 4, 2, 173),
(125, 4, 1, 174),
(126, 8, 1, 175),
(127, 8, 2, 176),
(128, 7, 1, 177),
(129, 7, 2, 178),
(130, 7, 3, 179),
(131, 4, 1, 180),
(132, 4, 2, 181),
(133, 20, 2, 182),
(134, 20, 1, 183),
(135, 20, 3, 184),
(136, 3, 2, 185),
(137, 3, 1, 186),
(138, 12, 3, 187),
(139, 12, 1, 188),
(140, 12, 2, 189),
(141, 20, 1, 190),
(142, 20, 2, 191),
(143, 15, 3, 192),
(144, 15, 2, 193),
(145, 15, 1, 194),
(146, 4, 2, 195),
(147, 4, 1, 196),
(148, 19, 1, 197),
(149, 19, 2, 198),
(150, 18, 3, 199),
(151, 18, 1, 200),
(152, 18, 2, 201),
(153, 12, 1, 202),
(154, 12, 2, 203),
(155, 1, 2, 204),
(156, 1, 1, 205),
(157, 1, 3, 206),
(158, 2, 1, 207),
(159, 2, 2, 208),
(160, 12, 3, 209),
(161, 12, 1, 210),
(162, 12, 2, 211),
(163, 7, 2, 212),
(164, 7, 1, 213),
(165, 12, 1, 214),
(166, 12, 3, 215),
(167, 12, 2, 216),
(168, 5, 1, 217),
(169, 5, 2, 218),
(170, 2, 3, 219),
(171, 2, 2, 220),
(172, 2, 1, 221),
(173, 3, 2, 222),
(174, 3, 1, 223),
(175, 18, 1, 224),
(176, 18, 2, 225),
(177, 18, 3, 226),
(178, 14, 1, 227),
(179, 14, 2, 228),
(180, 17, 1, 229),
(181, 17, 2, 230),
(182, 17, 3, 231),
(183, 19, 1, 232),
(184, 19, 2, 233),
(185, 4, 1, 234),
(186, 4, 3, 235),
(187, 4, 2, 236),
(188, 10, 2, 237),
(189, 10, 1, 238),
(190, 12, 2, 239),
(191, 12, 3, 240),
(192, 12, 1, 241),
(193, 3, 1, 242),
(194, 3, 2, 243),
(195, 20, 1, 244),
(196, 20, 3, 245),
(197, 20, 2, 246),
(198, 15, 1, 247),
(199, 15, 2, 248),
(200, 10, 3, 249),
(201, 10, 1, 250),
(202, 10, 2, 251),
(203, 13, 2, 252),
(204, 13, 1, 253),
(205, 10, 3, 254),
(206, 10, 1, 255),
(207, 10, 2, 256),
(208, 2, 2, 257),
(209, 2, 1, 258),
(210, 10, 1, 259),
(211, 10, 2, 260),
(212, 10, 3, 261),
(213, 19, 2, 262),
(214, 19, 1, 263),
(215, 14, 2, 264),
(216, 14, 1, 265),
(217, 14, 3, 266),
(218, 2, 2, 267),
(219, 2, 1, 268),
(220, 18, 1, 269),
(221, 18, 3, 270),
(222, 18, 2, 271),
(223, 11, 2, 272),
(224, 11, 1, 273),
(225, 20, 1, 274),
(226, 20, 2, 275),
(227, 20, 3, 276),
(228, 12, 1, 277),
(229, 12, 2, 278),
(230, 7, 1, 279),
(231, 7, 2, 280),
(232, 7, 3, 281),
(233, 14, 1, 282),
(234, 14, 2, 283),
(235, 17, 2, 284),
(236, 17, 1, 285),
(237, 17, 3, 286),
(238, 14, 1, 287),
(239, 14, 2, 288),
(240, 7, 3, 289),
(241, 7, 2, 290),
(242, 7, 1, 291),
(243, 5, 2, 292),
(244, 5, 1, 293),
(245, 10, 1, 294),
(246, 10, 2, 295),
(247, 10, 3, 296),
(248, 18, 1, 297),
(249, 18, 2, 298),
(250, 2, 1, 299),
(251, 2, 2, 300),
(252, 2, 3, 301),
(253, 17, 2, 302),
(254, 6, 2, 303),
(255, 11, 2, 304),
(256, 12, 2, 305),
(257, 2, 2, 306),
(258, 4, 2, 307),
(259, 2, 2, 308),
(260, 15, 2, 309),
(261, 8, 2, 310),
(262, 1, 2, 311),
(263, 3, 2, 312),
(264, 18, 2, 313),
(265, 8, 2, 314),
(266, 9, 2, 315),
(267, 11, 2, 316),
(268, 18, 2, 317),
(269, 9, 2, 318),
(270, 8, 2, 319),
(271, 15, 2, 320),
(272, 14, 2, 321),
(273, 20, 3, 322),
(274, 4, 3, 323),
(275, 19, 3, 324),
(276, 7, 3, 325),
(277, 8, 3, 326),
(278, 4, 3, 327),
(279, 3, 3, 328);

-- --------------------------------------------------------

--
-- Estructura de tabla para la tabla `tipo_sanitario`
--

CREATE TABLE `tipo_sanitario` (
  `id` int(11) NOT NULL,
  `nombre` varchar(128) COLLATE utf8_spanish_ci DEFAULT NULL
) ENGINE=InnoDB DEFAULT CHARSET=utf8 COLLATE=utf8_spanish_ci;

--
-- Volcado de datos para la tabla `tipo_sanitario`
--

INSERT INTO `tipo_sanitario` (`id`, `nombre`) VALUES
(1, 'M├®dico'),
(2, 'Enfermero'),
(3, 'Auxiliar de Enfermer├¡a');

-- --------------------------------------------------------

--
-- Estructura de tabla para la tabla `trabajador`
--

CREATE TABLE `trabajador` (
  `id` int(11) NOT NULL,
  `fecha_contrato` date DEFAULT NULL,
  `hora_final` time DEFAULT NULL,
  `hora_inicio` time DEFAULT NULL,
  `salario_bruto` float DEFAULT NULL,
  `id_centro` int(11) DEFAULT NULL,
  `id_user` int(11) DEFAULT NULL
) ENGINE=InnoDB DEFAULT CHARSET=utf8 COLLATE=utf8_spanish_ci;

--
-- Volcado de datos para la tabla `trabajador`
--

INSERT INTO `trabajador` (`id`, `fecha_contrato`, `hora_final`, `hora_inicio`, `salario_bruto`, `id_centro`, `id_user`) VALUES
(1, '2021-01-08', '16:00:00', '08:00:00', 1500, 29, 4),
(2, '2021-01-08', '13:00:00', '08:00:00', 2000, 1, 5),
(3, '2022-12-28', '14:00:00', '08:00:00', 1800, 1, 6),
(4, '2023-03-24', '18:00:00', '14:00:00', 2500, 1, 7),
(5, '2022-08-25', '21:00:00', '15:00:00', 2100, 1, 8),
(6, '2021-05-21', '23:00:00', '17:30:00', 2000, 1, 9),
(7, '2018-12-14', '16:00:00', '08:00:00', 1110, 1, 3),
(8, '2018-12-09', '13:00:00', '08:00:00', 1646, 2, 15),
(9, '2018-12-17', '14:00:00', '08:00:00', 1351, 3, 18),
(10, '2018-12-20', '18:00:00', '14:00:00', 1847, 4, 19),
(11, '2018-12-03', '21:00:00', '15:00:00', 1647, 5, 21),
(12, '2018-12-16', '23:00:00', '17:30:00', 1245, 6, 25),
(13, '2018-12-08', '14:00:00', '09:00:00', 2286, 7, 26),
(14, '2018-12-22', '14:00:00', '09:00:00', 1520, 8, 27),
(15, '2018-12-30', '14:00:00', '09:00:00', 2122, 9, 29),
(16, '2018-12-22', '14:00:00', '09:00:00', 2257, 10, 36),
(17, '2018-12-01', '14:00:00', '09:00:00', 1669, 11, 38),
(18, '2018-12-30', '14:00:00', '09:00:00', 2465, 12, 39),
(19, '2018-12-16', '14:00:00', '09:00:00', 1412, 13, 42),
(20, '2018-12-17', '14:00:00', '09:00:00', 2222, 14, 43),
(21, '2018-12-22', '14:00:00', '09:00:00', 1383, 15, 46),
(22, '2018-12-12', '14:00:00', '09:00:00', 1742, 16, 51),
(23, '2018-12-10', '14:00:00', '09:00:00', 1542, 17, 52),
(24, '2018-12-18', '14:00:00', '09:00:00', 1238, 18, 53),
(25, '2018-12-24', '14:00:00', '09:00:00', 2156, 19, 54),
(26, '2018-12-30', '14:00:00', '09:00:00', 1551, 20, 58),
(27, '2018-12-15', '14:00:00', '09:00:00', 2288, 21, 61),
(28, '2018-12-13', '14:00:00', '09:00:00', 2412, 22, 62),
(29, '2018-12-20', '14:00:00', '09:00:00', 2413, 23, 65),
(30, '2018-12-29', '14:00:00', '09:00:00', 1002, 24, 66),
(31, '2018-12-29', '14:00:00', '09:00:00', 2111, 25, 68),
(32, '2018-12-29', '14:00:00', '09:00:00', 1325, 26, 69),
(33, '2018-12-18', '14:00:00', '09:00:00', 1542, 27, 70),
(34, '2018-12-25', '14:00:00', '09:00:00', 1405, 28, 71),
(35, '2018-12-19', '14:00:00', '09:00:00', 1145, 29, 76),
(36, '2018-12-13', '14:00:00', '09:00:00', 2342, 30, 79),
(37, '2018-12-15', '14:00:00', '09:00:00', 1861, 31, 82),
(38, '2018-12-07', '14:00:00', '09:00:00', 1522, 32, 92),
(39, '2018-12-14', '14:00:00', '09:00:00', 1733, 33, 96),
(40, '2018-12-02', '14:00:00', '09:00:00', 1484, 34, 98),
(41, '2018-12-02', '14:00:00', '09:00:00', 2154, 35, 99),
(42, '2018-12-21', '14:00:00', '09:00:00', 1788, 36, 104),
(43, '2018-12-06', '14:00:00', '09:00:00', 2148, 37, 111),
(44, '2018-12-19', '14:00:00', '09:00:00', 2374, 38, 115),
(45, '2018-12-26', '14:00:00', '09:00:00', 2151, 39, 121),
(46, '2018-12-25', '14:00:00', '09:00:00', 1417, 40, 123),
(47, '2018-12-06', '14:00:00', '09:00:00', 1223, 41, 124),
(48, '2018-12-26', '14:00:00', '09:00:00', 2288, 42, 130),
(49, '2018-12-02', '14:00:00', '09:00:00', 2091, 43, 131),
(50, '2018-12-21', '14:00:00', '09:00:00', 1324, 44, 132),
(51, '2018-12-23', '14:00:00', '09:00:00', 1189, 45, 135),
(52, '2018-12-22', '14:00:00', '09:00:00', 1051, 46, 136),
(53, '2018-12-05', '14:00:00', '09:00:00', 1049, 47, 139),
(54, '2018-12-13', '14:00:00', '09:00:00', 2114, 48, 143),
(55, '2018-12-10', '14:00:00', '09:00:00', 1582, 49, 144),
(56, '2018-12-14', '14:00:00', '09:00:00', 1500, 50, 148),
(57, '2018-12-13', '20:00:00', '09:00:00', 1910, 2, 156),
(58, '2018-12-16', '20:00:00', '09:00:00', 2429, 2, 158),
(59, '2018-12-10', '20:00:00', '09:00:00', 1540, 2, 161),
(60, '2018-12-05', '20:00:00', '09:00:00', 2048, 2, 165),
(61, '2018-12-16', '20:00:00', '09:00:00', 1710, 2, 168),
(62, '2018-12-29', '20:00:00', '09:00:00', 1556, 3, 169),
(63, '2018-12-25', '20:00:00', '09:00:00', 1664, 3, 174),
(64, '2018-12-11', '20:00:00', '09:00:00', 2494, 3, 177),
(65, '2018-12-09', '20:00:00', '09:00:00', 1229, 3, 178),
(66, '2018-12-19', '20:00:00', '09:00:00', 2358, 3, 182),
(67, '2018-12-08', '20:00:00', '09:00:00', 2240, 4, 183),
(68, '2018-12-11', '20:00:00', '09:00:00', 2500, 4, 185),
(69, '2018-12-06', '20:00:00', '09:00:00', 1533, 4, 188),
(70, '2018-12-10', '20:00:00', '09:00:00', 1619, 4, 189),
(71, '2018-12-27', '20:00:00', '09:00:00', 1175, 4, 196),
(72, '2018-12-16', '20:00:00', '09:00:00', 2173, 5, 200),
(73, '2018-12-02', '20:00:00', '09:00:00', 1710, 5, 202),
(75, '2018-12-10', '20:00:00', '09:00:00', 1965, 5, 205),
(76, '2018-12-30', '20:00:00', '09:00:00', 2374, 5, 208),
(77, '2018-12-28', '20:00:00', '09:00:00', 1145, 6, 210),
(78, '2018-12-27', '20:00:00', '09:00:00', 1763, 6, 211),
(79, '2018-12-09', '20:00:00', '09:00:00', 1155, 6, 216),
(80, '2018-12-18', '20:00:00', '09:00:00', 1781, 6, 217),
(81, '2018-12-22', '20:00:00', '09:00:00', 1655, 6, 222),
(82, '2018-12-14', '20:00:00', '09:00:00', 1827, 7, 228),
(83, '2018-12-06', '20:00:00', '09:00:00', 1370, 7, 232),
(84, '2018-12-10', '20:00:00', '09:00:00', 1796, 7, 235),
(85, '2018-12-28', '20:00:00', '09:00:00', 1993, 7, 236),
(86, '2018-12-25', '20:00:00', '09:00:00', 1581, 7, 237),
(87, '2018-12-01', '20:00:00', '09:00:00', 1677, 8, 238),
(88, '2018-12-13', '20:00:00', '09:00:00', 2489, 8, 239),
(89, '2018-12-17', '20:00:00', '09:00:00', 2319, 8, 240),
(90, '2018-12-11', '20:00:00', '09:00:00', 1056, 8, 241),
(91, '2018-12-18', '20:00:00', '09:00:00', 1190, 8, 242),
(92, '2018-12-12', '20:00:00', '09:00:00', 1739, 9, 245),
(93, '2018-12-04', '20:00:00', '09:00:00', 1946, 9, 247),
(94, '2018-12-12', '20:00:00', '09:00:00', 1830, 9, 248),
(95, '2018-12-24', '20:00:00', '09:00:00', 1041, 9, 253),
(96, '2018-12-30', '20:00:00', '09:00:00', 2163, 9, 257),
(97, '2018-12-06', '20:00:00', '09:00:00', 2361, 10, 260),
(98, '2018-12-14', '20:00:00', '09:00:00', 1815, 10, 262),
(99, '2018-12-23', '20:00:00', '09:00:00', 2345, 10, 266),
(100, '2018-12-26', '20:00:00', '09:00:00', 1101, 10, 269),
(101, '2018-12-11', '20:00:00', '09:00:00', 1803, 10, 271),
(102, '2018-12-23', '20:00:00', '09:00:00', 1993, 11, 275),
(103, '2018-12-10', '20:00:00', '09:00:00', 1613, 11, 278),
(104, '2018-12-28', '20:00:00', '09:00:00', 1509, 11, 280),
(105, '2018-12-04', '20:00:00', '09:00:00', 1072, 11, 286),
(106, '2018-12-03', '20:00:00', '09:00:00', 2019, 11, 287),
(107, '2018-12-22', '20:00:00', '09:00:00', 2278, 12, 288),
(108, '2018-12-17', '20:00:00', '09:00:00', 2369, 12, 292),
(109, '2018-12-08', '20:00:00', '09:00:00', 2027, 12, 297),
(110, '2018-12-26', '20:00:00', '09:00:00', 1550, 12, 303),
(111, '2018-12-15', '20:00:00', '09:00:00', 1630, 12, 305),
(112, '2018-12-10', '20:00:00', '09:00:00', 1486, 13, 310),
(114, '2018-12-06', '20:00:00', '09:00:00', 1614, 13, 317),
(115, '2018-12-06', '20:00:00', '09:00:00', 2499, 13, 318),
(116, '2018-12-01', '20:00:00', '09:00:00', 1205, 13, 322),
(117, '2018-12-05', '20:00:00', '09:00:00', 2491, 14, 330),
(118, '2018-12-18', '20:00:00', '09:00:00', 2281, 14, 333),
(119, '2018-12-22', '20:00:00', '09:00:00', 1487, 14, 338),
(120, '2018-12-25', '20:00:00', '09:00:00', 1012, 14, 340),
(121, '2018-12-26', '20:00:00', '09:00:00', 1323, 14, 343),
(122, '2018-12-13', '20:00:00', '09:00:00', 1698, 15, 345),
(123, '2018-12-02', '20:00:00', '09:00:00', 1431, 15, 349),
(124, '2018-12-02', '20:00:00', '09:00:00', 2202, 15, 352),
(125, '2018-12-19', '20:00:00', '09:00:00', 2135, 15, 355),
(126, '2018-12-05', '20:00:00', '09:00:00', 2190, 15, 357),
(127, '2018-12-16', '20:00:00', '09:00:00', 1453, 16, 358),
(128, '2018-12-15', '20:00:00', '09:00:00', 2016, 16, 359),
(129, '2018-12-12', '20:00:00', '09:00:00', 1231, 16, 360),
(130, '2018-12-24', '20:00:00', '09:00:00', 2247, 16, 365),
(131, '2018-12-30', '20:00:00', '09:00:00', 1332, 16, 366),
(132, '2018-12-16', '20:00:00', '09:00:00', 1842, 17, 368),
(133, '2018-12-27', '20:00:00', '09:00:00', 2232, 17, 373),
(134, '2018-12-26', '20:00:00', '09:00:00', 1233, 17, 374),
(135, '2018-12-19', '20:00:00', '09:00:00', 1989, 17, 377),
(136, '2018-12-20', '20:00:00', '09:00:00', 2090, 17, 379),
(137, '2018-12-15', '20:00:00', '09:00:00', 1731, 18, 382),
(138, '2018-12-20', '20:00:00', '09:00:00', 1131, 18, 385),
(139, '2018-12-26', '20:00:00', '09:00:00', 2344, 18, 386),
(140, '2018-12-19', '20:00:00', '09:00:00', 2160, 18, 389),
(141, '2018-12-29', '20:00:00', '09:00:00', 1096, 18, 391),
(142, '2018-12-05', '20:00:00', '09:00:00', 2214, 19, 392),
(143, '2018-12-15', '20:00:00', '09:00:00', 1948, 19, 393),
(144, '2018-12-02', '20:00:00', '09:00:00', 1702, 19, 396),
(145, '2018-12-21', '20:00:00', '09:00:00', 1554, 19, 397),
(146, '2018-12-16', '20:00:00', '09:00:00', 2191, 19, 398),
(147, '2018-12-22', '20:00:00', '09:00:00', 1275, 20, 401),
(148, '2018-12-28', '20:00:00', '09:00:00', 2030, 20, 403),
(149, '2018-12-25', '20:00:00', '09:00:00', 1024, 20, 407),
(150, '2018-12-10', '20:00:00', '09:00:00', 1075, 20, 408),
(151, '2018-12-23', '20:00:00', '09:00:00', 1107, 20, 409),
(152, '2018-12-06', '20:00:00', '09:00:00', 1696, 21, 419),
(153, '2018-12-19', '20:00:00', '09:00:00', 1055, 21, 424),
(154, '2018-12-03', '20:00:00', '09:00:00', 1079, 21, 425),
(155, '2018-12-15', '20:00:00', '09:00:00', 2462, 21, 437),
(156, '2018-12-12', '20:00:00', '09:00:00', 1575, 21, 440),
(157, '2018-12-18', '20:00:00', '09:00:00', 1001, 22, 442),
(158, '2018-12-26', '20:00:00', '09:00:00', 1211, 22, 444),
(159, '2018-12-27', '20:00:00', '09:00:00', 2107, 22, 445),
(160, '2018-12-24', '20:00:00', '09:00:00', 2363, 22, 449),
(161, '2018-12-25', '20:00:00', '09:00:00', 2190, 22, 452),
(162, '2018-12-25', '20:00:00', '09:00:00', 1246, 23, 456),
(163, '2018-12-27', '20:00:00', '09:00:00', 2261, 23, 459),
(164, '2018-12-02', '20:00:00', '09:00:00', 1343, 23, 461),
(165, '2018-12-07', '20:00:00', '09:00:00', 2088, 23, 466),
(166, '2018-12-28', '20:00:00', '09:00:00', 1232, 23, 468),
(167, '2018-12-08', '20:00:00', '09:00:00', 1528, 24, 469),
(168, '2018-12-29', '20:00:00', '09:00:00', 1624, 24, 471),
(169, '2018-12-25', '20:00:00', '09:00:00', 1559, 24, 473),
(170, '2018-12-20', '20:00:00', '09:00:00', 1347, 24, 475),
(171, '2018-12-10', '20:00:00', '09:00:00', 1809, 24, 476),
(172, '2018-12-12', '20:00:00', '09:00:00', 2314, 25, 478),
(173, '2018-12-18', '20:00:00', '09:00:00', 1959, 25, 479),
(174, '2018-12-21', '20:00:00', '09:00:00', 1963, 25, 484),
(175, '2018-12-07', '20:00:00', '09:00:00', 1763, 25, 488),
(176, '2018-12-16', '20:00:00', '09:00:00', 1106, 25, 489),
(177, '2018-12-07', '20:00:00', '09:00:00', 1330, 26, 490),
(178, '2018-12-12', '20:00:00', '09:00:00', 2052, 26, 491),
(179, '2018-12-05', '20:00:00', '09:00:00', 1254, 26, 494),
(180, '2018-12-27', '20:00:00', '09:00:00', 1579, 26, 495),
(181, '2018-12-26', '20:00:00', '09:00:00', 1696, 26, 501),
(182, '2018-12-03', '20:00:00', '09:00:00', 1401, 27, 502),
(183, '2018-12-01', '20:00:00', '09:00:00', 1085, 27, 503),
(184, '2018-12-08', '20:00:00', '09:00:00', 1433, 27, 505),
(185, '2018-12-26', '20:00:00', '09:00:00', 1344, 27, 506),
(186, '2018-12-07', '20:00:00', '09:00:00', 2425, 27, 508),
(187, '2018-12-07', '20:00:00', '09:00:00', 1930, 28, 509),
(188, '2018-12-28', '20:00:00', '09:00:00', 2314, 28, 517),
(189, '2018-12-23', '20:00:00', '09:00:00', 2369, 28, 527),
(190, '2018-12-13', '20:00:00', '09:00:00', 1059, 28, 529),
(191, '2018-12-27', '20:00:00', '09:00:00', 1133, 28, 533),
(192, '2018-12-04', '20:00:00', '09:00:00', 1458, 29, 537),
(193, '2018-12-19', '20:00:00', '09:00:00', 1149, 29, 544),
(194, '2018-12-10', '20:00:00', '09:00:00', 2152, 29, 545),
(195, '2018-12-02', '20:00:00', '09:00:00', 2433, 29, 546),
(196, '2018-12-05', '20:00:00', '09:00:00', 2151, 29, 548),
(197, '2018-12-27', '20:00:00', '09:00:00', 1870, 30, 550),
(198, '2018-12-27', '20:00:00', '09:00:00', 1707, 30, 552),
(199, '2018-12-06', '20:00:00', '09:00:00', 1398, 30, 554),
(200, '2018-12-06', '20:00:00', '09:00:00', 1830, 30, 557),
(201, '2018-12-20', '20:00:00', '09:00:00', 2417, 30, 567),
(202, '2018-12-11', '20:00:00', '09:00:00', 1511, 31, 568),
(203, '2018-12-24', '20:00:00', '09:00:00', 1481, 31, 569),
(204, '2018-12-23', '20:00:00', '09:00:00', 2002, 31, 570),
(205, '2018-12-06', '20:00:00', '09:00:00', 2433, 31, 581),
(206, '2018-12-15', '20:00:00', '09:00:00', 1312, 31, 583),
(207, '2018-12-05', '20:00:00', '09:00:00', 1941, 32, 587),
(208, '2018-12-28', '20:00:00', '09:00:00', 2272, 32, 588),
(209, '2018-12-09', '20:00:00', '09:00:00', 1953, 32, 590),
(210, '2018-12-14', '20:00:00', '09:00:00', 1353, 32, 594),
(211, '2018-12-09', '20:00:00', '09:00:00', 1053, 32, 595),
(212, '2018-12-18', '20:00:00', '09:00:00', 1683, 33, 599),
(213, '2018-12-01', '20:00:00', '09:00:00', 2483, 33, 608),
(214, '2018-12-10', '20:00:00', '09:00:00', 2083, 33, 611),
(215, '2018-12-28', '20:00:00', '09:00:00', 1013, 33, 617),
(216, '2018-12-28', '20:00:00', '09:00:00', 2221, 33, 622),
(217, '2018-12-08', '20:00:00', '09:00:00', 2013, 34, 624),
(218, '2018-12-13', '20:00:00', '09:00:00', 1880, 34, 630),
(219, '2018-12-24', '20:00:00', '09:00:00', 2215, 34, 632),
(220, '2018-12-19', '20:00:00', '09:00:00', 1691, 34, 641),
(221, '2018-12-12', '20:00:00', '09:00:00', 1640, 34, 644),
(222, '2018-12-24', '20:00:00', '09:00:00', 1569, 35, 645),
(223, '2018-12-12', '20:00:00', '09:00:00', 1895, 35, 647),
(224, '2018-12-19', '20:00:00', '09:00:00', 1190, 35, 650),
(225, '2018-12-17', '20:00:00', '09:00:00', 1934, 35, 657),
(226, '2018-12-18', '20:00:00', '09:00:00', 2386, 35, 662),
(227, '2018-12-23', '20:00:00', '09:00:00', 2097, 36, 664),
(228, '2018-12-01', '20:00:00', '09:00:00', 1805, 36, 670),
(229, '2018-12-17', '20:00:00', '09:00:00', 1180, 36, 671),
(230, '2018-12-03', '20:00:00', '09:00:00', 1455, 36, 672),
(231, '2018-12-15', '20:00:00', '09:00:00', 2037, 36, 674),
(232, '2018-12-03', '20:00:00', '09:00:00', 2257, 37, 675),
(233, '2018-12-13', '20:00:00', '09:00:00', 1908, 37, 680),
(234, '2018-12-15', '20:00:00', '09:00:00', 2313, 37, 682),
(235, '2018-12-10', '20:00:00', '09:00:00', 1697, 37, 684),
(236, '2018-12-15', '20:00:00', '09:00:00', 1038, 37, 689),
(237, '2018-12-24', '20:00:00', '09:00:00', 2113, 38, 694),
(238, '2018-12-03', '20:00:00', '09:00:00', 1011, 38, 696),
(239, '2018-12-10', '20:00:00', '09:00:00', 2019, 38, 704),
(240, '2018-12-01', '20:00:00', '09:00:00', 2020, 38, 707),
(241, '2018-12-23', '20:00:00', '09:00:00', 1724, 38, 708),
(242, '2018-12-14', '20:00:00', '09:00:00', 2139, 39, 714),
(243, '2018-12-07', '20:00:00', '09:00:00', 1438, 39, 716),
(244, '2018-12-02', '20:00:00', '09:00:00', 1299, 39, 717),
(245, '2018-12-23', '20:00:00', '09:00:00', 2390, 39, 718),
(246, '2018-12-06', '20:00:00', '09:00:00', 1521, 39, 723),
(247, '2018-12-20', '20:00:00', '09:00:00', 2134, 40, 733),
(248, '2018-12-13', '20:00:00', '09:00:00', 1127, 40, 748),
(249, '2018-12-06', '20:00:00', '09:00:00', 1233, 40, 752),
(250, '2018-12-29', '20:00:00', '09:00:00', 1178, 40, 753),
(251, '2018-12-10', '20:00:00', '09:00:00', 1756, 40, 758),
(252, '2018-12-20', '20:00:00', '09:00:00', 1267, 41, 759),
(253, '2018-12-19', '20:00:00', '09:00:00', 1229, 41, 763),
(254, '2018-12-21', '20:00:00', '09:00:00', 2033, 41, 772),
(255, '2018-12-14', '20:00:00', '09:00:00', 2500, 41, 778),
(256, '2018-12-26', '20:00:00', '09:00:00', 1977, 41, 779),
(257, '2018-12-24', '20:00:00', '09:00:00', 1220, 42, 783),
(258, '2018-12-15', '20:00:00', '09:00:00', 1325, 42, 784),
(259, '2018-12-29', '20:00:00', '09:00:00', 1047, 42, 785),
(260, '2018-12-10', '20:00:00', '09:00:00', 1742, 42, 786),
(261, '2018-12-16', '20:00:00', '09:00:00', 1262, 42, 790),
(262, '2018-12-04', '20:00:00', '09:00:00', 1962, 43, 793),
(263, '2018-12-03', '20:00:00', '09:00:00', 1977, 43, 797),
(264, '2018-12-18', '20:00:00', '09:00:00', 1558, 43, 803),
(265, '2018-12-18', '20:00:00', '09:00:00', 1710, 43, 804),
(266, '2018-12-12', '20:00:00', '09:00:00', 1920, 43, 805),
(267, '2018-12-08', '20:00:00', '09:00:00', 1147, 44, 806),
(268, '2018-12-14', '20:00:00', '09:00:00', 2233, 44, 807),
(269, '2018-12-24', '20:00:00', '09:00:00', 1968, 44, 808),
(270, '2018-12-30', '20:00:00', '09:00:00', 1516, 44, 813),
(271, '2018-12-09', '20:00:00', '09:00:00', 1692, 44, 816),
(272, '2018-12-01', '20:00:00', '09:00:00', 1484, 45, 821),
(273, '2018-12-04', '20:00:00', '09:00:00', 2232, 45, 825),
(274, '2018-12-04', '20:00:00', '09:00:00', 2026, 45, 833),
(275, '2018-12-14', '20:00:00', '09:00:00', 2490, 45, 838),
(276, '2018-12-11', '20:00:00', '09:00:00', 1171, 45, 842),
(277, '2018-12-23', '20:00:00', '09:00:00', 1309, 46, 847),
(278, '2018-12-07', '20:00:00', '09:00:00', 2399, 46, 849),
(279, '2018-12-15', '20:00:00', '09:00:00', 2297, 46, 850),
(280, '2018-12-14', '20:00:00', '09:00:00', 2263, 46, 851),
(281, '2018-12-16', '20:00:00', '09:00:00', 1713, 46, 852),
(282, '2018-12-21', '20:00:00', '09:00:00', 2408, 47, 853),
(283, '2018-12-09', '20:00:00', '09:00:00', 2233, 47, 854),
(284, '2018-12-08', '20:00:00', '09:00:00', 1807, 47, 857),
(285, '2018-12-16', '20:00:00', '09:00:00', 2459, 47, 858),
(286, '2018-12-26', '20:00:00', '09:00:00', 2332, 47, 861),
(287, '2018-12-24', '20:00:00', '09:00:00', 1477, 48, 869),
(288, '2018-12-05', '20:00:00', '09:00:00', 1555, 48, 870),
(289, '2018-12-02', '20:00:00', '09:00:00', 2364, 48, 873),
(290, '2018-12-18', '20:00:00', '09:00:00', 1475, 48, 875),
(291, '2018-12-02', '20:00:00', '09:00:00', 1848, 48, 878),
(292, '2018-12-14', '20:00:00', '09:00:00', 2159, 48, 882),
(293, '2018-12-02', '20:00:00', '09:00:00', 2279, 48, 886),
(294, '2018-12-24', '20:00:00', '09:00:00', 1104, 48, 891),
(295, '2018-12-30', '20:00:00', '09:00:00', 2171, 48, 893),
(296, '2018-12-16', '20:00:00', '09:00:00', 1153, 48, 895),
(297, '2018-12-11', '20:00:00', '09:00:00', 1079, 50, 896),
(298, '2018-12-24', '20:00:00', '09:00:00', 1563, 50, 898),
(299, '2018-12-07', '20:00:00', '09:00:00', 1264, 50, 901),
(300, '2018-12-07', '20:00:00', '09:00:00', 2152, 50, 903),
(301, '2018-12-13', '20:00:00', '09:00:00', 1195, 50, 905),
(302, '2018-12-18', '20:00:00', '09:00:00', 1365, 1, 907),
(303, '2018-12-26', '20:00:00', '09:00:00', 2348, 2, 912),
(304, '2018-12-13', '20:00:00', '09:00:00', 1117, 3, 915),
(305, '2018-12-05', '20:00:00', '09:00:00', 1256, 4, 921),
(306, '2018-12-07', '20:00:00', '09:00:00', 1929, 5, 924),
(307, '2018-12-07', '20:00:00', '09:00:00', 1402, 6, 931),
(308, '2018-12-17', '20:00:00', '09:00:00', 1714, 7, 932),
(309, '2018-12-28', '20:00:00', '09:00:00', 2040, 8, 935),
(310, '2018-12-26', '20:00:00', '09:00:00', 1044, 9, 936),
(311, '2018-12-01', '20:00:00', '09:00:00', 1533, 10, 938),
(312, '2018-12-05', '20:00:00', '09:00:00', 1271, 11, 939),
(313, '2018-12-18', '20:00:00', '09:00:00', 1868, 12, 940),
(314, '2018-12-20', '20:00:00', '09:00:00', 1007, 13, 941),
(315, '2018-12-15', '20:00:00', '09:00:00', 2235, 14, 942),
(316, '2018-12-30', '20:00:00', '09:00:00', 2019, 15, 945),
(317, '2018-12-12', '20:00:00', '09:00:00', 1855, 16, 952),
(318, '2018-12-01', '20:00:00', '09:00:00', 1007, 17, 954),
(319, '2018-12-06', '20:00:00', '09:00:00', 2271, 18, 958),
(320, '2018-12-15', '20:00:00', '09:00:00', 1990, 19, 959),
(321, '2018-12-06', '20:00:00', '09:00:00', 1366, 20, 963),
(322, '2018-12-26', '20:00:00', '09:00:00', 1195, 21, 972),
(323, '2018-12-19', '20:00:00', '09:00:00', 1732, 22, 978),
(324, '2018-12-09', '20:00:00', '09:00:00', 2365, 23, 979),
(325, '2018-12-08', '20:00:00', '09:00:00', 1502, 24, 982),
(326, '2018-12-06', '20:00:00', '09:00:00', 1923, 25, 985),
(327, '2018-12-17', '20:00:00', '09:00:00', 1901, 26, 987),
(328, '2018-12-28', '20:00:00', '09:00:00', 2480, 27, 991);

-- --------------------------------------------------------

--
-- Estructura de tabla para la tabla `user`
--

CREATE TABLE `user` (
  `id` int(11) NOT NULL,
  `apellidos` varchar(128) COLLATE utf8_spanish_ci DEFAULT NULL,
  `baja` bit(1) DEFAULT NULL,
  `direccion` varchar(128) COLLATE utf8_spanish_ci DEFAULT NULL,
  `dni` varchar(255) COLLATE utf8_spanish_ci DEFAULT NULL,
  `nombre` varchar(128) COLLATE utf8_spanish_ci DEFAULT NULL,
  `password` varchar(255) COLLATE utf8_spanish_ci DEFAULT NULL,
  `telefono` varchar(128) COLLATE utf8_spanish_ci DEFAULT NULL,
  `username` varchar(255) COLLATE utf8_spanish_ci DEFAULT NULL,
  `rol` int(11) DEFAULT NULL
) ENGINE=InnoDB DEFAULT CHARSET=utf8 COLLATE=utf8_spanish_ci;

--
-- Volcado de datos para la tabla `user`
--

INSERT INTO `user` (`id`, `apellidos`, `baja`, `direccion`, `dni`, `nombre`, `password`, `telefono`, `username`, `rol`) VALUES
(1, 'Oen', b'1', '085 Karstens Pass', '15995086', 'Sheilakathryn', 'aOUkbl', '1858152735', '26962634', 1),
(2, 'S├ínchez Hern├índez', b'0', 'Garc├¡a Quijano', '77395807', 'Paulo', '$2a$11$xMsG3xv.tybC0Or5SfmMf.j5jPnWNWlCEkmYJEg7zjQDdTlCzpgWW', '638353000', '77395807', 1),
(3, 'Garc├¡a P├®rez', b'0', 'Avenida de la salud p├║blica', '77395837', 'Luis Miguel', '$2a$11$T6Gmh9mjN.HrIpoFGP2kV.EK.qXDt/RQ7lrkNojt6i.8ZgFGW/6Xq', '635489651', 'luismiguelGP', 3),
(4, 'Garc├¡a Zamora', b'0', 'Calle Plus Ultra', '77854569', 'Jose Luis', '$2a$11$xLvFs.wBHILbHtTHrwdeK.z1stsUef8z9ohrlVXo5gX.c.brvBype', '685456922', 'joseluisGZ', 2),
(5, 'Casta├▒o P├®rez', b'0', 'Carreta de la vega', '345678213', 'Antonio', '$2a$11$05LW7XiOCu0cQ7oarMfy1OTCU/Z.qE4mPthK2HNOAnIuGGYFsmhKO', '654792561', 'antonioCP', 2),
(6, 'Vargas Gavi├▒o', b'0', 'Garcilaso de la Vega', '45698712', 'Ana', '$2a$11$xvVli60IIykx07DmVYTACOAHa6kPeaBgPv22FSEr4o6ixO2zAeGoO', '895612365', 'anaVG', 2),
(7, 'Gonz├ílez Hidalgo', b'0', 'Calle poeta Ayrolo', '48759612', 'Carlos', '$2a$11$05LW7XiOCu0cQ7oarMfy1OTCU/Z.qE4mPthK2HNOAnIuGGYFsmhKO', '548962145', 'carlosGH', 2),
(8, 'Pontevedra Barberi', b'0', 'Plus Ultra', '77845695', 'Mar├¡a', '$2a$11$05LW7XiOCu0cQ7oarMfy1OTCU/Z.qE4mPthK2HNOAnIuGGYFsmhKO', '654120369', 'mariaPB', 2),
(9, 'Agrafojo N├║├▒ez', b'0', 'Plaza Espa├▒a', '45789621', 'Ivana', '$2a$11$05LW7XiOCu0cQ7oarMfy1OTCU/Z.qE4mPthK2HNOAnIuGGYFsmhKO', '654128569', 'ivanaAN', 2),
(10, 'Purito Rodr├¡guez', b'0', 'Plaza del Sol', '14527896', 'Alberto', '$2a$11$KTh7pQi6NJ0D.X3H1eT4R..U3QprEHai7IxBihRwpQTooQL94OCz.', '621458966', '14527896', 1),
(11, 'Hern├índez Peri├▒├ín', b'0', 'Garc├¡a de Sola', '45789612', 'Aurora', '$2a$11$cjxT2/S78UEamRJ5xJ20DuxvhqcTK2Y6SpVYeGMu97Xu.6uphpQq6', '698451248', '45789612', 1),
(12, 'Bocu├▒ano Duarte', b'0', 'Guillen Moreno', '77549622', 'Ismael', '$2a$11$gmb0gfHK.x7NFZZAuODHXuMo2r2S84SpjnlZH/G84a04vVYSHbEQ2', '654785512', '77549622', 1),
(13, 'Batho', b'0', '4316 Fairview Avenue', '44255556', 'Jeanine', 'iOjnLZRzj6r', '2515709293', '44255556', 1),
(14, 'Knott', b'1', '8526 Magdeline Trail', '88925423', 'Shae', '62IPWqfm', '1453425832', '88925423', 1),
(15, 'a', b'0', 'a', '77845694', 'a', '$2a$11$ytQQ0quqG.lRIyz2QI4oNeNY.7URFYAfnH3bYMI3k5IJB22eilaZG', '956260741', '77845694', 3),
(16, 'Phlipon', b'1', '5 Stang Lane', '25471115', 'Fidelio', 'IvU58Fo8T', '6069847855', '25471115', 1),
(17, 'Championnet', b'0', '144 Alpine Alley', '95913220', 'Wilton', 'LoSBlyBU61oH', '3516740991', '95913220', 1),
(18, 'Cinderey', b'0', '5 Ridgeway Pass', '15296467', 'Bertrand', 'QrDU4Bx', '7122431206', '15296467', 3),
(19, 'Daugherty', b'0', '69 Monterey Avenue', '12782391', 'Kaitlin', 'Mw992cEnu', '2092860988', '12782391', 3),
(20, 'Thornton-Dewhirst', b'1', '71 Victoria Place', '33629637', 'Amalia', '3RyoT8', '5865577029', '33629637', 1),
(21, 'Fairfoul', b'0', '546 Cardinal Center', '97055560', 'Francesca', 'p06HX7hDrWyV', '8909415442', '97055560', 3),
(22, 'Byatt', b'0', '60226 4th Street', '36073274', 'Janeta', '47riA0EGupU', '8449205241', '36073274', 1),
(23, 'MacFadden', b'0', '35085 Mccormick Circle', '62616622', 'Kevon', 'SVb6Y2Q41vJ6', '4013091337', '62616622', 1),
(24, 'Biggadike', b'1', '9 Meadow Vale Park', '75382181', 'Edik', 'CqYL3mFX', '6628635586', '75382181', 1),
(25, 'Rugge', b'0', '6 Pleasure Way', '47472843', 'Saunder', 'yKEohKAesIia', '8292251520', '47472843', 3),
(26, 'King', b'1', '73 Park Meadow Place', '72103873', 'Joanna', '62id0z', '8675475088', '72103873', 3),
(27, 'Tidridge', b'1', '17 Shopko Way', '68452265', 'Tymothy', 'wudm6MM', '5415475946', '68452265', 3),
(28, 'Tax', b'0', '45773 Summer Ridge Street', '73068112', 'Bryn', 'MBqi54pF2qX', '9033533693', '73068112', 1),
(29, 'Ralston', b'1', '56 Bowman Crossing', '37957595', 'Odelia', 'b4XZLSu', '7854810530', '37957595', 3),
(30, 'Benyan', b'0', '0 Graceland Court', '52716328', 'Shaun', '3gtGliI', '3257320691', '52716328', 1),
(31, 'De Morena', b'1', '06968 Barby Junction', '64440551', 'Randall', 'APjqO8aK', '7635996090', '64440551', 1),
(32, 'Kinrade', b'1', '29 Swallow Alley', '13488852', 'Laurene', '9xmZHJ', '6322071011', '13488852', 1),
(33, 'Vidgeon', b'0', '87 John Wall Hill', '28468427', 'Renaud', 'VkOdDc67', '7997643465', '28468427', 1),
(34, 'Louca', b'1', '19150 Sauthoff Lane', '94898969', 'Sonnie', 'WW2Zcky0qY', '3049933482', '94898969', 1),
(35, 'Mougeot', b'1', '45661 Summit Terrace', '93542356', 'Bat', 'aMzEhKpxJEh', '4472912626', '93542356', 1),
(36, 'Easterby', b'1', '198 5th Way', '12036309', 'Etienne', 'cO4YIX4BjY', '6047780675', '12036309', 3),
(37, 'Blunsden', b'0', '8697 Oak Valley Lane', '78000079', 'Ashlan', '40vcxy4', '5239506191', '78000079', 1),
(38, 'Turbat', b'0', '7705 Clyde Gallagher Plaza', '74162735', 'Karole', 'Kk64MOAiHM', '5611850117', '74162735', 3),
(39, 'Pridding', b'1', '444 Sachs Trail', '94873139', 'Boigie', 'kKWg5ajDi', '6107355675', '94873139', 3),
(40, 'Douthwaite', b'0', '1 Barby Alley', '47139189', 'Petr', 'KQmw5tQ5q', '8941965910', '47139189', 1),
(41, 'Voysey', b'0', '324 Browning Junction', '35258453', 'Nelli', '$2a$11$TgrQSTK7DHWrYhVPmJcwBOhzVrJnkEOD7dnV7zWfNhW7z3lTGTsYe', '1637040566', '35258453', 1),
(42, 'Kasher', b'1', '810 Kensington Hill', '94677231', 'Ricardo', 'BowLmnYWhp', '1799713814', '94677231', 3),
(43, 'Chansonne', b'0', '09 Lakewood Drive', '18023300', 'Samaria', 'eeTWE3tq', '1647559057', '18023300', 3),
(44, 'Gonnard', b'0', '9 Marquette Crossing', '30304908', 'Pippy', 'R1HqSAplacv', '9108589959', '30304908', 1),
(45, 'Haller', b'0', '08 Texas Pass', '55473810', 'Enrika', 'hudmUPm', '9446236630', '55473810', 1),
(46, 'Bracey', b'1', '4817 Dahle Court', '39188764', 'Fernando', '7qFeZSN', '5252170699', '39188764', 3),
(47, 'Jagiela', b'0', '93204 Delladonna Lane', '43508224', 'Laughton', 'GgTZfMo', '3257223576', '43508224', 1),
(48, 'Simmings', b'0', '33883 Jenna Hill', '93654371', 'Talia', 'Df8DEJUNsS', '9745069505', '93654371', 1),
(49, 'Gillmore', b'0', '5875 Spohn Alley', '86593383', 'Carmelia', 'Q61us92HxeZ', '9632530173', '86593383', 1),
(50, 'McKibbin', b'1', '3104 Old Gate Hill', '48639301', 'Alister', 'Fp9NV4', '6047889723', '48639301', 1),
(51, 'Corter', b'0', '05165 North Trail', '15420743', 'Willy', 'B2b0QY6', '3664768652', '15420743', 3),
(52, 'Gatch', b'1', '9 Chive Alley', '87975498', 'Aeriell', 'vJRJRVBRkg', '6045539927', '87975498', 3),
(53, 'Gwinnel', b'0', '54180 Oriole Park', '59960141', 'Garik', 'PFtG1oMHXxl', '5748638075', '59960141', 3),
(54, 'Bettles', b'0', '0582 Lake View Trail', '35994762', 'Al', 'XCyiGC4', '8515630963', '35994762', 3),
(55, 'Reinmar', b'0', '67 Russell Center', '43776024', 'Preston', 'nPCMWej', '8503645202', '43776024', 1),
(56, 'Hatchett', b'0', '7 Thompson Crossing', '56775256', 'Ferdinande', 's0uQXc', '3405189621', '56775256', 1),
(57, 'Peret', b'0', '5831 Toban Hill', '12427609', 'Serena', 'VefdFDojkrn', '6726693318', '12427609', 1),
(58, 'Skepper', b'1', '515 Red Cloud Terrace', '50665846', 'Zaneta', 'ZjZOlD87Ou', '5406630178', '50665846', 3),
(59, 'Sabberton', b'1', '32 Veith Drive', '79548420', 'Diann', 'QhEi6Iiju', '9641367140', '79548420', 1),
(60, 'Hentze', b'0', '3468 Independence Lane', '60229507', 'Peder', 'vWzZ5uAjSgFU', '2123946065', '60229507', 1),
(61, 'MacLardie', b'1', '6161 Mcguire Hill', '96185944', 'Ambrosio', 'rhNTbBTdWIae', '8125510634', '96185944', 3),
(62, 'Zorener', b'1', '76944 Dayton Center', '71400512', 'Darlene', 'GKu8sF73Cdx5', '7669377815', '71400512', 3),
(63, 'Castro', b'0', '5 Bayside Pass', '58829879', 'Trula', 'mLxL7AUWg', '8325447755', '58829879', 1),
(64, 'Jouannisson', b'1', '367 Dovetail Park', '12796997', 'Saleem', 'Uf2nDw', '9419281039', '12796997', 1),
(65, 'Siemens', b'1', '85491 Magdeline Circle', '63594174', 'Roxie', 'x4fTz5Q1a', '7084139820', '63594174', 3),
(66, 'Roby', b'0', '38 Valley Edge Parkway', '79272620', 'Myrvyn', 'S8eF3skvdqz', '1687093426', '79272620', 3),
(67, 'Vagg', b'1', '67188 Montana Lane', '40163038', 'Barnabas', 'hhndPx3LNs', '6479757806', '40163038', 1),
(68, 'Alabastar', b'1', '6 Michigan Terrace', '34559079', 'Averyl', '5YXPgHgP7qN', '8277348548', '34559079', 3),
(69, 'Senyard', b'1', '1303 Corscot Center', '22750468', 'Ethelin', '0jc5DH', '2201402146', '22750468', 3),
(70, 'Goater', b'0', '8655 Arrowood Crossing', '19973866', 'Oran', 'OcnW6zRlJbVG', '5736338672', '19973866', 3),
(71, 'Gallelli', b'0', '416 Golden Leaf Terrace', '84556188', 'Valaree', '4GjuOyY', '9231446627', '84556188', 3),
(72, 'Cockburn', b'1', '9229 Granby Plaza', '79993146', 'Lucias', '7TWabMQT6M', '5047651560', '79993146', 1),
(73, 'Swafford', b'0', '77772 South Junction', '84884191', 'Bathsheba', 'g0z7qN3bEiY', '3894514773', '84884191', 1),
(74, 'Tapp', b'1', '75292 Messerschmidt Road', '48712371', 'Debor', 'jDC2Ci2WVny', '5782999544', '48712371', 1),
(75, 'Kike', b'1', '78836 Veith Hill', '29581142', 'Wald', 'RXTeIBZqhka', '4141678561', '29581142', 1),
(76, 'Emmatt', b'1', '080 Alpine Crossing', '96425805', 'Ingunna', 'WUgvbwXvRGz', '2926966474', '96425805', 3),
(77, 'McLaine', b'1', '7369 Coleman Road', '60656626', 'Suzie', 'zMojCGni', '5716020504', '60656626', 1),
(78, 'Pennick', b'0', '831 Lindbergh Way', '67967906', 'Roosevelt', 'qNmq7ls1', '8621092539', '67967906', 1),
(79, 'Thatcham', b'0', '46262 Fair Oaks Terrace', '53901951', 'Inness', 'rf0OHsHBxJvI', '9656707768', '53901951', 3),
(80, 'Caldero', b'0', '4 Packers Crossing', '71759819', 'Evvy', 'RaDMyEYQq', '2984142539', '71759819', 1),
(81, 'Tebbut', b'1', '9 Elmside Road', '20017279', 'Staford', 'e82DA1NW5', '8183562848', '20017279', 1),
(82, 'Havard', b'0', '802 Dawn Circle', '54507373', 'Pammy', 'wyyjzKSOweLB', '7645173978', '54507373', 3),
(83, 'Billings', b'1', '3953 7th Center', '70533730', 'Harrie', 'ZqLoko3', '2956951775', '70533730', 1),
(84, 'Peer', b'0', '3054 Fremont Court', '70378092', 'Corty', 'vykYZqjp', '4584110851', '70378092', 1),
(85, 'Klimashevich', b'0', '6 Artisan Drive', '31949829', 'Algernon', 'T57tZXS20', '1191087800', '31949829', 1),
(86, 'Hellmer', b'0', '6589 Claremont Plaza', '33684273', 'Albert', 'aHhe4ZYpZVWc', '8509767820', '33684273', 1),
(87, 'Nussii', b'0', '46885 Hovde Crossing', '84254697', 'Rickey', 'Dn32Ly9zdX', '2325034879', '84254697', 1),
(88, 'Ondrasek', b'1', '801 Marcy Drive', '39379870', 'Kettie', 'jlHYvjA4V', '7771216551', '39379870', 1),
(89, 'Deverson', b'1', '63 Bluestem Drive', '11640173', 'Eugenio', 'pyS7tkORDMe8', '1137541255', '11640173', 1),
(90, 'Currier', b'1', '46182 Granby Plaza', '99467575', 'Isador', 'I63aPU9jTsz', '3108892785', '99467575', 1),
(91, 'Belham', b'1', '33 Tomscot Lane', '16280182', 'Hew', '0gCsBOq', '7368632736', '16280182', 1),
(92, 'McCusker', b'0', '6052 Parkside Road', '87596185', 'Fabe', 'p4Qv9k', '8672334916', '87596185', 3),
(93, 'Zolini', b'0', '7 Kinsman Park', '45909777', 'Valentia', 'bW0GTymV22', '2175027702', '45909777', 1),
(94, 'Karolyi', b'0', '7132 Crescent Oaks Trail', '45377313', 'Alverta', 'zcuAKBOcPFgZ', '2144550005', '45377313', 1),
(95, 'Heiden', b'1', '232 Mandrake Point', '39438376', 'Robbie', '5agNRjaQI', '3859013522', '39438376', 1),
(96, 'Lewcock', b'1', '15 Cardinal Hill', '53959405', 'Lucy', 'mgvUsxre', '7922912914', '53959405', 3),
(97, 'Hintzer', b'1', '439 Rockefeller Point', '29492534', 'Vilma', 'yOII3dYn', '3612877668', '29492534', 1),
(98, 'Macbane', b'0', '34 Blaine Center', '63824256', 'Bibby', 'A9K99hiD7m', '5203630453', '63824256', 3),
(99, 'Canfer', b'1', '341 Express Trail', '17306700', 'Dur', 'bcTrlUQ3', '7751253622', '17306700', 3),
(100, 'Nuzzi', b'1', '2257 Village Hill', '68078932', 'Almeda', 'zFIt1aTcuuD', '1713711245', '68078932', 1),
(101, 'Downs', b'1', '8260 Schmedeman Court', '70708687', 'Horten', 'RNZtlux', '8201991278', '70708687', 1),
(102, 'Broe', b'0', '7199 Dottie Center', '48156972', 'Anneliese', 'KdUzakWbC80R', '8866336166', '48156972', 1),
(103, 'Stachini', b'0', '539 Mcbride Lane', '66186809', 'Abby', 'u61JMa', '5396173635', '66186809', 1),
(104, 'Beckitt', b'0', '0 Summer Ridge Drive', '86534851', 'Tallou', '0aon37', '8165328856', '86534851', 3),
(105, 'Walker', b'1', '9 Hermina Circle', '34669522', 'Elsworth', 'oqz9Nv', '3679461531', '34669522', 1),
(106, 'Tugman', b'1', '88212 Chinook Road', '59479970', 'Sallyann', 'tat44SfBk4Z', '8172018357', '59479970', 1),
(107, 'Cansdell', b'1', '24 Old Gate Junction', '37682299', 'Tracy', 'devEGAS', '9701241643', '37682299', 1),
(108, 'Crudge', b'1', '624 Dwight Lane', '64655829', 'Foster', 'QtMjgQXsIu', '2095964485', '64655829', 1),
(109, 'Itzcovich', b'1', '9 Sutteridge Point', '30984105', 'Von', '3wsS22t8OE', '8286811605', '30984105', 1),
(110, 'Corriea', b'0', '6 Brown Circle', '15611861', 'Mattias', 'ol2goX', '9542456311', '15611861', 1),
(111, 'Latour', b'1', '41 Caliangt Road', '68327566', 'Katina', 'w4dS61', '4967325540', '68327566', 3),
(112, 'Leadley', b'0', '000 Holmberg Lane', '81634629', 'Korry', 'vbM5ELhOEf4', '5193798806', '81634629', 1),
(113, 'Glencros', b'1', '4 Kings Pass', '63528550', 'Mycah', 'Bch1ULGz8N', '3871178197', '63528550', 1),
(114, 'Frayne', b'0', '5 Banding Park', '43925391', 'Genny', 'zhw122aEM4', '9147485325', '43925391', 1),
(115, 'Elmore', b'0', '7107 Loeprich Lane', '20827433', 'Ilario', '6jAQb3Cxw', '9156403769', '20827433', 3),
(116, 'Landell', b'1', '266 Onsgard Avenue', '46373513', 'Violette', 'LRsDoNL', '7764837465', '46373513', 1),
(117, 'Boggis', b'0', '198 David Plaza', '27813359', 'Gilberta', 'OVQj72', '5057550249', '27813359', 1),
(118, 'Tomkies', b'0', '88 Warbler Plaza', '72771851', 'Artemis', 'FlFKVJoUfB7', '6923185453', '72771851', 1),
(119, 'Puckring', b'0', '807 Browning Drive', '44916632', 'Bryana', '1dWZnbzi8t9f', '3537786140', '44916632', 1),
(120, 'Vaszoly', b'0', '8400 Chinook Crossing', '38974977', 'Lorelle', 'WlhLP80dTn2', '4844394186', '38974977', 1),
(121, 'Richards', b'1', '03 Springs Trail', '65213032', 'Homere', 'UJYX5S', '2173956215', '65213032', 3),
(122, 'Frany', b'0', '6261 Raven Avenue', '28100774', 'Hastings', 'THp5C2', '9617234968', '28100774', 1),
(123, 'Noads', b'1', '09 Ohio Trail', '45224216', 'Jeri', 'lpmouJp7QSy', '3049549463', '45224216', 3),
(124, 'Hanbridge', b'0', '198 Union Plaza', '36065929', 'Daryle', 'uCodpj', '3593924202', '36065929', 3),
(125, 'Hekkert', b'1', '8 Scott Park', '16726682', 'Chrisy', 'P5TqhAuEVCe', '3011998845', '16726682', 1),
(126, 'Battista', b'0', '82309 Haas Circle', '66932937', 'Anne', 'KfCmOsmU3H', '5225043945', '66932937', 1),
(127, 'Beacroft', b'1', '69945 Maryland Road', '89731611', 'Tierney', 'qjMbZkXK9PBS', '7546010755', '89731611', 1),
(128, 'Lineham', b'1', '2540 Buhler Terrace', '95702471', 'Vidovic', '1R6Twc', '4903367901', '95702471', 1),
(129, 'Bamlett', b'0', '9457 Arapahoe Alley', '92226531', 'Vivianne', 'jR2jXlFT8H', '3887577225', '92226531', 1),
(130, 'McKimmie', b'1', '7170 Ilene Park', '37054848', 'Aurlie', 'axVhpqqG', '6391966935', '37054848', 3),
(131, 'Dowrey', b'0', '53 Continental Terrace', '56807437', 'Robby', '8qm8p0ULJsNl', '7941428970', '56807437', 3),
(132, 'Starford', b'1', '877 Carpenter Lane', '69009608', 'Del', 'r8VxWI5', '3694319060', '69009608', 3),
(133, 'Surpliss', b'1', '52514 Tomscot Place', '66048089', 'Hester', '4HuUzr', '8927716210', '66048089', 1),
(134, 'O\'Neal', b'0', '70503 Katie Lane', '81599673', 'Ralina', 'qAm2Kcg', '2472288847', '81599673', 1),
(135, 'Filliskirk', b'1', '8080 Kinsman Place', '59150652', 'Sander', 'qrbhsxvgdjF', '2949631241', '59150652', 3),
(136, 'Mager', b'1', '3 Bultman Court', '77345851', 'Cecelia', 'h2CUMCps', '5983550827', '77345851', 3),
(137, 'Zisneros', b'1', '3 Lawn Pass', '64353824', 'Delilah', 'sHEcPRpNI1', '2594060983', '64353824', 1),
(138, 'Beevor', b'1', '4665 Riverside Street', '30456136', 'Maddy', 'mza0mwek9N', '1719165733', '30456136', 1),
(139, 'Asplen', b'1', '528 Colorado Street', '17807155', 'Donovan', 'zRkBUZfXXnT', '8531202404', '17807155', 3),
(140, 'Shyre', b'0', '02 Helena Lane', '28206745', 'Ronnie', 'nWKcB3s', '8412739156', '28206745', 1),
(141, 'Atto', b'1', '0423 Kedzie Drive', '16502701', 'Rodrique', 'rhqDc8HxlP', '5406825058', '16502701', 1),
(142, 'Swalough', b'0', '661 Redwing Road', '91012010', 'Amity', 'k53ixGUJwhXA', '5173743924', '91012010', 1),
(143, 'Whitney', b'1', '1 Miller Place', '20440696', 'Brooks', 'Bxdq8denUj', '9702939051', '20440696', 3),
(144, 'Standell', b'0', '1 Dovetail Plaza', '35279098', 'Paco', '5Ur3aj', '4021056571', '35279098', 3),
(145, 'Dudleston', b'1', '2659 Novick Park', '57268543', 'Zeb', 'G8X8xSs4V1Cp', '1535777868', '57268543', 1),
(146, 'Fiske', b'0', '32 Fieldstone Circle', '53019456', 'Fayette', 'Q0iL9Ap2Yu', '8722687689', '53019456', 1),
(147, 'McGonagle', b'0', '00276 Schurz Alley', '93072185', 'Maressa', 'ZeGU4NP', '4054138773', '93072185', 1),
(148, 'Bridle', b'0', '6 Dawn Drive', '48211040', 'Mufinella', 'xiv0uRdr13', '7693647718', '48211040', 3),
(149, 'Warrillow', b'1', '0 Stephen Plaza', '26426716', 'Rowen', 'ulZ5ZJDrC', '7667842076', '26426716', 1),
(150, 'Lappin', b'0', '7321 Oneill Plaza', '20623489', 'Rodger', 'CEwOTOfWKMj', '2626693484', '20623489', 1),
(151, 'Brierly', b'1', '5320 Amoth Point', '46871399', 'Rennie', 'UWg4Ba', '9663825053', '46871399', 1),
(152, 'Clay', b'1', '86444 Vahlen Drive', '64440635', 'Karia', 'VVxukDr1', '5734719483', '64440635', 1),
(153, 'Yakuntsov', b'0', '2 Ilene Circle', '49450387', 'Avictor', 'twhjwHK', '6222394702', '49450387', 1),
(154, 'Redholes', b'0', '4 American Street', '17679077', 'Slade', '0xdgtU', '9558569355', '17679077', 1),
(155, 'Itzcak', b'0', '3 Havey Junction', '14264014', 'Kirbie', '9P2htW', '3009813886', '14264014', 1),
(156, 'Donneely', b'0', '2 Arapahoe Court', '47122816', 'Britt', 'WQ2slMVk', '7083016704', '47122816', 2),
(157, 'Kornacki', b'0', '244 Knutson Circle', '85305708', 'Bridie', '2mtm9Gh9fvPw', '3443637553', '85305708', 1),
(158, 'Milham', b'1', '59 Hansons Street', '68608709', 'Cathe', 'iiUbjp', '4567689872', '68608709', 2),
(159, 'Nowaczyk', b'0', '309 Atwood Way', '94702833', 'Archer', 'OLRLM1RF7J', '7074543586', '94702833', 1),
(160, 'Gerrad', b'0', '22 Sundown Hill', '51277161', 'Kelsy', 'lJrLoP6WNEh', '6371416236', '51277161', 1),
(161, 'Hallybone', b'1', '3 Raven Crossing', '83645537', 'Worth', 'EfJbpWt', '7344121080', '83645537', 2),
(162, 'Leet', b'1', '0979 Westerfield Park', '46962098', 'Boot', '7bHcBYu6T', '4406739202', '46962098', 1),
(163, 'Sapp', b'1', '9 Sommers Drive', '36965411', 'Benji', 'VwrxybFnk4u', '8584797946', '36965411', 1),
(164, 'Selkirk', b'0', '953 Calypso Center', '60575820', 'Manfred', 'lwprGwZr', '4572125025', '60575820', 1),
(165, 'Woltman', b'1', '1 Thierer Court', '30152181', 'Joane', 'ah6A3VHA5', '1158995428', '30152181', 2),
(166, 'Suerz', b'0', '6 Bartelt Hill', '15750644', 'Rogerio', 'lZ7Kb2PQM', '1101061714', '15750644', 1),
(167, 'Morgan', b'0', '266 Garrison Parkway', '95265124', 'Fielding', 'O9RjsF9TiM', '5451818185', '95265124', 1),
(168, 'McNeely', b'1', '53468 Sommers Center', '43811882', 'Connor', 'kwqIZBsJn5M', '8142876349', '43811882', 2),
(169, 'McGeachey', b'0', '45126 Fordem Parkway', '39646788', 'Spenser', 'OyKPMwdM', '4308794252', '39646788', 2),
(170, 'Summersett', b'1', '605 Eagan Plaza', '53427438', 'Shaylynn', 'EUkdZQ', '8826382727', '53427438', 1),
(171, 'Barratt', b'1', '2 Schiller Street', '13935975', 'Aline', 'pVFUnYI8R', '5657611401', '13935975', 1),
(172, 'Menco', b'0', '06133 Daystar Alley', '74073996', 'Shaun', 'KZqPkr2mp0f', '6006041655', '74073996', 1),
(173, 'Blenkharn', b'1', '089 Wayridge Drive', '83831296', 'Abrahan', 'aVegW1lB', '2593596379', '83831296', 1),
(174, 'Cary', b'1', '5118 South Center', '41153275', 'Morey', '6lEtKsjh5nYH', '6481100952', '41153275', 2),
(175, 'Hoxey', b'1', '5464 Summit Place', '60969041', 'Harwell', 'YaShet', '3092782359', '60969041', 1),
(176, 'Abramowsky', b'1', '57969 Texas Trail', '63677648', 'Marius', 'Q4ZMauhm', '6089114472', '63677648', 1),
(177, 'Cherryman', b'0', '73 Messerschmidt Crossing', '38863433', 'Sal', 'PJ7X7O2bleQi', '5016815683', '38863433', 2),
(178, 'Marquez', b'1', '988 Sachs Avenue', '18092490', 'Skip', '6NDtHSjLuOA2', '2485504704', '18092490', 2),
(179, 'Pengelly', b'1', '986 Luster Road', '76958828', 'Bab', 'WojIF34Z3', '7828110796', '76958828', 1),
(180, 'Dommett', b'1', '354 Talmadge Avenue', '86006015', 'Demeter', 'JCuW8cTXsIn6', '4853895156', '86006015', 1),
(181, 'Lackner', b'1', '06576 Forest Run Avenue', '81449470', 'Beulah', 'QAJl8O', '6789547985', '81449470', 1),
(182, 'Mindenhall', b'0', '2990 Granby Road', '96001161', 'Sandye', 'yXmoCUhi', '4363174024', '96001161', 2),
(183, 'Ginn', b'1', '23 Forest Run Terrace', '87082391', 'Lilllie', 'ZKe2RVf7OC', '2537694507', '87082391', 2),
(184, 'Greenig', b'0', '0708 Northridge Trail', '40397050', 'Lani', 'LTAPWYwKG', '1713000267', '40397050', 1),
(185, 'Signorelli', b'0', '60491 Becker Trail', '52879338', 'Delaney', '3bCaYrJm', '5531237639', '52879338', 2),
(186, 'Brydson', b'1', '88 Northridge Crossing', '26879788', 'Alanson', 'wHgzKqJVRD9k', '8551332471', '26879788', 1),
(187, 'Fiorentino', b'1', '46 Eastlawn Alley', '16235270', 'Fredericka', 'cH8EDDJsOr', '6436873652', '16235270', 1),
(188, 'Easun', b'1', '52412 Clemons Center', '41995696', 'Norina', '67E3cB88w5a', '8142421692', '41995696', 2),
(189, 'Haydon', b'0', '5734 Summit Trail', '55546069', 'Fairlie', '1DKwa0', '3754003113', '55546069', 2),
(190, 'Knibley', b'0', '3 Badeau Street', '96857304', 'Joyous', '43IEAyd', '6824235920', '96857304', 1),
(191, 'Willcock', b'1', '6180 Clyde Gallagher Junction', '32632065', 'Gerik', '7ABiWqcIJ', '7601842878', '32632065', 1),
(192, 'Dytham', b'0', '5 Buell Park', '41608610', 'Christiana', '1LOvlYI3Bn6Z', '8512036538', '41608610', 1),
(193, 'Paxton', b'1', '0 Thackeray Point', '12351012', 'Irvin', '5X1SSlvwzCS7', '5929538316', '12351012', 1),
(194, 'Tebbut', b'0', '80193 Ridge Oak Way', '88930700', 'Tootsie', 'wiyBsk1O8', '3257832299', '88930700', 1),
(195, 'Farlam', b'0', '5 Mallard Road', '61265245', 'Lambert', 'B16rUb', '2382573723', '61265245', 1),
(196, 'Mulcaster', b'0', '73 Kim Place', '66096923', 'Felix', '0uGUW5MEA5BO', '5663461282', '66096923', 2),
(197, 'Pocock', b'1', '0 Division Drive', '77154157', 'Ileane', 'si8aQCgZ', '9393954864', '77154157', 1),
(198, 'Trewhella', b'1', '44994 Heath Pass', '39825273', 'Addy', 'rOr3n9zN', '9112593439', '39825273', 1),
(199, 'Colmer', b'1', '9767 Everett Road', '52583819', 'Natasha', 'OptGKb', '4758595369', '52583819', 1),
(200, 'Mewhirter', b'1', '74 Eagle Crest Point', '33027829', 'Geoffry', 'yTwRPRb2Tkn', '8946939006', '33027829', 2),
(201, 'Elt', b'0', '936 Kenwood Court', '14151994', 'Stacy', 'B2zIOaBig6Tj', '3616402838', '14151994', 1),
(202, 'Figgures', b'1', '16286 Carberry Terrace', '85070130', 'Vincents', 'KpLVwwQ', '6019378082', '85070130', 2),
(203, 'Brobyn', b'1', '31 Gerald Parkway', '46008568', 'Yance', 'vU3j8cd', '1678177481', '46008568', 1),
(205, 'Carcass', b'1', '38022 Crescent Oaks Road', '26260542', 'Krishnah', '6nN3CdZBb', '3658771538', '26260542', 2),
(206, 'Goadsby', b'1', '5146 Moland Street', '62862781', 'Moses', '5asfKzb', '9162515675', '62862781', 1),
(207, 'Ramsdale', b'0', '57094 Nova Crossing', '35218539', 'Brinn', '2vzQhsHE', '4659796822', '35218539', 1),
(208, 'Hamblington', b'0', '538 Mandrake Plaza', '53195085', 'Rooney', 'vRTQBfjgCm', '1538345791', '53195085', 2),
(209, 'Birds', b'1', '71 Boyd Hill', '71989698', 'Raeann', 'p16HlhOGhYh7', '8736385678', '71989698', 1),
(210, 'Bendig', b'1', '5543 Corscot Point', '95589985', 'Hanan', 'kYsqll', '1662181073', '95589985', 2),
(211, 'Feirn', b'1', '23 Kensington Pass', '20420810', 'Edyth', '7DcUN7yr', '6601284987', '20420810', 2),
(212, 'Pinchback', b'0', '43523 Spaight Terrace', '93266335', 'Leonard', 'fzbBcoAmuu', '6495229469', '93266335', 1),
(213, 'Binestead', b'0', '4979 Emmet Pass', '26080960', 'Friedrick', 'LqeBC2W', '5413003421', '26080960', 1),
(214, 'Larvor', b'1', '9079 Hayes Plaza', '18097205', 'Dix', 'fPXz91J', '2968271394', '18097205', 1),
(215, 'Kilroy', b'1', '72224 Huxley Way', '64774318', 'Klarrisa', 'zR4rBKdRga', '7147800511', '64774318', 1),
(216, 'Eilers', b'0', '04 Fremont Hill', '91657291', 'Lexi', 'M7GKAvR2lqr', '1381366608', '91657291', 2),
(217, 'Goodbarne', b'0', '98 Manufacturers Parkway', '91559673', 'Garvey', 'Zg4803v', '2676006444', '91559673', 2),
(218, 'Eisak', b'1', '3 Melody Park', '29659256', 'Ricca', 'qdNhKEa3', '5895733873', '29659256', 1),
(219, 'Cullinan', b'0', '568 Service Avenue', '19886435', 'Federica', 'BCA5Pfdho', '4096879719', '19886435', 1),
(220, 'Songist', b'0', '65 Upham Junction', '99554193', 'Elden', '3Tu6i2hqW', '2235974529', '99554193', 1),
(221, 'Snelson', b'1', '85930 Cascade Avenue', '17145752', 'Murdock', '8aoWSLolVw', '4147437662', '17145752', 1),
(222, 'Findlater', b'0', '30 Morrow Plaza', '28623199', 'Tait', '1mpqB1Uf53', '2292875214', '28623199', 2),
(223, 'Greenman', b'0', '16685 Goodland Pass', '33848606', 'Vernor', 'Yy4Msy3E', '4357601309', '33848606', 1),
(224, 'Windibank', b'1', '62 Jenna Trail', '67198069', 'Bride', 'THHzBBXOLD7', '2026256685', '67198069', 1),
(225, 'Ofer', b'1', '2 Thierer Hill', '68243329', 'Waylan', 'eyyfvBuEQgSQ', '2095091656', '68243329', 1),
(226, 'Laycock', b'0', '906 Milwaukee Center', '75563914', 'Homere', '8rymWnThiNoG', '4908375932', '75563914', 1),
(227, 'Stiegar', b'1', '092 Ridgeway Pass', '89735391', 'Harriette', 'ndW9oKx1', '1834306289', '89735391', 1),
(228, 'Dewane', b'0', '96 Grover Court', '70130303', 'Brook', 'b5rzu8lgEYaN', '3607014994', '70130303', 2),
(229, 'Lansbury', b'1', '893 Randy Parkway', '83331845', 'Keith', 'nXafbU4Dt', '3106414206', '83331845', 1),
(230, 'Haley', b'0', '142 Crowley Junction', '71225526', 'Jodie', 'EnyRtZIHn3Cj', '6314274538', '71225526', 1),
(231, 'Brane', b'0', '16582 Mandrake Lane', '95907748', 'Saunderson', 'aTeCsHUKew', '6202637373', '95907748', 1),
(232, 'O\'Brian', b'0', '3 Sloan Pass', '16294665', 'Walsh', 'E8ytmBtD4w3E', '2085348360', '16294665', 2),
(233, 'Soles', b'1', '81 Anhalt Terrace', '86635766', 'Katheryn', 'oN19SnOWGBn', '2448394153', '86635766', 1),
(234, 'Pettecrew', b'1', '0 Briar Crest Road', '69127716', 'Keriann', '9Cd0vc9', '4003067491', '69127716', 1),
(235, 'Quickenden', b'0', '51 Katie Street', '36139711', 'Wendy', 'LLJfJRHK', '8373677547', '36139711', 2),
(236, 'Hummerston', b'1', '67685 Bobwhite Place', '73044155', 'Reyna', 'HMgthTZk', '8083795572', '73044155', 2),
(237, 'Littlewood', b'0', '7533 Division Center', '97569244', 'Idalia', 'A0ztqe', '2822834173', '97569244', 2),
(238, 'McLaggan', b'1', '58839 Buhler Point', '91966401', 'Frederic', 'LkSEj6EhS', '9868489510', '91966401', 2),
(239, 'McDuffy', b'0', '258 Heffernan Point', '56396938', 'Ignaz', '0Hp1QJbHLVz', '9497688868', '56396938', 2),
(240, 'Woolrich', b'0', '53 Superior Drive', '29798007', 'Malva', 'QCH0aM4A', '6148706473', '29798007', 2),
(241, 'Tomkies', b'1', '87202 Hallows Street', '51891475', 'Earlie', '00PRGaS', '5674402253', '51891475', 2),
(242, 'Duly', b'0', '549 Dorton Parkway', '61379616', 'Karna', 'okbw9qQJEZm', '5909464577', '61379616', 2),
(243, 'Morrallee', b'1', '20481 Warrior Circle', '90466038', 'Ogdan', 'uwbM1FwjNv', '2368692761', '90466038', 1),
(244, 'Tierney', b'0', '32 Washington Circle', '26152149', 'Yanaton', 'n3k0YGkNDVWo', '5763610098', '26152149', 1),
(245, 'Sells', b'0', '9 Laurel Junction', '99227386', 'Mathe', 'ylRQ2ZdNmu', '2161313151', '99227386', 2),
(246, 'McDuff', b'0', '062 Schiller Center', '58853034', 'Hilliard', 'q4QrzR', '1053733527', '58853034', 1),
(247, 'Beckers', b'0', '1193 West Circle', '95434915', 'Jecho', 'a1KcBzQo', '9666773649', '95434915', 2),
(248, 'Minichi', b'1', '233 Vernon Hill', '87498435', 'Estell', 'UGvKEtH', '2321959969', '87498435', 2),
(249, 'Duddridge', b'1', '075 Dunning Point', '59796950', 'Andris', 'FBSqX0oU', '4299809604', '59796950', 1),
(250, 'Scarfe', b'1', '950 Milwaukee Circle', '23217126', 'Chadd', 'saCJXhHSMx8Y', '6322418831', '23217126', 1),
(251, 'Mathen', b'1', '05627 Schurz Pass', '52963137', 'Sharlene', 'c6XlvWyP', '5727195620', '52963137', 1),
(252, 'Mattsson', b'1', '8 Loeprich Center', '95222220', 'Andromache', 'TCxHWKmc', '7769335979', '95222220', 1),
(253, 'Motto', b'0', '285 Maple Trail', '19227886', 'Wolf', 'lHw62wo', '7573076904', '19227886', 2),
(254, 'Orteu', b'0', '4 Sutteridge Terrace', '51302168', 'Ignacio', 'xcbS3TtH1zZw', '6159222728', '51302168', 1),
(255, 'Carreyette', b'1', '735 Mccormick Park', '73373518', 'Petunia', 'gA01KgQQ', '3039713911', '73373518', 1),
(256, 'MacIlhagga', b'0', '6522 Kings Court', '14238071', 'Danya', 'H5QOVm', '3328604912', '14238071', 1),
(257, 'Duguid', b'0', '8378 Westerfield Place', '38262542', 'Tammie', 'h6FeRJwRM0BE', '4157372604', '38262542', 2),
(258, 'Hinrichs', b'1', '851 Moland Alley', '97163269', 'Noby', 'Aph6maq', '8573615340', '97163269', 1),
(259, 'Cribbott', b'1', '8 Green Pass', '66724972', 'Alasdair', 'lA7wk9Zvu9Yr', '4501575925', '66724972', 1),
(260, 'Delong', b'0', '881 Melody Park', '80551474', 'Whitney', 'SevRRNeb6a4q', '3424905728', '80551474', 2),
(261, 'Drury', b'1', '260 Pepper Wood Junction', '60771464', 'Marcella', '1dn1jAofk', '1992034605', '60771464', 1),
(262, 'Paylor', b'0', '09 Golden Leaf Avenue', '13652924', 'Lana', 'zyhrqFaBgPV', '8048654635', '13652924', 2),
(263, 'Di Frisco', b'0', '36 Mosinee Terrace', '29919589', 'Sloane', '0ROYNTX4', '8507306530', '29919589', 1),
(264, 'Andrassy', b'1', '1 Gulseth Crossing', '62518372', 'Denny', 'UgRziQqa', '4662444730', '62518372', 1),
(265, 'Rylands', b'0', '02436 Nancy Way', '68756873', 'Kandy', 'aGqFr9SJoX4H', '9716186907', '68756873', 1),
(266, 'Barrack', b'0', '11757 Carberry Junction', '28286859', 'Colene', 'S4VIUKYOZ', '5214733469', '28286859', 2),
(267, 'Markova', b'1', '0647 Rusk Parkway', '83062923', 'Link', 'WRRwU5KzukD', '5986162672', '83062923', 1),
(268, 'Fordy', b'1', '50 Upham Circle', '52777978', 'Nathalie', 'lcKrFfR6b6', '4888227180', '52777978', 1),
(269, 'Vallery', b'0', '05651 Rieder Plaza', '24583212', 'Hayward', 'Na58v66', '1334272254', '24583212', 2),
(270, 'Miquelet', b'1', '43 Valley Edge Place', '20942582', 'Gareth', '2jsSmSC2cYa', '4877950350', '20942582', 1),
(271, 'Thorold', b'0', '884 Esker Hill', '61321845', 'Phaidra', 'QEQmsOPWB', '4161861618', '61321845', 2),
(272, 'Pascho', b'0', '4 Rockefeller Park', '20023242', 'Borden', '028J8S', '6752956350', '20023242', 1),
(273, 'Koschke', b'1', '2468 Spaight Center', '96752200', 'Paulina', 'deCgMQcrGZ', '2317680975', '96752200', 1),
(274, 'O\'Fogerty', b'1', '6568 Hoepker Avenue', '91502815', 'Giacobo', 'pWXyZQ', '7326643015', '91502815', 1),
(275, 'D\'Aubney', b'1', '660 Marquette Junction', '43498492', 'Andreas', 'pTWAZdriqB', '1479777883', '43498492', 2),
(276, 'Champain', b'1', '8754 Lighthouse Bay Circle', '44517409', 'Vern', 'p1qLlZ', '3808242343', '44517409', 1),
(277, 'Sheridan', b'0', '387 Shelley Plaza', '19627036', 'Bridget', 'zj1pHZxtpjm', '9612467344', '19627036', 1),
(278, 'Ralphs', b'0', '5 Myrtle Point', '89769608', 'Lizzie', 'qVtiw1EYS', '3828774263', '89769608', 2),
(279, 'Creaven', b'0', '026 Farmco Center', '57469020', 'Tabbatha', 'ZGIXDaAK', '7012072580', '57469020', 1),
(280, 'Leipnik', b'1', '82 Nobel Center', '82842303', 'Sianna', 'j2jv87RJ', '5357094041', '82842303', 2),
(281, 'Meindl', b'1', '509 Everett Hill', '67721973', 'Rebbecca', '1zUlaHmxI', '7693086421', '67721973', 1),
(282, 'Bazoche', b'1', '2 Lindbergh Pass', '26341767', 'Elsie', 'Tp7deMSAZV', '6915529011', '26341767', 1),
(283, 'Grote', b'0', '2 Del Sol Lane', '27634662', 'Byran', 'WukV1WZx4DT', '1601368890', '27634662', 1),
(284, 'Roydon', b'0', '714 Badeau Parkway', '38148810', 'Rahal', 'o0DY5IWYgC', '2515320690', '38148810', 1),
(285, 'Brelsford', b'0', '217 Kinsman Street', '62406387', 'Nickolaus', 'ROunaR9GJ', '4029831797', '62406387', 1),
(286, 'Martinuzzi', b'0', '1 Ludington Circle', '21756972', 'Quinn', 'cbhlEojH7', '9273688432', '21756972', 2),
(287, 'Snoad', b'1', '8 Hansons Way', '44300737', 'Killian', 'sDYu6i1tq', '8438524940', '44300737', 2),
(288, 'Butterfill', b'0', '19 Twin Pines Alley', '69295074', 'Jarvis', 'anYTUkJyM', '3766277922', '69295074', 2),
(289, 'Shelliday', b'1', '69 Nevada Avenue', '94664573', 'Anabelle', '1bn8DO9MaW8', '2038031246', '94664573', 1),
(290, 'Villaron', b'0', '98 Cambridge Way', '91852559', 'Leonore', 'QGYIjugP', '6958609296', '91852559', 1),
(291, 'Coverdale', b'0', '40 Beilfuss Center', '43070422', 'Putnem', 'qfYAVi', '1627509099', '43070422', 1),
(292, 'Buske', b'1', '166 2nd Drive', '24611995', 'Roberto', 'GuPmvfC4qVl', '2544338785', '24611995', 2),
(293, 'Espinazo', b'1', '25 Talmadge Circle', '45966671', 'Malvina', 'lcHtQj', '6934262768', '45966671', 1),
(294, 'Maynell', b'0', '4 Spaight Way', '85457498', 'Innis', 'J5x7QYGs5a', '5238038583', '85457498', 1),
(295, 'Lovelock', b'0', '06 Meadow Vale Circle', '75649647', 'Ephraim', 'n5iDOWwQ0l5j', '3888962542', '75649647', 1),
(296, 'Reeken', b'1', '6 Ridgeview Street', '56544236', 'Niccolo', '44U2I9cVsWN6', '6012978621', '56544236', 1),
(297, 'Dumper', b'1', '3 Carberry Center', '86881194', 'Jacky', '1kQFX9', '4928216913', '86881194', 2),
(298, 'Rubinovitch', b'1', '49508 Rockefeller Place', '62112253', 'Standford', 'Vaoip9s4yjJM', '8846968440', '62112253', 1),
(299, 'Recke', b'1', '5 Schurz Crossing', '90751198', 'Evelin', 'byNjUclU7', '4788517846', '90751198', 1),
(300, 'Lipscomb', b'1', '180 Debs Terrace', '15402081', 'Noel', 'bp1pnSVm', '3557230663', '15402081', 1),
(301, 'Cord', b'1', '0753 Bonner Hill', '82412557', 'Rosemary', 'kyBbq3', '8679483574', '82412557', 1),
(302, 'Leftbridge', b'0', '356 Mcbride Trail', '20797246', 'Victoir', 'PlDv0XrtxLPE', '4689951519', '20797246', 1),
(303, 'Chellingworth', b'0', '5 Schurz Plaza', '27546158', 'Sammy', 'GI8xRjf461I', '5958443910', '27546158', 2),
(304, 'Trank', b'0', '04 Crownhardt Drive', '81675474', 'Cletis', 'InQGsl7DFOV', '6308674566', '81675474', 1),
(305, 'Josskoviz', b'1', '8219 Randy Street', '57727587', 'Merilee', 'VKgnw0jeqQ', '5478024212', '57727587', 2),
(306, 'Canet', b'1', '56 Ryan Place', '42027663', 'Ruby', 'hgq1TiNWb', '1591663382', '42027663', 1),
(307, 'Sedgemond', b'1', '49411 Hoard Road', '43199090', 'Arni', 'yU1gyDzelq', '8712640649', '43199090', 1),
(308, 'Shorbrook', b'0', '4 Browning Way', '37483281', 'Lynea', 'NIkhxmg8l9yu', '7163374607', '37483281', 1),
(309, 'Benner', b'1', '0833 Logan Court', '80111828', 'Melisenda', 'Mz8JO0136', '1648533930', '80111828', 1),
(310, 'Bolland', b'0', '42715 Burning Wood Point', '99273919', 'Merle', 'DSe9yYQHhx', '6241403538', '99273919', 2),
(311, 'Pendall', b'1', '38318 Graedel Pass', '25367262', 'Fawne', 'T52HjgVy3EO', '2356538511', '25367262', 1),
(312, 'Lowater', b'1', '94 Dwight Terrace', '86356495', 'Adela', 'BrnNVO22z', '1064339153', '86356495', 1),
(314, 'Virr', b'0', '93 Kingsford Point', '65744808', 'Holly', '0ibCgs7rFFj', '7152040976', '65744808', 1),
(315, 'Stroban', b'0', '24 Pepper Wood Drive', '32953398', 'Luther', 't3PPeCjy', '3751978249', '32953398', 1),
(316, 'Infante', b'0', '16902 Prairie Rose Circle', '89257710', 'Theo', 'LxyFfM8S7', '4705247215', '89257710', 1),
(317, 'Wittey', b'0', '60416 Logan Trail', '12491807', 'Anna-diane', 'F5KAqRCfY', '2568855443', '12491807', 2),
(318, 'Dunwoody', b'1', '4 Hayes Trail', '50024937', 'Giselbert', '1iRBj5O', '9536419227', '50024937', 2),
(319, 'Whissell', b'0', '225 Bellgrove Way', '83658380', 'Ax', 'ujcWQxOmxn', '8287467740', '83658380', 1),
(320, 'Brideau', b'1', '807 Monterey Circle', '45970163', 'Rainer', 'umvfllYv8', '9877302275', '45970163', 1),
(321, 'Camplen', b'1', '4684 Hansons Lane', '84643452', 'Izzy', 'vOC8bVIWk', '1785191360', '84643452', 1),
(322, 'McTiernan', b'1', '6689 Loomis Plaza', '73183604', 'Baldwin', 'ulmX4P9s6mt', '7817516983', '73183604', 2),
(323, 'McKernan', b'1', '32 School Place', '65296206', 'Carey', '6itNvCPt', '1202879694', '65296206', 1),
(324, 'Mangam', b'0', '52 Atwood Way', '15908988', 'Fan', '02iYTKMa2R', '8101022438', '15908988', 1),
(325, 'Annear', b'0', '36182 Hazelcrest Center', '45728699', 'Rhetta', '94lEX6m', '5303324798', '45728699', 1),
(326, 'Emmert', b'0', '4606 Oak Valley Crossing', '27103620', 'Gayel', 'OIrvMhX', '9908882465', '27103620', 1),
(327, 'Jerzykiewicz', b'1', '07 Rusk Way', '64003170', 'Horton', 'Rs6RXq8HW', '6153416436', '64003170', 1),
(328, 'Corteis', b'1', '3710 Wayridge Way', '28884066', 'Oriana', '3SY0uQ', '8536012578', '28884066', 1),
(329, 'Cordova', b'1', '5 Graceland Center', '95555669', 'Adelaida', 'nDSo4f', '2545796968', '95555669', 1),
(330, 'Parkin', b'1', '5 Declaration Alley', '69195342', 'Darla', 'gfw5x9J', '4304821636', '69195342', 2),
(331, 'Poskitt', b'0', '17 Bonner Drive', '33577317', 'Sonja', '2GHReuwaqdm', '4823641981', '33577317', 1),
(332, 'Fawcett', b'1', '478 Vernon Place', '37477255', 'Clywd', 'f8rJXRH', '7663304375', '37477255', 1),
(333, 'Gori', b'0', '50 Jana Parkway', '53332267', 'Jamie', 'lJZj1pYqjrpO', '7686180086', '53332267', 2),
(334, 'Presland', b'1', '1 Fremont Crossing', '93908852', 'Julienne', 'X3a3zA', '3826668401', '93908852', 1),
(335, 'Dooney', b'0', '650 Shoshone Point', '13814547', 'Uri', 'MpgSTTCvchG', '3621190999', '13814547', 1),
(336, 'Krugmann', b'1', '97 Utah Center', '92052015', 'Cooper', 'AXBRJP1uqK', '5667870664', '92052015', 1),
(337, 'Denisard', b'0', '1 Mayfield Pass', '35177552', 'Doro', 'G6AUCHh', '8005633283', '35177552', 1),
(338, 'Cuningham', b'0', '4 La Follette Drive', '69367558', 'Taddeusz', 'W9dDWR', '2051033558', '69367558', 2),
(339, 'Amorine', b'1', '075 Sunfield Terrace', '13665415', 'Pollyanna', 'zokkCufPxi', '2321112068', '13665415', 1),
(340, 'Scad', b'0', '5 Homewood Junction', '83414845', 'Curtis', 'tsd9vTSW', '1422586931', '83414845', 2),
(341, 'Pring', b'0', '8 Mallory Road', '75472430', 'Marlie', 'opmscQeq', '8853322162', '75472430', 1),
(342, 'Dumbelton', b'1', '52137 Bunker Hill Center', '60961548', 'Morley', '2NBUxStxJX', '9822137957', '60961548', 1),
(343, 'Oloman', b'1', '12 Birchwood Alley', '43850169', 'Olivia', 'ZcXPzqXLS', '7546258374', '43850169', 2),
(344, 'Folomkin', b'1', '73744 Marcy Parkway', '43778916', 'Barnard', 'coK12idwd', '7734792291', '43778916', 1),
(345, 'Carr', b'0', '288 Rutledge Alley', '34699729', 'Martica', 'SikibRK9rV', '4616711691', '34699729', 2),
(346, 'Hogbin', b'0', '178 Heffernan Junction', '23451643', 'Carla', '0m4gMSIs9KWC', '8163492768', '23451643', 1),
(347, 'Sidey', b'1', '44379 Buena Vista Terrace', '81822788', 'Emmalee', '4UkoAL9wpf', '7305656084', '81822788', 1),
(348, 'Marxsen', b'0', '95 Meadow Vale Way', '42528192', 'Ross', 'R6bz7L0t', '8849497456', '42528192', 1),
(349, 'Scurlock', b'0', '970 Eagan Park', '92396822', 'Guillermo', 'UxN5Xh8Jma', '5204141472', '92396822', 2),
(350, 'Irving', b'1', '4 Ohio Road', '97621853', 'Osmund', 'WGuqmg', '6806335197', '97621853', 1),
(351, 'Mostyn', b'1', '182 Village Green Place', '56158441', 'Bogey', 'hc0MtKlg', '2432283444', '56158441', 1),
(352, 'McKinty', b'1', '025 Lawn Crossing', '98989999', 'Hermia', 'xnFq6nlD', '9271311882', '98989999', 2),
(353, 'Wadwell', b'0', '31 7th Lane', '77322308', 'Zolly', 'CIqQMcYf4o5u', '2788914742', '77322308', 1),
(354, 'Hansom', b'0', '740 Bellgrove Place', '86404354', 'Brig', 'nixxVfT4sVP0', '5476092360', '86404354', 1),
(355, 'Derham', b'0', '4513 Bobwhite Center', '52876030', 'Zacherie', 'OxTTdny5FIA', '9977110648', '52876030', 2),
(356, 'Raden', b'0', '5431 Farmco Terrace', '25463179', 'Akim', 'pOrFQWv8NBvI', '8353922096', '25463179', 1),
(357, 'Lomansey', b'0', '42 Killdeer Place', '75139409', 'Brandea', 'RLIGuk5ZZdz7', '7136076944', '75139409', 2),
(358, 'de Najera', b'1', '343 Shoshone Circle', '65717667', 'Emmerich', 'bXqbNiuk2DW', '2309152726', '65717667', 2),
(359, 'Elcomb', b'1', '57 Commercial Junction', '13315804', 'Donn', 'KAKJ5Y', '1795480589', '13315804', 2),
(360, 'Keizman', b'1', '756 Graceland Way', '24738274', 'Owen', '6K728t', '4104671012', '24738274', 2),
(361, 'Nigh', b'0', '9968 East Circle', '60451430', 'Durward', 'E49yOV', '9363421781', '60451430', 1),
(362, 'Tookey', b'0', '41695 Kingsford Circle', '66818727', 'Wilhelm', 'QmthSQa', '4044244802', '66818727', 1),
(363, 'Le Leu', b'0', '71649 Clove Lane', '51411081', 'Alard', 'xLTCWpX', '2831667966', '51411081', 1),
(364, 'McKie', b'1', '429 Grim Place', '76901118', 'Gherardo', 'aqeWWC6ee5z', '3926106711', '76901118', 1),
(365, 'Coverdale', b'1', '99 Dayton Place', '41284639', 'Genovera', '0cWghd', '1725337327', '41284639', 2),
(366, 'Westphal', b'1', '4508 Anzinger Circle', '33824138', 'Fremont', '0gbQ7tRPD', '9033467677', '33824138', 2),
(367, 'Deaton', b'0', '44831 Randy Center', '16853474', 'Robinia', 'x9HYpOyhAn', '3326779427', '16853474', 1),
(368, 'Pioch', b'1', '0 Waubesa Center', '37675740', 'Kassie', 'IuEskbfEW', '1622049548', '37675740', 2),
(369, 'Eidelman', b'0', '13413 Dwight Junction', '92916325', 'Vern', '9IeXQC', '4431062422', '92916325', 1),
(370, 'Clemmett', b'0', '3589 Mosinee Lane', '82824012', 'Morgan', 'dXqcox', '4863349013', '82824012', 1),
(371, 'Brogiotti', b'0', '8 Veith Court', '32201019', 'Joane', 'aVjMrweqAwlr', '3496671541', '32201019', 1),
(372, 'Tidridge', b'0', '23 Bobwhite Circle', '40395053', 'Ravi', 'o8ITykLVuc', '4307813588', '40395053', 1),
(373, 'McAughtry', b'0', '238 Mesta Park', '89424578', 'Yuma', 'kaoxCcj', '5541668490', '89424578', 2),
(374, 'Anthes', b'0', '20 Pierstorff Street', '78188889', 'Field', 'c1ZbbWX', '6298220847', '78188889', 2),
(375, 'Faires', b'1', '149 East Way', '64808024', 'Wood', 'cyNdbUi', '7204199618', '64808024', 1),
(376, 'Huerta', b'1', '91 Old Shore Point', '41916065', 'Maurits', 'oAro2iU', '1835290670', '41916065', 1),
(377, 'Tree', b'1', '92795 Eggendart Terrace', '43675821', 'Mahalia', '4S6Faj', '4406853783', '43675821', 2),
(378, 'Lownes', b'1', '387 Pleasure Terrace', '61642253', 'Ailene', 'i5kuMN', '8903626690', '61642253', 1),
(379, 'Alenov', b'0', '22 Haas Plaza', '91427731', 'Carolina', 'LSnyE9DmF', '2485650677', '91427731', 2),
(380, 'Broadbury', b'0', '4 Bashford Hill', '68144365', 'Junette', 'o3mh8iSq', '8578837651', '68144365', 1),
(381, 'Bolger', b'0', '99429 Dunning Parkway', '24921514', 'Boycey', 'IOb84s8VhXfq', '6176137866', '24921514', 1),
(382, 'Maddie', b'1', '6155 Amoth Plaza', '43688951', 'Rosaleen', 'YXC3fkvrdAqw', '5843459176', '43688951', 2),
(383, 'McGeechan', b'0', '7 South Plaza', '43463705', 'Tildy', 'q6lQoPe79', '8068486359', '43463705', 1),
(384, 'Bowers', b'0', '2 Clemons Court', '90491482', 'Wendie', '4mAReHzLqTRB', '1848709801', '90491482', 1),
(385, 'Farrans', b'0', '60218 Grayhawk Way', '23766980', 'Gilbertina', 'RDSr4jhOfw3', '5265143140', '23766980', 2),
(386, 'Keys', b'0', '903 Mccormick Street', '48165272', 'Tiffany', 'EXFqSoIf', '6917769257', '48165272', 2),
(387, 'Tewkesbury.', b'0', '2803 Caliangt Hill', '75334973', 'Ophelia', 'VwbWuPj0', '1352722705', '75334973', 1),
(388, 'Boch', b'1', '6030 Bashford Terrace', '60115780', 'Udale', 'Chye4evKM', '9323029528', '60115780', 1),
(389, 'Beament', b'0', '70 Talisman Way', '13977434', 'Salem', 'H9MeyWYb', '2113266076', '13977434', 2),
(390, 'McKissack', b'1', '6601 Spaight Hill', '93478043', 'Lockwood', 'bXwav2qZbQjc', '5799980482', '93478043', 1),
(391, 'Ramard', b'0', '14232 Russell Parkway', '16724027', 'Elsy', 'dohjBnQ', '2617333787', '16724027', 2),
(392, 'Roblou', b'1', '358 Debra Junction', '43180641', 'Henderson', 'jhczGDA6L1', '1677522017', '43180641', 2),
(393, 'Couve', b'1', '8 Harper Street', '12901485', 'Marcelia', 'oIG9eN08H', '2936191495', '12901485', 2),
(394, 'Blaisdell', b'0', '484 Johnson Avenue', '39313961', 'Annette', 'd87yNPd3Do', '6927227705', '39313961', 1),
(395, 'Vooght', b'0', '755 Sutteridge Point', '84224996', 'Rochelle', 'R2t8jpCn', '7199083892', '84224996', 1),
(396, 'Dundendale', b'0', '4 Northfield Terrace', '93348111', 'Gabrila', 'DJ1PdMa', '2579339727', '93348111', 2),
(397, 'Penni', b'0', '337 Rigney Way', '35338871', 'Avis', 'awcDzw3fpnHp', '8946572321', '35338871', 2),
(398, 'Soulsby', b'1', '27 Fairfield Parkway', '94769275', 'Gaye', 'SLdR8hBZSabu', '1679500246', '94769275', 2),
(399, 'Brandham', b'0', '94 Nova Alley', '45127392', 'Mikey', 'f2OFNR5', '3474298674', '45127392', 1),
(400, 'Tremeer', b'1', '79 Kedzie Way', '12884436', 'Augustine', 'AyWx4AEgXLb', '8481429465', '12884436', 1),
(401, 'Ivanchenkov', b'1', '8 Luster Street', '47422837', 'Doti', '9ow2KZmCmUe', '8966915844', '47422837', 2),
(402, 'Northam', b'1', '44 Hooker Way', '65082971', 'Charlie', 'DON5cL9sS', '5388316023', '65082971', 1),
(403, 'Kohring', b'1', '1384 Spohn Place', '50464465', 'Alexei', '2YRjIFl', '5451090697', '50464465', 2),
(404, 'Thornbarrow', b'1', '66 Bowman Center', '51603666', 'Bettine', '5vAaZO5pzv9', '7863543529', '51603666', 1),
(405, 'Scyone', b'1', '146 Jana Avenue', '90221061', 'Arlen', 'cgoSJdrAuiCP', '4906101309', '90221061', 1),
(406, 'Phelit', b'0', '181 Kim Place', '89226719', 'Chery', 'AE4bkR', '5761590608', '89226719', 1),
(407, 'Iddison', b'1', '63927 Old Shore Lane', '72962638', 'Alfie', 'h2Q5eIi', '1747957264', '72962638', 2),
(408, 'Blick', b'1', '994 Evergreen Plaza', '34732955', 'Jacques', '7TUavP7t0', '5603625785', '34732955', 2),
(409, 'Instrell', b'0', '387 Rowland Circle', '28398494', 'Arnold', 'rqpslxtE8Vc', '1299444805', '28398494', 2),
(410, 'Fellos', b'1', '54280 Portage Lane', '96202621', 'Bethena', '8T5aK0XBV3BA', '3969674732', '96202621', 1),
(411, 'Barrasse', b'1', '21894 Blue Bill Park Street', '83712178', 'Bryon', 'rNv7eG', '1536434521', '83712178', 1),
(412, 'Wallman', b'0', '708 Shelley Lane', '31511327', 'Robyn', 'KP7nTjv', '2754176447', '31511327', 1),
(413, 'Patis', b'1', '80 Ryan Lane', '89177079', 'Jervis', 'I0dkqoFLIK', '5575192272', '89177079', 1),
(414, 'Bradd', b'0', '09626 Marcy Circle', '17405587', 'Stephanie', 'ZH2s24Hgt', '2703848780', '17405587', 1),
(415, 'Kearey', b'0', '26 Straubel Road', '75057959', 'Susie', 'uQFmz45yz', '6352657130', '75057959', 1),
(416, 'Shillito', b'0', '3 Delaware Road', '82278435', 'Elsey', 'hHmpMKFQNMS', '5481520223', '82278435', 1),
(417, 'Hanley', b'0', '75716 Kinsman Pass', '62776930', 'Nikkie', 'KnWewwIT', '5274558664', '62776930', 1),
(418, 'Maben', b'1', '0 Oxford Crossing', '84078396', 'Hart', 'OPuRzbb', '1115144070', '84078396', 1),
(419, 'Greenslade', b'1', '1234 Killdeer Crossing', '49012113', 'Debera', 'bqI0fD0iv23N', '7671995680', '49012113', 2),
(420, 'Bowden', b'1', '16 Marcy Junction', '97086348', 'Keane', 'dqpws1An', '2196391068', '97086348', 1),
(421, 'Tolle', b'0', '61 Nobel Plaza', '64093911', 'Kristofer', '7s0u72a1', '6405183875', '64093911', 1),
(422, 'Scheu', b'1', '956 Granby Crossing', '70349543', 'Janene', 'a7Pf2EgtO4', '8275364466', '70349543', 1),
(423, 'M\'cowis', b'1', '014 Blue Bill Park Parkway', '47018834', 'Ron', 'JaC7j0imO', '6134657430', '47018834', 1),
(424, 'Pervew', b'0', '5179 Dahle Trail', '47700466', 'Shandra', 'wv9ZiPbdpvP', '7917718476', '47700466', 2),
(425, 'Gerrelts', b'0', '86601 Bluejay Point', '75178433', 'Hailey', 'eNOu7MLBDkR', '2888288426', '75178433', 2),
(426, 'Parriss', b'0', '99109 Evergreen Crossing', '50882881', 'Alverta', 'vKCOOpi8Z89N', '5159871318', '50882881', 1),
(427, 'Mitchinson', b'0', '5787 Harper Way', '67515818', 'Portie', 'XjeNxordFf', '7244206462', '67515818', 1),
(428, 'Rossiter', b'0', '66132 Novick Avenue', '81082805', 'Janis', 'kUWkUlxC4G4', '1672449981', '81082805', 1),
(429, 'Whittlesee', b'0', '36 Larry Drive', '22062212', 'Willi', 'AhXAyBYZVd', '5148407129', '22062212', 1),
(430, 'Diben', b'1', '5 Killdeer Pass', '21131179', 'Elinore', 'j9HH3Puk1', '2968059938', '21131179', 1),
(431, 'Bullen', b'0', '161 Canary Trail', '40666517', 'Valina', 'orjoz7y0gVF', '9606173036', '40666517', 1),
(432, 'MacQuaker', b'0', '65663 Prairie Rose Avenue', '15389220', 'Dar', 'dfK24i3ukZL2', '5542600722', '15389220', 1),
(433, 'Noore', b'1', '658 Myrtle Center', '37122001', 'Emmie', 'eHdEjuF', '3074894135', '37122001', 1),
(434, 'De la Zenne', b'0', '2246 Holy Cross Hill', '88077537', 'Jemmie', 'vgey5Q1', '1484391673', '88077537', 1),
(435, 'Routledge', b'0', '09 Drewry Plaza', '65302005', 'Midge', 'F3hW5Fg', '8769217432', '65302005', 1),
(436, 'Bennis', b'0', '9 Pankratz Place', '88696228', 'Max', 'xbCA8dWQ', '2786609582', '88696228', 1),
(437, 'Garraway', b'0', '82 Knutson Way', '99596596', 'Heidie', 'y5gUJbRTM', '4095328351', '99596596', 2),
(438, 'Basson', b'0', '8 Carioca Trail', '81793755', 'Butch', 'BJb70Urh', '9846802968', '81793755', 1),
(439, 'Beldum', b'0', '145 Rusk Pass', '68410654', 'Garvin', 'aHzHoeA1', '4396283996', '68410654', 1),
(440, 'Poulden', b'0', '727 Sunfield Street', '90019340', 'Bret', 'RiIzpMKnzvJ', '5182671187', '90019340', 2),
(441, 'Knoller', b'0', '42879 Bunker Hill Circle', '26057494', 'Nanny', '6CQAdA0H7', '1231541670', '26057494', 1),
(442, 'Chapman', b'0', '85867 Bartelt Court', '62120940', 'Merrili', 'n3sLK20pknu', '9096414262', '62120940', 2),
(443, 'Bass', b'1', '81 Hazelcrest Crossing', '53584396', 'Kimmy', 'LvZSAl3FZRfu', '1353887889', '53584396', 1),
(444, 'Dingley', b'1', '32 Carioca Pass', '69364113', 'Vonny', 'NVUjx5kp', '6546583286', '69364113', 2),
(445, 'Coarser', b'0', '569 Orin Crossing', '50072594', 'Ashbey', 'gO4Mo9ON', '1963962116', '50072594', 2),
(446, 'Iveagh', b'1', '4810 Schlimgen Park', '43714561', 'Victoir', 'YIZ5lvnuo9RB', '1133419816', '43714561', 1),
(447, 'Rappaport', b'0', '70 Village Green Trail', '18298163', 'Margaux', 'bTNwsYgexES', '3167268560', '18298163', 1),
(448, 'Dutteridge', b'0', '573 Melvin Alley', '46990291', 'Chantal', '9VvOcm9Lm', '3246049872', '46990291', 1),
(449, 'Kirby', b'0', '909 Morning Hill', '18055738', 'Ingaberg', 'WIffzL2m', '6658752669', '18055738', 2),
(450, 'Smowton', b'0', '82891 Straubel Junction', '82941987', 'Daune', 'iHoiVuN', '1969776673', '82941987', 1),
(451, 'Birdsey', b'1', '68 Northview Court', '28968901', 'Conn', 'QNbIva', '1742446315', '28968901', 1),
(452, 'Fitzharris', b'1', '9861 Tony Lane', '50056588', 'Saunderson', 'voU9eD', '2304849689', '50056588', 2),
(453, 'Dalglish', b'0', '8 Cordelia Plaza', '60249477', 'Brendon', 'Stog70XaLPu', '1506127556', '60249477', 1),
(454, 'Mattingley', b'1', '5612 Dwight Hill', '88411024', 'Nancie', 'BEeLoLxA4', '1314734796', '88411024', 1),
(455, 'Welbourn', b'1', '6072 Pleasure Way', '42251587', 'Byran', 'm64f2l', '9473596949', '42251587', 1),
(456, 'Yashanov', b'0', '372 Talisman Alley', '32531542', 'Manuel', '62ahoQ9', '8268121119', '32531542', 2),
(457, 'Bickersteth', b'1', '42560 Ridgeway Point', '65747270', 'Royce', 'aU6G48lY0wV', '8666738277', '65747270', 1),
(458, 'Olech', b'0', '0990 Memorial Point', '46783468', 'Saunders', 'GLtses', '2908640976', '46783468', 1),
(459, 'Hek', b'1', '549 Raven Way', '15211765', 'Terese', 'VNtMEvHeIk', '8435786856', '15211765', 2);
INSERT INTO `user` (`id`, `apellidos`, `baja`, `direccion`, `dni`, `nombre`, `password`, `telefono`, `username`, `rol`) VALUES
(460, 'Holsey', b'1', '92300 Myrtle Parkway', '86792489', 'Karlik', 'dkbmXrKom1', '4579835122', '86792489', 1),
(461, 'Poyntz', b'1', '8304 Sutteridge Way', '87337959', 'Al', '1FUV61SbtMw', '4075039733', '87337959', 2),
(462, 'Springtorpe', b'0', '8436 Judy Center', '61851983', 'Audrie', 'WrrHeC0N', '1553678908', '61851983', 1),
(463, 'Burdon', b'0', '14 Darwin Plaza', '66865407', 'Chrissie', 'wYwrn78fxfDA', '1507974195', '66865407', 1),
(464, 'Barmadier', b'0', '013 Hayes Place', '56923196', 'Toby', 'T85wW4', '9604122589', '56923196', 1),
(465, 'Lissenden', b'0', '0962 Mcbride Street', '95887038', 'Trent', 'u1Veeoz', '4389752239', '95887038', 1),
(466, 'Acome', b'1', '981 Clemons Crossing', '13767470', 'Lothario', 'pi4F0a4', '2909989091', '13767470', 2),
(467, 'Housam', b'0', '38697 Pearson Drive', '70525492', 'Web', '8XCDuPdr', '5525148111', '70525492', 1),
(468, 'Ebdon', b'0', '9572 Donald Circle', '58195588', 'Camellia', 'Pomk98g0Sh4W', '8007786696', '58195588', 2),
(469, 'Reed', b'0', '64103 Swallow Lane', '98614564', 'Laurette', 'Cq92wPAi', '3352925831', '98614564', 2),
(470, 'Hovington', b'1', '545 Prairieview Lane', '58615807', 'El', 'tYfGBPO', '9673067691', '58615807', 1),
(471, 'Thorley', b'0', '268 7th Avenue', '56124285', 'Chlo', 'f2i179', '3069381146', '56124285', 2),
(472, 'Choak', b'0', '4233 South Road', '41305806', 'Basilius', 'pqNIoy0', '4028920349', '41305806', 1),
(473, 'Vann', b'0', '28 John Wall Center', '77012301', 'Lindsey', 'GZJ0JF', '8677680283', '77012301', 2),
(474, 'Gantzer', b'0', '8 Sutherland Road', '38038931', 'Lainey', 'FvUMVVf', '1879404756', '38038931', 1),
(475, 'Scates', b'0', '453 Laurel Park', '13547892', 'Fara', 'zVEszRtt', '9077187017', '13547892', 2),
(476, 'Blaw', b'0', '138 Dwight Lane', '80729646', 'Claresta', 'FTC8O9ha', '1693615595', '80729646', 2),
(477, 'Downer', b'0', '169 Nancy Road', '23417738', 'Verene', 'HLwgASKqyxGr', '2442118546', '23417738', 1),
(478, 'Yorston', b'0', '426 Wayridge Alley', '56174800', 'Hermie', 'Frwhgk', '8665432233', '56174800', 2),
(479, 'Semrad', b'0', '985 Nobel Park', '19665455', 'Marjie', '7zfsVxKqsW', '5894648027', '19665455', 2),
(480, 'Mangin', b'0', '31465 Continental Road', '33228016', 'Hercule', '9Tp2jOa', '7858357278', '33228016', 1),
(481, 'Calway', b'0', '76 Orin Parkway', '40337897', 'Myrtice', 'ThvnCIxI', '8213246831', '40337897', 1),
(482, 'McRory', b'0', '76894 Bultman Park', '67693514', 'Merle', 'gep6c8', '5502657234', '67693514', 1),
(483, 'Musker', b'0', '27732 Forest Drive', '80314032', 'Josephina', 'Z7niYBAO', '5137842919', '80314032', 1),
(484, 'Spaice', b'0', '20 Browning Terrace', '71960862', 'Padriac', 'qJKmj6', '2273724148', '71960862', 2),
(485, 'Have', b'0', '3412 Old Shore Parkway', '54700322', 'Alwin', 'fqSkZag', '3905681899', '54700322', 1),
(486, 'Mothersdale', b'0', '49 Vera Terrace', '51061625', 'Winni', 's3ow2a', '6591542710', '51061625', 1),
(487, 'Mortlock', b'0', '40613 North Drive', '14828382', 'Jesus', 'iiOZ9UOlb', '4941222784', '14828382', 1),
(488, 'Corroyer', b'0', '741 Bellgrove Street', '69120450', 'Brander', 'nuwfRSaCs', '2532193598', '69120450', 2),
(489, 'MacCallum', b'0', '9018 Hansons Circle', '54397672', 'Cathrin', '71lLvX', '5417407317', '54397672', 2),
(490, 'Hugo', b'0', '1 Transport Junction', '81231644', 'Dodi', 'Io9Khog5D2h', '6458498614', '81231644', 2),
(491, 'Critchard', b'0', '28 Graedel Circle', '27591156', 'Maryanna', 'zvH0Yk', '7381521854', '27591156', 2),
(492, 'Towner', b'0', '94826 Thierer Hill', '82187188', 'Katrina', 'nLTCaui3', '3948080616', '82187188', 1),
(493, 'Coppens', b'0', '86804 Bluestem Way', '97234123', 'Salomo', 'gIDrfNR', '5606411722', '97234123', 1),
(494, 'Steanyng', b'0', '04 Golf Course Court', '18483186', 'Enoch', 'HTgukpeKzXT', '7615632638', '18483186', 2),
(495, 'Rhys', b'0', '66037 Fieldstone Center', '49254974', 'Joelie', 'EJBxHx', '2227301643', '49254974', 2),
(496, 'Roaf', b'0', '252 Doe Crossing Circle', '65995746', 'Dian', 'GyPRaG9qB', '3528503042', '65995746', 1),
(497, 'Tocque', b'0', '92010 Drewry Way', '68663847', 'Coreen', '8DdM9G', '3413170904', '68663847', 1),
(498, 'Poveleye', b'0', '4 Troy Avenue', '15286472', 'Liam', '4STT2XXBIkxr', '8586043588', '15286472', 1),
(499, 'Varey', b'0', '29 Tennyson Park', '47991643', 'Milton', 'zMXbNvY', '5676480260', '47991643', 1),
(500, 'Foulks', b'0', '2 Menomonie Alley', '32349270', 'Charyl', 'fhEXDLPU6w', '2529989299', '32349270', 1),
(501, 'Fenton', b'1', '706 Schlimgen Street', '19819187', 'Talya', 'nH6B3Dych1', '1707870473', '19819187', 2),
(502, 'Devote', b'0', '999 Westridge Parkway', '25451594', 'Bailie', '6F2rOzyaS0', '2306750639', '25451594', 2),
(503, 'Briereton', b'1', '5352 Buell Trail', '99531095', 'Derek', 'AxFzix', '2418936689', '99531095', 2),
(504, 'Fitchett', b'1', '1857 Colorado Court', '58866131', 'Mario', 'HwmY9gxI55', '3855121484', '58866131', 1),
(505, 'Egginton', b'0', '7 Fairview Place', '82580567', 'Etienne', 'pfS4eTZRJc', '9941774995', '82580567', 2),
(506, 'Redhole', b'0', '655 Jenifer Parkway', '30942435', 'Emmye', 'C7ucFk6UvBCV', '5622050212', '30942435', 2),
(507, 'Burdytt', b'1', '93532 Carey Court', '90069106', 'Nyssa', 'T2jdQgsKG5m', '3281552783', '90069106', 1),
(508, 'Callacher', b'1', '47041 Jana Street', '48100393', 'Birdie', 'iSHAQKpv', '8483884893', '48100393', 2),
(509, 'Santen', b'1', '79993 Lakewood Court', '42608714', 'Rennie', 'MyqlfT3DeEV', '6035014194', '42608714', 2),
(510, 'Messier', b'0', '76 Rutledge Pass', '49252086', 'Charla', 'NdwfSN', '5826858979', '49252086', 1),
(511, 'Collet', b'1', '326 Oneill Junction', '83606218', 'Slade', 'H9ILRGAq', '1834919283', '83606218', 1),
(512, 'Perone', b'1', '119 Briar Crest Street', '70053107', 'Frederik', 'fkU190is', '3328835052', '70053107', 1),
(513, 'Newart', b'1', '11 Springview Drive', '69224072', 'Timmie', 'ZRneA61YVqoB', '6375760628', '69224072', 1),
(514, 'Grinyer', b'1', '8730 Marcy Trail', '40059606', 'Marlee', 'Qz4UL0NgncrX', '9152625211', '40059606', 1),
(515, 'Lailey', b'0', '9309 Clove Parkway', '39821828', 'Marchelle', 'OQcLH71A', '6559523042', '39821828', 1),
(516, 'Bendtsen', b'1', '6296 Pleasure Center', '45241584', 'Anderea', 'N3B2sLKshf', '2964441715', '45241584', 1),
(517, 'Hebden', b'1', '00164 Jackson Avenue', '95834583', 'George', 'cQkEeU', '9378525789', '95834583', 2),
(518, 'Pithie', b'0', '2554 Drewry Parkway', '85410487', 'Jefferey', 'YO7NAaNBt3', '9716173653', '85410487', 1),
(519, 'Dymoke', b'0', '882 Everett Center', '70465420', 'Taffy', 'qAdcgaYif6', '8375334880', '70465420', 1),
(520, 'Ector', b'1', '320 Fallview Lane', '79155108', 'Dani', 'vVOPz5E', '4536046004', '79155108', 1),
(521, 'Benne', b'1', '415 Drewry Center', '36575892', 'Bethina', 'xvVywrf', '2835146083', '36575892', 1),
(522, 'Fearnside', b'0', '1364 Eggendart Road', '83418241', 'Meir', 'vTX2WReJuL', '2372236224', '83418241', 1),
(523, 'Spriggin', b'0', '480 Northfield Crossing', '60919400', 'Baily', 'JwkQbpLix', '6205559500', '60919400', 1),
(524, 'Etherington', b'0', '63442 Mandrake Street', '78149626', 'Paulita', 'acZqZQO3qjz', '1337972947', '78149626', 1),
(525, 'O\'Nion', b'1', '4 Anzinger Place', '24207209', 'Xymenes', 'DXzwuqM', '1618354775', '24207209', 1),
(526, 'Krebs', b'1', '92 Johnson Place', '62991120', 'Emmeline', 'KMQkYB', '1846727172', '62991120', 1),
(527, 'Eslemont', b'0', '279 Merrick Pass', '61930140', 'Zachariah', 'NQZ3snbWfWqZ', '5628532847', '61930140', 2),
(528, 'McOmish', b'1', '3868 Loftsgordon Court', '18135536', 'Tamma', '8ESRdr', '5383788755', '18135536', 1),
(529, 'Northcott', b'0', '10331 Lunder Avenue', '18607483', 'Hasty', 'cmuxDcIB', '7653491735', '18607483', 2),
(530, 'Sotheby', b'0', '20108 Dakota Terrace', '29216934', 'Terence', 'l9PgsBuTyKe9', '6864514423', '29216934', 1),
(531, 'Reveland', b'0', '58752 Sutherland Center', '70041304', 'Darn', '515JOEe', '4325367083', '70041304', 1),
(532, 'Meriott', b'1', '4 Thackeray Trail', '40159558', 'Whitby', '3fwAuw', '2922681265', '40159558', 1),
(533, 'Beniesh', b'0', '46 3rd Trail', '15536470', 'Paton', 'qnNp3Q2rV', '1398259552', '15536470', 2),
(534, 'Korba', b'1', '480 Katie Hill', '55946304', 'Darn', 'XyLSo7z5R', '4778574650', '55946304', 1),
(535, 'McGilmartin', b'1', '30 Londonderry Road', '38724438', 'Itch', 'wVoZXXMG2Y', '5928383674', '38724438', 1),
(536, 'Spearman', b'0', '9 Helena Street', '28213985', 'Garth', 'LZ05l2yKr7F', '8501701607', '28213985', 1),
(537, 'Flanders', b'0', '86953 Sunfield Drive', '54933165', 'Arron', 'f94PzjAsngec', '3303732820', '54933165', 2),
(538, 'Keig', b'0', '4551 Charing Cross Point', '90743393', 'Sharl', 'fBnsJ5k', '6601370021', '90743393', 1),
(539, 'Dudny', b'1', '68942 Rockefeller Parkway', '54481784', 'Jerome', 'PL5ZIdxGTA6B', '3037133857', '54481784', 1),
(540, 'Gasker', b'0', '35101 Rowland Junction', '32788676', 'Sigismund', 'slXlunKkDBBi', '4859937381', '32788676', 1),
(541, 'Lampett', b'0', '34 Carioca Place', '93258600', 'Anastassia', 'AbSZtY4lp9WB', '3772077406', '93258600', 1),
(542, 'Covey', b'1', '4546 Sauthoff Crossing', '76963015', 'Sari', 'niUaRL', '7555387324', '76963015', 1),
(543, 'Copplestone', b'1', '118 Lawn Point', '39929547', 'Milicent', 'ed4A2HayZ', '7332606694', '39929547', 1),
(544, 'Strainge', b'1', '685 Monument Court', '57653808', 'Zeb', 'T3bVFWc8hd', '9758176176', '57653808', 2),
(545, 'Mitten', b'1', '456 Farragut Hill', '93480409', 'Gwenneth', '8byGrcEsC', '5927113808', '93480409', 2),
(546, 'Woodger', b'1', '121 Duke Circle', '73360912', 'Eal', 'RvQswP', '9201535732', '73360912', 2),
(547, 'Burgoin', b'0', '2 Scoville Trail', '53463052', 'Stephine', 'RfLS2zL4S', '9035088941', '53463052', 1),
(548, 'Scheffel', b'1', '01214 Donald Terrace', '90094070', 'Rudie', 'MJsF4j', '7671457489', '90094070', 2),
(549, 'Posthill', b'0', '086 Beilfuss Trail', '80376149', 'Lavena', '8JYXNvz', '9976108821', '80376149', 1),
(550, 'Eilhart', b'1', '75047 Susan Drive', '57763164', 'Carmine', 'kAYc9B', '2299668294', '57763164', 2),
(551, 'Clewlowe', b'1', '40366 Dakota Junction', '80415068', 'Timmie', 'D9uaMHF8K', '1627768818', '80415068', 1),
(552, 'Aveson', b'1', '44639 Del Sol Terrace', '18004391', 'Worthy', 'hLal7r', '2024079656', '18004391', 2),
(553, 'Rollo', b'1', '539 Hanson Point', '30488646', 'Angie', 'woTe1d1TTUY', '6854334122', '30488646', 1),
(554, 'Raylton', b'0', '48 Union Pass', '73261698', 'Hakim', 'AL00oGjZZV', '3062987676', '73261698', 2),
(555, 'Embleton', b'0', '13316 Packers Parkway', '92385690', 'Tory', 'f4eMc3j7Jr9', '9782748203', '92385690', 1),
(556, 'Stirrip', b'1', '66 Bunker Hill Plaza', '46941257', 'Marni', 'Me4Al0', '3104019963', '46941257', 1),
(557, 'Liles', b'0', '2468 Russell Parkway', '77144255', 'Barbra', 'F4Jze7zzog', '6935588825', '77144255', 2),
(558, 'Matitiaho', b'0', '19 Orin Place', '80689602', 'Baily', 'frpjuDj', '4697586969', '80689602', 1),
(559, 'Pedroli', b'0', '5 Arrowood Park', '26035261', 'Yoshiko', 'flWeQl7Sit', '4499167136', '26035261', 1),
(560, 'Redferne', b'1', '7036 5th Street', '87327098', 'Anthony', 'gGpBpsKcwj', '2563944817', '87327098', 1),
(561, 'Depka', b'1', '58 Spaight Street', '49402058', 'Louisa', 'AxiotNRki', '6723490166', '49402058', 1),
(562, 'MacSkeagan', b'0', '53229 Shoshone Alley', '21304155', 'Kim', 'Uw6XQggmjtO', '3719311291', '21304155', 1),
(563, 'Ayshford', b'1', '04984 Michigan Avenue', '99249204', 'Judith', 'bT6LBy4C', '3332769786', '99249204', 1),
(564, 'Sever', b'1', '9214 Welch Trail', '25401724', 'Teodoro', '0Mo7N7', '1168433285', '25401724', 1),
(565, 'Senecaut', b'1', '5 Talmadge Way', '33591018', 'Otis', '3sYbX4U', '6298472621', '33591018', 1),
(566, 'Capelle', b'0', '66067 Dorton Court', '34455802', 'Allie', 'JSBoDNYGnj', '1836601182', '34455802', 1),
(567, 'Laste', b'0', '54 Carpenter Plaza', '42659465', 'Dar', 'MgOpZrtHDir', '5401035328', '42659465', 2),
(568, 'Dear', b'0', '9 Forster Lane', '97373312', 'Ardene', 'f8ornU0nX5A', '8084066012', '97373312', 2),
(569, 'Weblin', b'1', '0949 Bunker Hill Circle', '82194004', 'Minetta', 'Ypbwr1A', '9749443881', '82194004', 2),
(570, 'McKinn', b'1', '27508 Westridge Place', '49379350', 'Ethelbert', 'cCMeuky', '2492635568', '49379350', 2),
(571, 'Morales', b'0', '91 Golden Leaf Lane', '66824505', 'Courtney', 'tpQr8Zgm', '9933583077', '66824505', 1),
(572, 'Kenaway', b'0', '96668 Corscot Place', '83692644', 'Wilone', '9uyZGwl', '3528800749', '83692644', 1),
(573, 'Trace', b'1', '534 Killdeer Court', '36737989', 'Karylin', 'fDgKWChwa', '5649904999', '36737989', 1),
(574, 'Mantione', b'1', '17158 Thierer Center', '59098635', 'Tersina', 'hVmOaHwNVO', '9279622092', '59098635', 1),
(575, 'Isworth', b'0', '27 Randy Crossing', '58714055', 'Andromache', 'atmrdvEHLn', '8133299566', '58714055', 1),
(576, 'Salomon', b'0', '7437 Melody Road', '35698657', 'Malory', 'iOrXXt', '4148469458', '35698657', 1),
(577, 'Kewish', b'0', '5 Norway Maple Pass', '85920203', 'Alastair', 'YPJZswqphd', '7854719310', '85920203', 1),
(578, 'Rosengart', b'1', '18846 Village Green Circle', '65019594', 'Petra', 'nJUcFobQcoCk', '2815936243', '65019594', 1),
(579, 'Gouldstone', b'1', '92718 Superior Plaza', '23408795', 'Florina', 'Vzdn7LwzbtC', '3698090289', '23408795', 1),
(580, 'Rival', b'0', '9471 Harper Way', '30269780', 'Cassandry', 'DRG7SH0V', '1368650500', '30269780', 1),
(581, 'Tellett', b'1', '48098 Green Terrace', '73458993', 'Melania', 'XWYtOOSaDYZ', '7481153606', '73458993', 2),
(582, 'Jaggers', b'0', '20579 Sycamore Road', '97691861', 'Shawna', 'dwWpPwjp26', '9184086998', '97691861', 1),
(583, 'Grigoire', b'1', '31 Green Ridge Circle', '48795141', 'Shirley', 'EAvkPbWbP', '6135775649', '48795141', 2),
(584, 'Haldin', b'0', '582 Mccormick Lane', '13236294', 'Janos', 'RjVghQSIFh', '3618814978', '13236294', 1),
(585, 'Le Strange', b'0', '822 Moland Way', '74510672', 'Arlene', 'P4b2i6', '4507290538', '74510672', 1),
(586, 'Cretney', b'1', '659 Spenser Junction', '31340202', 'Cyndy', 'Wn9hLsy2', '2183656547', '31340202', 1),
(587, 'Huby', b'1', '19011 8th Pass', '59510739', 'Culver', '9lkfZR', '1889259163', '59510739', 2),
(588, 'Leddy', b'0', '696 Meadow Valley Road', '91419380', 'Heall', 'QgQSqNgHpld', '3059114280', '91419380', 2),
(589, 'Body', b'0', '90013 Troy Junction', '88731900', 'David', 'oZMjfST9', '3145026930', '88731900', 1),
(590, 'Essberger', b'1', '86277 Johnson Plaza', '42543826', 'Aurlie', 'jl3t9H5whG', '9087606745', '42543826', 2),
(591, 'Sanford', b'0', '80339 Mandrake Court', '82913067', 'Gage', 'OkNfF9ttmRFR', '6842050763', '82913067', 1),
(592, 'Parmeter', b'1', '623 Coolidge Park', '70511712', 'Kendra', '6dp5ILDX3t4', '2736929180', '70511712', 1),
(593, 'Sannes', b'1', '4948 Tennyson Road', '92609904', 'Anatole', 'YPpToHA2', '4633902832', '92609904', 1),
(594, 'Conybear', b'1', '1573 Charing Cross Point', '28151980', 'Elsa', '79Oi6ppHo2C', '2675417903', '28151980', 2),
(595, 'Butlin', b'0', '79 Pierstorff Park', '86418790', 'Rusty', 'YFNco4l0zO7', '7377648355', '86418790', 2),
(596, 'Larvent', b'0', '62886 Rutledge Point', '40793355', 'Ulysses', 'msyrcYnp', '1284183965', '40793355', 1),
(597, 'Zipsell', b'1', '805 Garrison Parkway', '42336763', 'Hy', '7Jg7eu56v48R', '8882823417', '42336763', 1),
(598, 'Peerman', b'0', '298 Karstens Court', '33791543', 'Orson', 'R4iBInI4', '8437968542', '33791543', 1),
(599, 'Marian', b'1', '38131 Harbort Circle', '14168985', 'Korella', '2UcWS8', '2043003385', '14168985', 2),
(600, 'Hoggin', b'0', '03826 Elka Road', '24914097', 'Melody', 'UY9ULQNC', '2682417686', '24914097', 1),
(601, 'Pude', b'1', '260 Hoffman Place', '28304013', 'Allyn', 'eGNYs4', '9932347445', '28304013', 1),
(602, 'Charlin', b'1', '3048 John Wall Point', '79180747', 'Lora', 'YmEFnzh4', '4165930684', '79180747', 1),
(603, 'Maultby', b'1', '9722 Green Place', '97300194', 'Kristel', 't2NZuKi', '6603916365', '97300194', 1),
(604, 'O\'Kerin', b'1', '3015 Fair Oaks Park', '11607302', 'Rodolphe', 'a4lD14IpNN', '8284604083', '11607302', 1),
(605, 'Stayt', b'1', '92534 Independence Street', '71369694', 'Jeffry', 'XR3RMR0O4', '7264858239', '71369694', 1),
(606, 'Doohey', b'1', '26 Blaine Road', '15775816', 'Bella', 'HyJZn4D4JaE', '2871080289', '15775816', 1),
(607, 'Monument', b'0', '0 Barnett Circle', '59786893', 'Ertha', 'C3PomOIh', '4085419101', '59786893', 1),
(608, 'Earie', b'0', '46662 Annamark Hill', '50869769', 'Luella', 'iEJbhLY3hl', '6415099688', '50869769', 2),
(609, 'Villa', b'1', '7 Fisk Hill', '19637266', 'Seymour', 'Yt5cCiu2W', '6973248769', '19637266', 1),
(610, 'Chainey', b'1', '9910 Ryan Crossing', '73252386', 'Carolina', '7r4OClC', '1056350705', '73252386', 1),
(611, 'Jakobsson', b'1', '758 Briar Crest Way', '91354647', 'Nelly', 'TzJyaeUEoK5W', '5749406136', '91354647', 2),
(612, 'Coppock.', b'0', '55 Anniversary Drive', '77984854', 'Marlin', 'aTlNMAEU', '8839011545', '77984854', 1),
(613, 'Chiddy', b'0', '707 Commercial Circle', '34380109', 'Lorant', 'uw6OcPTjya', '6516221807', '34380109', 1),
(614, 'Snalom', b'0', '27731 Sutteridge Crossing', '66384135', 'Geneva', 'RhjAN6jQB', '9087737642', '66384135', 1),
(615, 'Dawidman', b'0', '3460 Starling Park', '40950214', 'Penny', '50SZRTCTTD', '5817680819', '40950214', 1),
(616, 'Scoates', b'0', '22305 Cody Trail', '17678542', 'Quinlan', '5rLfgVaJiiA', '1404022203', '17678542', 1),
(617, 'Chipman', b'1', '239 Eagle Crest Crossing', '96469152', 'Bernadine', 'wUdY9H', '4586913335', '96469152', 2),
(618, 'Danett', b'1', '19 Dunning Avenue', '61013303', 'Nicola', 'JoPOMk', '7925297312', '61013303', 1),
(619, 'Benazet', b'0', '6876 Macpherson Crossing', '93590633', 'Barbi', 'ms17vq', '8553343431', '93590633', 1),
(620, 'Healings', b'0', '5 Charing Cross Lane', '82944628', 'Skip', 'OirMjSi9NNw', '5415720215', '82944628', 1),
(621, 'Garmon', b'1', '071 Heffernan Lane', '20059627', 'Daven', 'Gbe39YAzsTNR', '8365202588', '20059627', 1),
(622, 'Coates', b'1', '4797 Grayhawk Way', '41249804', 'Karlens', 'vKSdv6Q', '5257642797', '41249804', 2),
(623, 'Jarret', b'1', '39609 Rusk Place', '30193605', 'Clary', 'hiCFelUi', '1483075966', '30193605', 1),
(624, 'Witherbed', b'1', '5 Ridgeview Alley', '19276761', 'Obidiah', 'K6ekKN8hzRai', '6118131520', '19276761', 2),
(625, 'Wildor', b'0', '7 Marcy Avenue', '62595927', 'Arielle', '5FvWdFg', '9462287362', '62595927', 1),
(626, 'Hunte', b'0', '47 Farmco Circle', '13031459', 'Urbano', '74i8DC5oSst', '4165440232', '13031459', 1),
(627, 'Bohler', b'1', '23731 Mesta Pass', '47341848', 'Buck', '4dGrClYnlH', '1846166495', '47341848', 1),
(628, 'Butte', b'1', '75722 Sherman Park', '61987213', 'Alicia', 't00ke4oR', '4523388519', '61987213', 1),
(629, 'Taffarello', b'0', '516 Stoughton Point', '89382315', 'Meggy', 'KFfQQHkvDMQ', '7526826455', '89382315', 1),
(630, 'Mourgue', b'0', '11483 Mendota Junction', '13144914', 'Boris', 'VVTnCe', '4237025141', '13144914', 2),
(631, 'Raff', b'1', '8 Dovetail Court', '54124009', 'Pam', 't98TOTCnqq', '5626425133', '54124009', 1),
(632, 'Walden', b'1', '446 Ruskin Drive', '68729863', 'Ryann', 'gpgfBCz', '6773563958', '68729863', 2),
(633, 'Thurnham', b'0', '9004 Memorial Park', '89311174', 'Saraann', 'IZpYPL', '2875407148', '89311174', 1),
(634, 'Liccardi', b'1', '68443 Raven Terrace', '70057234', 'Howie', 'duAZ6fhY', '5834239529', '70057234', 1),
(635, 'Ondrasek', b'0', '493 Hallows Center', '58958968', 'Aurie', 'qlWAEJwVix', '2907548884', '58958968', 1),
(636, 'Hatley', b'0', '045 Mifflin Road', '41668991', 'Tybie', 'suynTH0F', '1675781205', '41668991', 1),
(637, 'Pidgin', b'0', '98828 Homewood Point', '19772083', 'Wright', 'j59vl4W', '4944279746', '19772083', 1),
(638, 'Smallacombe', b'1', '1 Thompson Parkway', '63993839', 'Jacquelynn', 'mdv3cTSHiS', '4851305158', '63993839', 1),
(639, 'McKellen', b'1', '0 Onsgard Junction', '25906693', 'Kat', '0Ghlnaw', '3613100297', '25906693', 1),
(640, 'McComiskey', b'1', '84959 Debs Hill', '15695560', 'Kendrick', '6npU5Tr3j', '2488826987', '15695560', 1),
(641, 'Francesco', b'1', '46 Hollow Ridge Avenue', '96932171', 'Cassaundra', 'dOuvHTWkUr55', '8963972144', '96932171', 2),
(642, 'Nadin', b'1', '6 Golf View Parkway', '91131263', 'Patric', 'XjjMQX1qJWxs', '3742783468', '91131263', 1),
(643, 'Mc Caughan', b'1', '66010 Summit Alley', '70379898', 'Alisha', 'EA1WaFKhE', '9252084760', '70379898', 1),
(644, 'Beeden', b'1', '7 Artisan Street', '31346995', 'Gaby', 'fTbZCrAl', '1189722065', '31346995', 2),
(645, 'Moreno', b'0', '8 Laurel Street', '64319469', 'Lori', 'PPr2MyQnp', '9096664594', '64319469', 2),
(646, 'Ivshin', b'0', '44583 Summit Trail', '30786183', 'Gilburt', 'DFat1MPWmdG', '6514906207', '30786183', 1),
(647, 'Whear', b'1', '83 Forest Run Court', '87058944', 'Marina', 'UZOP92Z', '4022751312', '87058944', 2),
(648, 'Ducket', b'0', '291 Becker Drive', '80412191', 'Brittani', 'qC8HDV5', '3035630554', '80412191', 1),
(649, 'Holdin', b'0', '3 Ohio Terrace', '65020011', 'Thomas', '6YlSBCor', '1837730269', '65020011', 1),
(650, 'Furbank', b'1', '97570 Ludington Hill', '65974367', 'Jorge', 'koK6gc1coes5', '5613178958', '65974367', 2),
(651, 'Degli Abbati', b'1', '52 Reindahl Circle', '89274649', 'Phylys', 'I77B3ijkVS0', '3627253403', '89274649', 1),
(652, 'Brewitt', b'0', '97 Nova Plaza', '87867622', 'Hayden', '1u51xFSacdM', '7639553504', '87867622', 1),
(653, 'Lamming', b'0', '99 1st Junction', '76731713', 'Miner', 'gLS6AOWb5P9g', '1674058519', '76731713', 1),
(654, 'Belbin', b'0', '9 Emmet Circle', '16519362', 'Roberto', 'rHhPIt', '3217468117', '16519362', 1),
(655, 'Nisen', b'0', '1 Eggendart Center', '87546664', 'Northrup', '99aq41', '7682733664', '87546664', 1),
(656, 'Manchett', b'1', '79 Goodland Way', '49182096', 'Mallorie', 'WRkzxw', '9042571789', '49182096', 1),
(657, 'Mildenhall', b'0', '46175 Elmside Alley', '54567802', 'Helyn', '5kvuPY03LD', '4351441206', '54567802', 2),
(658, 'Terry', b'0', '5039 Dovetail Hill', '37302623', 'Edita', 'zG2HPSBwsu', '3281352089', '37302623', 1),
(659, 'Leechman', b'0', '9992 Sycamore Center', '66160170', 'Monte', 'ISPEqK', '9499646241', '66160170', 1),
(660, 'Rawles', b'1', '74304 Arapahoe Road', '80596228', 'Iona', 'H7hrxWWyXHMY', '9375653056', '80596228', 1),
(661, 'Cockshtt', b'1', '29381 Bayside Pass', '44819197', 'Leupold', 'mv0XIt1Prhv', '1033296215', '44819197', 1),
(662, 'Schimpke', b'1', '14 Hovde Terrace', '28924747', 'Stesha', 'XeQ2fTS', '9304495363', '28924747', 2),
(663, 'Jurn', b'1', '3 Towne Junction', '37004401', 'Wright', 'hfuZXFUx8k', '8877871234', '37004401', 1),
(664, 'Kilford', b'0', '2 Clyde Gallagher Terrace', '22110688', 'Carrol', 'FWhxTAY', '4166961986', '22110688', 2),
(665, 'Capineer', b'0', '19 Mallard Parkway', '75609430', 'Deeann', 'KxEjJOBoY', '2983046572', '75609430', 1),
(666, 'Blazynski', b'1', '396 Longview Place', '99036503', 'Caitlin', 'sMPR15oP', '7134776548', '99036503', 1),
(667, 'Goodlife', b'0', '8 Redwing Drive', '61073271', 'Slade', 'rMKofpkw', '5875691695', '61073271', 1),
(668, 'Gainseford', b'0', '46246 Riverside Terrace', '20935666', 'Antonella', 'kSP6EXJX', '7257437640', '20935666', 1),
(669, 'Tuttle', b'0', '0642 Fulton Alley', '60940086', 'Laurent', 'QyRTqE', '4869574755', '60940086', 1),
(670, 'Gollop', b'1', '4 Lyons Road', '87742329', 'Cad', 'wEOPywEn', '3835373476', '87742329', 2),
(671, 'Bartholin', b'1', '47186 Cascade Crossing', '45583428', 'Karole', '6keis79N8', '3018671426', '45583428', 2),
(672, 'Byfield', b'1', '747 Briar Crest Way', '70378298', 'Hartwell', 'V0CfsaSLIG4', '5213238881', '70378298', 2),
(673, 'Fittis', b'0', '66660 Sundown Alley', '71738358', 'Sloan', 'uBd6Ng', '7215108471', '71738358', 1),
(674, 'Parish', b'0', '701 Eggendart Court', '44351543', 'Thomasa', 'HFDjp7ey2U4U', '7747951367', '44351543', 2),
(675, 'Vlasyuk', b'1', '469 Kennedy Crossing', '68646681', 'Gabriellia', 'ltKtx9i8Jv', '4639708361', '68646681', 2),
(676, 'Pentony', b'0', '4350 Toban Way', '89697703', 'Ferdinand', 'E73pwRAAhJyC', '7022394724', '89697703', 1),
(677, 'Griffith', b'1', '0 Del Sol Road', '37838125', 'Cyndia', 'MPxPaj71Yr', '5282283726', '37838125', 1),
(678, 'Dunkerly', b'1', '80 Menomonie Circle', '16862566', 'Karmen', '85jQGk1OvsS', '5705226906', '16862566', 1),
(679, 'Kennsley', b'0', '508 Forster Court', '51052352', 'Susann', 'WKTjyZqMs', '4354729000', '51052352', 1),
(680, 'Rottery', b'1', '19350 Mallard Lane', '27662279', 'Rudie', 'No7BrqhQo', '1456265921', '27662279', 2),
(681, 'Ottawell', b'1', '304 Bashford Parkway', '70638111', 'Amby', 'HYq4r0G3Ae', '7279626253', '70638111', 1),
(682, 'Franses', b'1', '986 Mendota Avenue', '88386833', 'Davon', 'vZDAeDc1N', '7797540722', '88386833', 2),
(683, 'Dilger', b'1', '93953 Warrior Point', '66789197', 'Alejandra', 'd0uzYnhKUT', '9131355492', '66789197', 1),
(684, 'Shaxby', b'1', '07 Sundown Alley', '90922106', 'Zara', 'Db32MjJu', '4607601625', '90922106', 2),
(685, 'Filipic', b'1', '441 Melby Avenue', '52879020', 'Sherri', 'KbAW9ULXG', '7802269168', '52879020', 1),
(686, 'Orleton', b'1', '68 Hoard Street', '40369231', 'Ralph', 'O92rZU5l9io', '4576694201', '40369231', 1),
(687, 'Gohier', b'1', '1131 Coleman Center', '37902963', 'Mersey', 'IfYn7H8brsd', '6392349656', '37902963', 1),
(688, 'Deeves', b'1', '257 Gateway Road', '99771884', 'Garrek', '9ssFKR', '8313853675', '99771884', 1),
(689, 'Beinke', b'0', '1020 Burning Wood Street', '71966322', 'Grant', 'oF7KkpF4lJDp', '6862849744', '71966322', 2),
(690, 'Beelby', b'0', '4106 Longview Circle', '27055654', 'Tynan', '9lQ6zR', '1754174903', '27055654', 1),
(691, 'Melanaphy', b'0', '382 Mandrake Park', '93523318', 'Allys', 'DeQBz6', '7289173270', '93523318', 1),
(692, 'Karlsson', b'1', '0427 Haas Alley', '58543666', 'Helene', '7lX5wlq', '6268946848', '58543666', 1),
(693, 'Taillant', b'0', '8 Mandrake Point', '12371619', 'Taber', 'HoRZ8WpZ', '3073655771', '12371619', 1),
(694, 'Strangward', b'0', '46758 Dexter Pass', '23756638', 'Nellie', 'aglg0QmYPShS', '8613361616', '23756638', 2),
(695, 'Magrannell', b'0', '64239 Fieldstone Drive', '55516466', 'Silvano', '6Gdwrd', '4119101150', '55516466', 1),
(696, 'Cuolahan', b'1', '980 Corscot Plaza', '86184055', 'Theobald', 'YYRtQFL3pAC', '9595195476', '86184055', 2),
(697, 'Laxston', b'1', '6 Michigan Court', '79385985', 'Murial', 'fPKJpnl', '3402008829', '79385985', 1),
(698, 'Nye', b'1', '7 Lien Point', '94239915', 'Susan', '980KOK', '6865904243', '94239915', 1),
(699, 'Vivers', b'1', '021 International Lane', '57622390', 'Octavius', 'mPOidct', '1059121781', '57622390', 1),
(700, 'Ashpole', b'1', '0051 Buena Vista Avenue', '84165918', 'Bennie', 'GThONh', '9564074322', '84165918', 1),
(701, 'Newns', b'0', '37 Rowland Point', '90554439', 'Constanta', 'EyinPg9iQW4k', '7293134518', '90554439', 1),
(702, 'Di Domenico', b'1', '909 Debra Way', '51795403', 'Roxanna', 'SROvtQG2Fv', '6204494900', '51795403', 1),
(703, 'Bleibaum', b'0', '5 Mcguire Center', '29490497', 'Bartram', '7KzJN0', '4872773001', '29490497', 1),
(704, 'Richmont', b'1', '57831 Rockefeller Plaza', '92840882', 'Jandy', '12WzCTn1', '1448852974', '92840882', 2),
(705, 'Alaway', b'1', '15 Pond Point', '52837527', 'Prescott', 'yIYjTndrbbL', '6948478448', '52837527', 1),
(706, 'Kauffman', b'1', '234 Reindahl Terrace', '38441838', 'Bee', '8JKdwIL', '2365682984', '38441838', 1),
(707, 'Boyd', b'0', '0 Monica Circle', '89384746', 'Romola', 'HPfGgDqw3', '2393677655', '89384746', 2),
(708, 'Twist', b'1', '5427 Rutledge Crossing', '93648571', 'Katrinka', 'ajCivUp', '9431759350', '93648571', 2),
(709, 'Hutchinson', b'0', '98066 Westend Point', '49613719', 'Gertrud', '2tgIFvHjMUy', '2354491853', '49613719', 1),
(710, 'Ghelerdini', b'0', '03711 Thackeray Lane', '12951769', 'Clotilda', 'BjXA7v3dk3', '7414183402', '12951769', 1),
(711, 'Fice', b'0', '83 Stone Corner Drive', '15202290', 'Ofilia', 'FeKlA32O', '6266049831', '15202290', 1),
(712, 'Gravenall', b'0', '0935 Lawn Crossing', '54100811', 'Cly', 'TEoMIFo93Cj', '2853297058', '54100811', 1),
(713, 'Smallshaw', b'1', '7390 Gateway Trail', '88612144', 'Ranee', 'iSYp609l', '9161207761', '88612144', 1),
(714, 'Dukelow', b'0', '2 Onsgard Road', '39287664', 'Morty', 'pf9BEnFjvCS3', '7979465994', '39287664', 2),
(715, 'Kingswold', b'0', '9805 Dryden Parkway', '63797401', 'Ebonee', 'ryq63STOBQ', '6706909342', '63797401', 1),
(716, 'Banfield', b'0', '4 Stephen Court', '22377422', 'Theodor', '3c92oaVP7QD7', '4212903270', '22377422', 2),
(717, 'Eberts', b'0', '248 Warrior Park', '32889758', 'Silvan', 'Yn1GsJc', '6551999858', '32889758', 2),
(718, 'Pickaver', b'1', '78 Lillian Pass', '11589659', 'Finn', '7rdqPZqfS7', '1731798634', '11589659', 2),
(719, 'Farnie', b'1', '12159 Parkside Hill', '49371831', 'Gil', 'mmAidbgAr', '8609850521', '49371831', 1),
(720, 'Ivantsov', b'0', '15 Sauthoff Terrace', '34333166', 'Geoffry', 'HfuMm5', '5015466384', '34333166', 1),
(721, 'Goldstraw', b'0', '30696 Holmberg Way', '31410752', 'Raven', 'ln1b1txb', '2365943795', '31410752', 1),
(722, 'Drakeford', b'1', '28 Lakewood Crossing', '92614351', 'Drusy', 'Bums2N7', '4646742964', '92614351', 1),
(723, 'Van den Bosch', b'0', '85094 Crowley Center', '27509979', 'Madelon', 'oxhXwDyyLOq', '4192714183', '27509979', 2),
(724, 'Martill', b'1', '568 Ronald Regan Center', '93561005', 'Constantine', 'LJO6jN', '6167866173', '93561005', 1),
(725, 'Birtley', b'1', '73 Lakewood Park', '49997766', 'Maddie', 'sIllHCW1T', '5137613139', '49997766', 1),
(726, 'Castagnet', b'0', '3955 Nobel Park', '50941402', 'Benedetta', 'nniHPJyqY', '4633985682', '50941402', 1),
(727, 'McHugh', b'0', '60206 Hazelcrest Circle', '58921193', 'Neill', 'K8AZhmqXJTC', '9513155178', '58921193', 1),
(728, 'Lordon', b'1', '11 Canary Lane', '11308443', 'Grata', 'urs3dm', '2378253587', '11308443', 1),
(729, 'Gavan', b'1', '2 Nova Street', '61361016', 'Philipa', 'mOAxLOVB1l', '9387272484', '61361016', 1),
(730, 'Gaither', b'0', '4 Crowley Way', '84693815', 'Norby', 'Q2hIxt2J', '7848210789', '84693815', 1),
(731, 'Beavington', b'0', '986 Golf Avenue', '46424781', 'Dell', 'mBVEj2JuAvsx', '4364249308', '46424781', 1),
(732, 'Clerc', b'1', '6143 Fairfield Crossing', '87276260', 'Leta', 'arpzxv', '5007292528', '87276260', 1),
(733, 'Harlett', b'1', '857 David Place', '89189344', 'Kenny', 'Lb1ejDngMuO', '8942981731', '89189344', 2),
(734, 'Sutor', b'0', '29923 Forster Lane', '50130574', 'Bruce', 'VPAkLH65xgo', '6736769323', '50130574', 1),
(735, 'Portail', b'0', '77 Carberry Road', '91555841', 'Lamond', 'uIEPzp00w', '5412430600', '91555841', 1),
(736, 'Backsal', b'0', '783 Old Gate Parkway', '46850538', 'Em', 'NdpQeEUhb5D', '9528271151', '46850538', 1),
(737, 'Lundie', b'0', '39 Esch Road', '55869530', 'Falkner', '6xG7vbBIrKc', '5586440901', '55869530', 1),
(738, 'Sibbald', b'0', '50 4th Avenue', '91694217', 'Halsy', 'eA9T9LaZoZ', '7934490285', '91694217', 1),
(739, 'Tatton', b'0', '4070 Fairfield Lane', '25827921', 'Blair', 'RgbcpiS0q', '2491908758', '25827921', 1),
(740, 'Riche', b'1', '4725 Chinook Street', '73336736', 'Nickolai', 'Ctvhi9fknb', '6635834987', '73336736', 1),
(741, 'McCarrell', b'1', '863 Village Lane', '69124460', 'Daria', 'yUEdQD3Y8n9', '9311726584', '69124460', 1),
(742, 'Sketch', b'0', '460 Forest Run Court', '75028281', 'Dalston', 'V3aeOBNnTuL', '2852313075', '75028281', 1),
(743, 'Utting', b'0', '399 Memorial Parkway', '25496463', 'Bernetta', 'niSp8aspecd0', '4575569312', '25496463', 1),
(744, 'Aleswell', b'1', '40 Oak Crossing', '80706064', 'Homer', 'KB87ZNw', '6837374366', '80706064', 1),
(745, 'Dulake', b'1', '06834 Grasskamp Alley', '56115962', 'Armstrong', 'cVmrOptR', '7359693130', '56115962', 1),
(746, 'Murphy', b'1', '666 Dawn Pass', '98416871', 'Lorry', 'UcVM2tIq', '4426789876', '98416871', 1),
(747, 'Hemmingway', b'0', '95981 Pond Court', '53712101', 'Marcos', '1R5TmwMpqXD', '9841858716', '53712101', 1),
(748, 'Iggo', b'0', '76 Kennedy Avenue', '63771914', 'Alie', 'fi6A09HqNQ9', '5881693432', '63771914', 2),
(749, 'Louder', b'1', '956 Waywood Drive', '12492363', 'Shellysheldon', 'kU13xxrOD', '9351920128', '12492363', 1),
(750, 'Angless', b'0', '8673 Summerview Crossing', '20861437', 'Carce', 'npWB7aNQA', '3957734528', '20861437', 1),
(751, 'Raselles', b'0', '47 Rowland Place', '87354916', 'Terrell', 'WkAkOuFS2K', '2202149870', '87354916', 1),
(752, 'Worsell', b'1', '353 Donald Plaza', '40737361', 'Lorry', 'w8Fe7ZyKJBS', '7356554693', '40737361', 2),
(753, 'Earp', b'1', '48 Hoard Terrace', '41692527', 'Napoleon', 'EWkupWumNpj', '3485196165', '41692527', 2),
(754, 'Pietzker', b'0', '3 Carberry Place', '55555427', 'Jeramie', 'L5Z8gVDsJO5', '4942597474', '55555427', 1),
(755, 'Lingard', b'0', '563 Luster Road', '42998619', 'Ree', 'qMNpSHdI', '9039941029', '42998619', 1),
(756, 'Markova', b'0', '36 Florence Alley', '88583204', 'Cly', 'SAawBw5I', '9355262702', '88583204', 1),
(757, 'Brosini', b'1', '72 Sachtjen Terrace', '62044216', 'Nola', 'ZEcrbJ66dzd5', '2879972870', '62044216', 1),
(758, 'Brocklebank', b'1', '466 Rusk Circle', '19109013', 'Beryl', 'sI86QbA5ppu', '6961862469', '19109013', 2),
(759, 'Gookey', b'0', '062 Manufacturers Terrace', '43089755', 'Ewell', 'oGpLCDJdS', '3239748291', '43089755', 2),
(760, 'Amburgy', b'0', '781 Loomis Plaza', '78311294', 'Corena', 'tk5TVquYOI9J', '8507574096', '78311294', 1),
(761, 'Livzey', b'0', '87404 School Place', '32105927', 'Charleen', '388jwPGc', '5108427352', '32105927', 1),
(762, 'Dorling', b'1', '4 Nova Alley', '89588158', 'Aubry', 'vN0Db7x50g9g', '1193275668', '89588158', 1),
(763, 'Sussems', b'0', '0599 Warner Pass', '53609776', 'Cordell', 'iMgfrJ', '3665395443', '53609776', 2),
(764, 'Benardeau', b'1', '91280 Melby Circle', '55434878', 'Frederick', 'V3dhOoppYVKE', '2071781304', '55434878', 1),
(765, 'Garrish', b'1', '143 Alpine Center', '90979813', 'Doralynne', 'JiCeGG6xLLj', '1297398833', '90979813', 1),
(766, 'Stefi', b'0', '2 Logan Parkway', '71286868', 'Derril', 'bUcW5i4ha7R', '5458302112', '71286868', 1),
(767, 'Pinck', b'1', '3908 Forest Run Place', '11604709', 'Maximilianus', 'eHLqvtAS', '6344344770', '11604709', 1),
(768, 'Jilliss', b'0', '57494 Melby Plaza', '95858299', 'Elmore', 'VOjXmjBD', '9007840839', '95858299', 1),
(769, 'Carvilla', b'0', '1094 Buell Road', '21539647', 'Lorie', 'NZwfZT4PYCL', '7234372059', '21539647', 1),
(770, 'Devaney', b'0', '515 Acker Road', '56317048', 'Jany', 'QzqtSCiOXqE', '3554584290', '56317048', 1),
(771, 'Stancliffe', b'1', '7948 Sundown Pass', '44132807', 'Hobey', 'Sk5bvMSt', '6565886027', '44132807', 1),
(772, 'Stribbling', b'1', '8273 Spaight Terrace', '35316301', 'Chiarra', '2Snydw', '5043124541', '35316301', 2),
(773, 'Sinclair', b'0', '98069 Corben Drive', '24361482', 'Neil', 'r9ZPrG', '7903106766', '24361482', 1),
(774, 'Pesticcio', b'0', '725 Straubel Trail', '90165536', 'Elisabet', 'CnIdy10GTNN', '2102485772', '90165536', 1),
(775, 'Carmichael', b'1', '88 School Court', '33127427', 'Coralyn', '456mgQ', '3723665921', '33127427', 1),
(776, 'Finkle', b'0', '11730 Vermont Drive', '94688484', 'Urson', 'MLpbpjLSK', '2441665413', '94688484', 1),
(777, 'Kondratyuk', b'0', '69072 Straubel Pass', '74664227', 'Puff', 'fjTLvi1Jj', '2569565385', '74664227', 1),
(778, 'Fritschel', b'1', '965 Burning Wood Circle', '22557420', 'Samuele', 'uMuVClY', '9873296264', '22557420', 2),
(779, 'Bernardotti', b'1', '26 Stone Corner Trail', '29568269', 'Adler', '7TVnQoe', '2199691214', '29568269', 2),
(780, 'Kunkler', b'0', '11852 Northfield Place', '23869362', 'Zared', 'Z8lbIu4OJ1ng', '2908975293', '23869362', 1),
(781, 'Mattedi', b'1', '2 Acker Lane', '35516861', 'Lynn', 'MpvkKg4', '5467942852', '35516861', 1),
(782, 'Game', b'1', '4 Barnett Lane', '23838430', 'Toni', 'zd48VBaVwuo', '8025599377', '23838430', 1),
(783, 'Levee', b'1', '62659 Butternut Crossing', '86797560', 'Willamina', 'i7qS1y', '5629672128', '86797560', 2),
(784, 'Kliche', b'0', '62672 Glacier Hill Park', '97101306', 'Maximilianus', 'bOoVPeMOz', '8329665296', '97101306', 2),
(785, 'Gerhold', b'1', '8 Sherman Point', '98127214', 'Elyn', '2leAwx', '6091592166', '98127214', 2),
(786, 'Aronovitz', b'0', '79528 Hazelcrest Plaza', '88680622', 'Ferrell', 'G2JeMAwPvxv', '2959665596', '88680622', 2),
(787, 'Sieb', b'1', '603 Comanche Junction', '13760381', 'Nelli', 'lWPfDpk8C2bh', '5969955625', '13760381', 1),
(788, 'Kingcott', b'0', '139 Rutledge Way', '25454597', 'Ulysses', '1wob1ux', '3342079685', '25454597', 1),
(789, 'Tranter', b'1', '939 Myrtle Court', '87310898', 'Yvonne', 'p1SNnP0', '7728135615', '87310898', 1),
(790, 'Giles', b'1', '057 Sullivan Trail', '55403167', 'Idell', 'xuGs0U0ntY', '2582890351', '55403167', 2),
(791, 'Messenger', b'0', '195 Main Trail', '19458332', 'Alvin', 'pw5Orhk', '7857967039', '19458332', 1),
(792, 'Paten', b'0', '97722 Daystar Junction', '73422095', 'Nikos', 'KOJKkhaUsU', '9509834313', '73422095', 1),
(793, 'Goodlet', b'1', '131 Lakeland Way', '47485608', 'Chaddy', 'uy7mmD', '5327653348', '47485608', 2),
(794, 'Dugan', b'0', '19 Hintze Court', '81766748', 'Kerry', 'EsMErM5dWZTb', '9533536366', '81766748', 1),
(795, 'Hulson', b'0', '67 Talmadge Drive', '69174171', 'Harbert', 'THWOiDZft', '4174259170', '69174171', 1),
(796, 'Thomlinson', b'0', '89169 Monument Park', '70174737', 'Floria', 'l2xGhJLoLUZ', '5292343572', '70174737', 1),
(797, 'Gentric', b'1', '2 Sherman Court', '95470893', 'Ikey', '6Qj1u9gPaqz0', '9969058397', '95470893', 2),
(798, 'Franke', b'0', '46857 Rockefeller Trail', '54243375', 'Bradan', 'XHtTjE', '3788346731', '54243375', 1),
(799, 'Knowlson', b'0', '7 Cascade Circle', '28518269', 'Nataniel', 'oeakxv', '2636657147', '28518269', 1),
(800, 'Padgett', b'0', '297 Schmedeman Crossing', '14224052', 'Franchot', 'TjJXoD6NHKL', '4866497361', '14224052', 1),
(801, 'Ganley', b'0', '725 Waywood Center', '21551198', 'Timmie', 'FvFhaj3B7mQ', '6655785917', '21551198', 1),
(802, 'Yarham', b'1', '90190 Golf Course Park', '27365322', 'Ayn', 'HVssLdM', '4121255197', '27365322', 1),
(803, 'Norville', b'0', '9600 Barby Point', '32254272', 'Myrvyn', 'NgTsuoZe', '6487841097', '32254272', 2),
(804, 'Weekes', b'1', '0537 Autumn Leaf Alley', '83123442', 'Noella', '4uuJFUtTCY', '2607660401', '83123442', 2),
(805, 'Axon', b'0', '50 Chive Road', '42903987', 'Greggory', 'MTnfcLqc', '3786533380', '42903987', 2),
(806, 'Shoute', b'0', '71757 Sachtjen Center', '46626394', 'Rockie', 'Biosou1pX', '4386479241', '46626394', 2),
(807, 'Commusso', b'1', '985 Ruskin Alley', '98392644', 'Faye', 'PGUvFu', '4241898019', '98392644', 2),
(808, 'Redfield', b'1', '12734 Loftsgordon Court', '70690750', 'Francis', 'Ubdl9AW', '2589270383', '70690750', 2),
(809, 'Lots', b'1', '64802 Reindahl Center', '11368424', 'Ham', '1WhVYO', '1274875735', '11368424', 1),
(810, 'Pavitt', b'0', '463 Brickson Park Junction', '47977329', 'Klarika', 'pNnTDqyVzrM', '4918143390', '47977329', 1),
(811, 'Malby', b'0', '723 Bartelt Plaza', '28869327', 'Codi', 'c5tQacch4', '6962222815', '28869327', 1),
(812, 'Romagosa', b'1', '88 Troy Point', '39608321', 'Tedd', '26sqZmk5hm', '3397919265', '39608321', 1),
(813, 'Ghilks', b'0', '949 Norway Maple Alley', '86740449', 'Reggy', 'lMmtO7', '7572972608', '86740449', 2),
(814, 'Gehrels', b'0', '40757 Upham Drive', '23324051', 'Lynn', '6JyArQy', '1382388608', '23324051', 1),
(815, 'Gouldthorpe', b'1', '880 Ronald Regan Pass', '79096004', 'Ikey', '0mAwwrcQzd', '6048905929', '79096004', 1),
(816, 'Grandham', b'1', '08 Petterle Crossing', '37955500', 'Rance', '0beSIVAFlhZ', '9288777190', '37955500', 2),
(817, 'Claris', b'0', '936 Butternut Pass', '58427248', 'Geoffry', 'BukdDOY', '1361757559', '58427248', 1),
(818, 'Lyard', b'1', '22917 Eagle Crest Terrace', '76881090', 'Barth', '1m4QSOQw', '4094143019', '76881090', 1),
(819, 'Peckett', b'1', '7 Lotheville Hill', '75587754', 'Elke', '7KJIc1bOY', '8778823178', '75587754', 1),
(820, 'Heaysman', b'1', '09 Welch Park', '84471776', 'Seamus', 'bzi3X3izMfc', '7601750640', '84471776', 1),
(821, 'Berends', b'0', '94 Darwin Parkway', '61546417', 'Emlynn', 'ogmvYg1WGfWE', '3883248601', '61546417', 2),
(822, 'Bysouth', b'0', '9 Sage Junction', '54597268', 'Kris', 'bH4ZMzTXTi6', '3423496905', '54597268', 1),
(823, 'Milne', b'1', '9309 Kensington Circle', '89179740', 'Maryrose', 'Kw61aTw6', '8863176082', '89179740', 1),
(824, 'Sinnett', b'0', '2710 Jackson Center', '35333709', 'Reeva', 'ZKmzBTyTL', '9107738769', '35333709', 1),
(825, 'Risbie', b'1', '9 Ohio Alley', '31457862', 'Kaspar', 'Navtqv', '8017855069', '31457862', 2),
(826, 'Louden', b'1', '47 Merchant Court', '75089165', 'Laurianne', '9XiUWpdbkU1', '4056300718', '75089165', 1),
(827, 'Pelosi', b'0', '4183 Surrey Parkway', '58545362', 'Germaine', 'dQXboL', '7966442841', '58545362', 1),
(828, 'Yglesias', b'0', '72788 Memorial Parkway', '58485711', 'Rocky', 'lmWwHEY3', '2409828702', '58485711', 1),
(829, 'Salter', b'1', '85334 Blaine Parkway', '45559162', 'Costa', 'VeTdL8x', '8697878559', '45559162', 1),
(830, 'Gommery', b'0', '1 Prairieview Drive', '88345025', 'Lilla', 'MlG327v1NYP', '7881911697', '88345025', 1),
(831, 'Belli', b'1', '24 Helena Trail', '78434849', 'Lou', 'WnpQVG9I', '8543516121', '78434849', 1),
(832, 'Pettegree', b'0', '08 Birchwood Circle', '47038294', 'Frazier', 'n6LOtO', '2965735909', '47038294', 1),
(833, 'Blundon', b'0', '3275 Almo Junction', '43590993', 'Loreen', 'XgBeOZOc', '1339469037', '43590993', 2),
(834, 'Filipov', b'0', '03744 Melody Court', '88601474', 'Menard', 'LH6V6QED', '9308451334', '88601474', 1),
(835, 'Rumke', b'0', '30 Northland Plaza', '96519650', 'Geoff', 'EcTXagGiJAE', '8376684591', '96519650', 1),
(836, 'Hune', b'0', '9726 Lunder Terrace', '20604833', 'Vernon', 'B5JfWoAT', '1841666491', '20604833', 1),
(837, 'Stuchbery', b'0', '85 Sunfield Court', '39512388', 'Kyrstin', '02varmaz', '2905274610', '39512388', 1),
(838, 'Karlolczak', b'0', '20355 Hanson Parkway', '89204194', 'Martguerita', 'rwNq5kS', '4878404829', '89204194', 2),
(839, 'Oxbie', b'0', '91047 Calypso Place', '88108667', 'Court', 'UZufnsCmkhy', '3585159363', '88108667', 1),
(840, 'Milkeham', b'0', '6 Quincy Street', '76673549', 'Binni', '6V4jYkK6IdsG', '4562925516', '76673549', 1),
(841, 'Mowson', b'0', '14 Pine View Drive', '78550084', 'Loleta', 'ZROQTAxu', '7882648780', '78550084', 1),
(842, 'Gwinnel', b'0', '11889 Continental Lane', '77958285', 'Audre', 'nggPU7', '5208602229', '77958285', 2),
(843, 'Sherville', b'1', '76934 Farmco Terrace', '65280274', 'Lulu', 'Xa0llt3oVs', '4538186741', '65280274', 1),
(844, 'Speed', b'0', '9 Dottie Street', '98512537', 'Christel', 'PDbXS3OZTAR', '5464605485', '98512537', 1),
(845, 'Poznanski', b'1', '52 Melrose Avenue', '40989763', 'Dione', 'tlhzmV496joh', '5082304612', '40989763', 1),
(846, 'Jurs', b'1', '4 Sauthoff Center', '93152008', 'Stanislaw', 'mwG0BtFf7', '6075669629', '93152008', 1),
(847, 'Fairham', b'0', '34 Sachtjen Road', '42382008', 'Sandy', '11PWt3x2M', '7432384341', '42382008', 2),
(848, 'Jaquin', b'0', '3675 Schurz Drive', '60533439', 'Riccardo', 'OeNyEBJinS', '9103281773', '60533439', 1),
(849, 'Semaine', b'0', '5 Sycamore Hill', '12650382', 'Marj', '7WHFY5H1D1', '3639940662', '12650382', 2),
(850, 'Feyer', b'0', '0682 New Castle Point', '21935208', 'Aurilia', 'edr9bXbb8x', '2221968029', '21935208', 2),
(851, 'Petow', b'1', '9 Cody Drive', '16626173', 'Lyndell', 'rwFPjikJ', '1317412016', '16626173', 2),
(852, 'Hatfield', b'0', '24288 Butternut Terrace', '59082356', 'Annmaria', 'FlxdMlOgb', '7126281693', '59082356', 2),
(853, 'Lapenna', b'0', '348 Arkansas Place', '65065997', 'Viviyan', 'PpcSP2v7xepZ', '9078502356', '65065997', 2),
(854, 'Buyers', b'0', '0103 Merry Street', '76928981', 'Pincus', 'Bo0rlaZ', '5159345192', '76928981', 2),
(855, 'Musterd', b'0', '55 Huxley Road', '28657421', 'Ree', 'V71mOWFPw', '9032920786', '28657421', 1),
(856, 'Nobles', b'1', '4 Eastlawn Park', '87298335', 'Leelah', 'kAumuP', '5548997755', '87298335', 1),
(857, 'MacCard', b'0', '62935 Harbort Parkway', '88979654', 'Elwyn', 'xf7U5Q2Gme', '1986582259', '88979654', 2),
(858, 'Oris', b'1', '45328 Fairfield Court', '54376252', 'Danya', '7fz1CrOf', '1493024885', '54376252', 2),
(859, 'Lockhead', b'1', '1375 Kropf Park', '54209588', 'Tiertza', '7WHclG', '5022432493', '54209588', 1),
(860, 'Howitt', b'0', '3 Lien Park', '53734198', 'Gerrilee', 'uSppOM7HRH', '7531914354', '53734198', 1),
(861, 'Healey', b'0', '09 Emmet Road', '30173810', 'Iolanthe', 'cgn1DGv', '1267684272', '30173810', 2),
(862, 'Matyugin', b'1', '6 Bunting Lane', '19447116', 'Rudyard', 'bEoAwwce9W', '9693033717', '19447116', 1),
(863, 'Bubear', b'0', '77935 Summer Ridge Center', '80690825', 'Bar', 'fEoXIfF4', '6212167306', '80690825', 1),
(864, 'Matieu', b'1', '49 Autumn Leaf Center', '35575861', 'Melloney', 'sGrGePW2', '6471823128', '35575861', 1),
(865, 'Mainds', b'0', '81587 Holy Cross Center', '84713414', 'Ira', '8FVhq2ya', '7087893018', '84713414', 1),
(866, 'Bronger', b'0', '6 Meadow Ridge Trail', '16563551', 'Hastings', 'iu8XhgydDWv', '5762403530', '16563551', 1),
(867, 'Roseborough', b'0', '53 Cascade Way', '87155399', 'Aura', 'IaflKbyU7W', '3024223243', '87155399', 1),
(868, 'Barlthrop', b'0', '43140 Sheridan Lane', '50613364', 'Sherlocke', 'ppiT9ktqoG9e', '6664755946', '50613364', 1),
(869, 'McParlin', b'0', '5856 Sunbrook Drive', '57240927', 'Mozes', 'a9MZ8v', '2176942899', '57240927', 2),
(870, 'Triggol', b'1', '11398 Lighthouse Bay Park', '97644282', 'Pryce', '8Y2eF0f15Pw', '4375591691', '97644282', 2),
(871, 'Cisco', b'0', '16651 Killdeer Plaza', '68395548', 'Luciano', 'IGh8Ih', '2586663045', '68395548', 1),
(872, 'Wegman', b'0', '4522 Stuart Point', '22953437', 'Fran', 'yvrW17aYNF', '6046290044', '22953437', 1),
(873, 'Ilsley', b'1', '6796 Dottie Hill', '71699142', 'Deana', 'q8qCY5', '4591563225', '71699142', 2),
(874, 'Marsay', b'0', '85777 Columbus Center', '94336072', 'Isabella', 'hVbS2SGoKSOT', '9378181341', '94336072', 1),
(875, 'Mitkov', b'0', '93 Lien Street', '98230836', 'Peterus', 'LJqZtRJ76Z4', '3179401917', '98230836', 2),
(876, 'Abramow', b'1', '99719 Dawn Lane', '52942487', 'Katlin', 'Z63QirekYnQo', '5889816590', '52942487', 1),
(877, 'Edmonds', b'0', '134 Artisan Parkway', '27675082', 'Barby', 'GR1pXMDal7', '2131708092', '27675082', 1),
(878, 'Lacase', b'0', '22 Monica Trail', '62390372', 'Sigrid', 'CXck1JQVd', '7914679497', '62390372', 2),
(879, 'Mattevi', b'1', '3 Union Circle', '97781310', 'Julissa', 'FrGFS8QxNS9j', '2797544086', '97781310', 1),
(880, 'Hembling', b'0', '13313 Center Street', '51954261', 'Sisile', '3jlov14', '4963183637', '51954261', 1),
(881, 'Caldero', b'1', '2 Cardinal Park', '33487979', 'Fred', '65mqQHu', '8379856569', '33487979', 1),
(882, 'Duffer', b'0', '1160 Oriole Point', '97439381', 'Ichabod', 'ryTatrs', '4578479153', '97439381', 2),
(883, 'Lebarree', b'0', '7376 Sommers Court', '83027060', 'Berte', 'WXIwHH490O', '4085718857', '83027060', 1),
(884, 'Gannicott', b'0', '257 Lotheville Center', '39307191', 'Katuscha', 'kpCyTm11iuH', '8026164055', '39307191', 1),
(885, 'Jursch', b'1', '28 Eliot Hill', '24742028', 'Elsie', 'Mz07uVT', '2501714713', '24742028', 1),
(886, 'Tweed', b'0', '2 Vermont Avenue', '81642253', 'Marshall', '16h46Ei', '8959201533', '81642253', 2),
(887, 'Moncarr', b'1', '0 Alpine Terrace', '84639148', 'Daile', 'Pvljtof', '6983991260', '84639148', 1),
(888, 'Matteau', b'0', '04103 Hoepker Pass', '83960892', 'Standford', '7gVpE2PUb', '8805768318', '83960892', 1),
(889, 'Beggs', b'0', '4699 Karstens Hill', '92720762', 'Nelli', 'sBWKcrz', '6607775948', '92720762', 1),
(890, 'Silberschatz', b'0', '8894 Eastlawn Point', '99849471', 'Yolanda', 'ddQhchdcAo', '3186730239', '99849471', 1),
(891, 'MacRorie', b'1', '62 Kingsford Court', '71757572', 'Melita', '0aG9AMWW9J', '1793126362', '71757572', 2),
(892, 'Duesberry', b'0', '77741 Bonner Pass', '27786167', 'Damaris', 'pgBBMGPp1IlG', '1915589640', '27786167', 1),
(893, 'Beardall', b'1', '8493 Scofield Hill', '23552756', 'Livvyy', 'oWNEbB', '3386337937', '23552756', 2),
(894, 'Handke', b'0', '21441 Loftsgordon Road', '95615229', 'Dud', 'pGjDEGysGFk', '1476067283', '95615229', 1),
(895, 'Ruffle', b'1', '08 Bultman Trail', '69622360', 'Heindrick', 'ZvfbF8', '7867616920', '69622360', 2),
(896, 'Cuttings', b'1', '3 Hudson Avenue', '13891544', 'Emmerich', 'tdLG8V', '2204059142', '13891544', 2),
(897, 'Ferres', b'1', '941 Johnson Center', '81093854', 'Palm', 'xOfVljxk8', '7274197430', '81093854', 1),
(898, 'Abrahmovici', b'1', '641 Fremont Alley', '32983505', 'Euphemia', 'aP6xiN4SX', '9208858862', '32983505', 2),
(899, 'Thrower', b'1', '7056 Talmadge Avenue', '46867351', 'Erinna', 'SyKvE8', '8853392154', '46867351', 1),
(900, 'Swarbrigg', b'1', '513 Portage Trail', '28578170', 'Cris', 'mZluuiwq', '9599650539', '28578170', 1),
(901, 'Molan', b'1', '5088 Meadow Valley Avenue', '58165285', 'Goldie', 'MHXBKcYU', '2121770417', '58165285', 2),
(902, 'Seagar', b'1', '35 Dakota Hill', '62117698', 'Lawry', '53CTpvP', '6034738975', '62117698', 1),
(903, 'Marlon', b'1', '34162 Anthes Plaza', '80080879', 'Mace', 'OLNPoHNc', '8218907834', '80080879', 2),
(904, 'Kindred', b'0', '8 American Ash Crossing', '26915915', 'Ingra', '749Mxe2gSIHK', '5012696340', '26915915', 1),
(905, 'Lafuente', b'1', '5167 Sullivan Pass', '30245545', 'Fairleigh', 'pJ1vf7mQ', '9585856452', '30245545', 2),
(906, 'Ferenczi', b'1', '9825 Havey Junction', '72269016', 'Sayre', 'LLPHjBPpkAD', '8286609122', '72269016', 1),
(907, 'Hatcliffe', b'0', '94 Weeping Birch Plaza', '59907806', 'Trista', '6ITyOXx', '9196723189', '59907806', 2),
(908, 'Hunnaball', b'1', '45984 Chinook Parkway', '19849377', 'Morly', 'aTSQEqOsrV3', '7893463090', '19849377', 1),
(909, 'O\'Heneghan', b'0', '4418 Calypso Place', '46623193', 'Barby', 'V4n4KVU2csw', '6351524517', '46623193', 1),
(910, 'Vamplers', b'0', '0013 Annamark Lane', '78860271', 'Calhoun', 'iyCdwBo2v', '2299967375', '78860271', 1),
(911, 'Peirazzi', b'0', '2444 Ilene Trail', '81402187', 'Margery', 'taeB47nVo4oY', '3081633306', '81402187', 1),
(912, 'Bramwell', b'1', '389 Reinke Center', '74578630', 'Elroy', 'ElzBjBl5rL', '1982873669', '74578630', 2),
(913, 'Babbidge', b'1', '315 Debra Place', '67559895', 'Balduin', 'vW3ksG', '2221665326', '67559895', 1),
(914, 'Kipping', b'0', '54 Rowland Way', '58604806', 'Lydie', '4ClgrfO', '7847031384', '58604806', 1),
(915, 'Maryin', b'1', '89 Chive Parkway', '90049462', 'Georgia', 'SBRkfYN5rw', '3601574869', '90049462', 2),
(916, 'Fratczak', b'0', '6058 Pleasure Plaza', '69712292', 'Dyan', 'be93dqBlmAYp', '5589205695', '69712292', 1),
(917, 'Caherny', b'0', '96855 Magdeline Lane', '72090039', 'Renie', 'CftBPX3', '5339567316', '72090039', 1),
(918, 'Blakebrough', b'1', '0743 Holmberg Court', '66276690', 'Appolonia', '21bkTGko4T', '7173117324', '66276690', 1),
(919, 'Marham', b'1', '32 Kim Road', '69698424', 'Keir', 'NjvNK3SN', '2658286310', '69698424', 1),
(920, 'Gamlen', b'0', '9612 Transport Trail', '74774042', 'Xylia', '94RkWxv', '2996261290', '74774042', 1),
(921, 'Romain', b'1', '03 Forster Avenue', '12033982', 'Maureene', '2qhyaq9Ljw', '3139320200', '12033982', 2);
INSERT INTO `user` (`id`, `apellidos`, `baja`, `direccion`, `dni`, `nombre`, `password`, `telefono`, `username`, `rol`) VALUES
(922, 'Walton', b'1', '1577 Sugar Pass', '92928676', 'Dinny', 'YQkE3eN0', '3636053531', '92928676', 1),
(923, 'Seth', b'1', '5 Mockingbird Court', '40430907', 'Ermin', 'z67lQUR4x', '8687222496', '40430907', 1),
(924, 'Kelling', b'0', '4783 Bobwhite Junction', '43963477', 'Ernesto', 'XeSlfYjfU5', '7752041966', '43963477', 2),
(925, 'Mossdale', b'0', '4852 Sherman Road', '16873339', 'Humberto', 'BGDtqhk', '7918915372', '16873339', 1),
(926, 'Prahl', b'1', '57679 Fair Oaks Drive', '78310934', 'Tommie', 'HQ9coS', '2767106111', '78310934', 1),
(927, 'Glasheen', b'0', '370 Buena Vista Center', '33625728', 'Evey', 'wbU4UvUB', '2223252659', '33625728', 1),
(928, 'How to preserve', b'0', '8 Stephen Parkway', '44532778', 'Michaeline', '0SjqQxVvHIL', '3436570314', '44532778', 1),
(929, 'Goldby', b'0', '4 Holmberg Trail', '20488834', 'Town', 'PA9tWqEJ5Y', '1353066556', '20488834', 1),
(930, 'Semered', b'1', '2 Ilene Alley', '33254710', 'Daryn', 'PZrw693PW', '3124321084', '33254710', 1),
(931, 'Regorz', b'0', '28904 Summerview Street', '42100097', 'Artemus', 'rmK6jWqCpyL', '5244869346', '42100097', 2),
(932, 'Greenig', b'0', '71733 Memorial Plaza', '62323341', 'Essy', 'd8EDOHBi1rr', '9451225737', '62323341', 2),
(933, 'Hryncewicz', b'1', '6 Florence Drive', '63831124', 'Ansley', 'HXLyDI50VyT1', '2439231274', '63831124', 1),
(934, 'Rodolico', b'1', '7 Cottonwood Alley', '58739480', 'Barnebas', 'TGaqsp', '9896564972', '58739480', 1),
(935, 'McClinton', b'1', '49 Kinsman Pass', '14558725', 'Elsbeth', 'UwgjemZOPC6H', '7617569985', '14558725', 2),
(936, 'Stilliard', b'0', '81 Manitowish Lane', '35050768', 'Gerick', 'F2HX8E6kuD', '1047205635', '35050768', 2),
(937, 'Tomblings', b'0', '85 Esch Circle', '92480002', 'Timofei', 'Sggs5U2dNd', '4724886385', '92480002', 1),
(938, 'Jerger', b'1', '340 Sloan Alley', '82860427', 'Reinold', 'ZfdTUTpeX', '8448109168', '82860427', 2),
(939, 'Gwatkin', b'1', '98982 Brickson Park Way', '20260594', 'Trixie', 'xRDonptUtJam', '3674733967', '20260594', 2),
(940, 'Calf', b'1', '02 Beilfuss Lane', '49510067', 'Kesley', 'MUsbFqtvdm2F', '2503463712', '49510067', 2),
(941, 'Russell', b'0', '5 Badeau Avenue', '40315270', 'Allene', 'JUr6hFFaLqZ', '6028286212', '40315270', 2),
(942, 'Chittenden', b'1', '1 Thierer Parkway', '93488428', 'Claudetta', '1xOMaDzXejKs', '5793856570', '93488428', 2),
(943, 'Bixley', b'0', '301 Maryland Way', '66103572', 'Eugene', 'rORcRR', '6559833323', '66103572', 1),
(944, 'Yegorov', b'1', '7306 Reinke Pass', '80121813', 'Kahlil', 'LVG2J0an', '6031191254', '80121813', 1),
(945, 'Folomkin', b'0', '43 Graedel Hill', '77509709', 'Madelaine', 'fiXdgV0Orr', '4292594549', '77509709', 2),
(946, 'Edmunds', b'1', '2 Lillian Alley', '94453135', 'Nert', 'H3eK8CLlx7Xa', '1546807587', '94453135', 1),
(947, 'Hannum', b'0', '937 Eggendart Street', '13710451', 'Angelique', '22w8OKBYOiX', '7729102369', '13710451', 1),
(948, 'McIlwaine', b'1', '55249 Portage Terrace', '33304636', 'Walther', 'kcKW6Sztn', '9878082062', '33304636', 1),
(949, 'Axelbee', b'0', '957 Heath Center', '67939337', 'Rozanne', '8nUJdd', '8845859495', '67939337', 1),
(950, 'Frenchum', b'0', '963 Westridge Center', '42505998', 'Jenna', 'ZMOPIW', '5067684624', '42505998', 1),
(951, 'Ferronel', b'1', '63915 Center Drive', '96846492', 'Wandie', 'o6wJffsUA', '4108577896', '96846492', 1),
(952, 'Croxall', b'1', '5 6th Trail', '17649486', 'Pedro', 'bpLJwWdB8yZ', '8604880211', '17649486', 2),
(953, 'Dennidge', b'1', '21840 Nancy Hill', '49498248', 'Cobbie', 'TvXRGthUknU', '4296014831', '49498248', 1),
(954, 'Francillo', b'1', '65499 Cherokee Crossing', '81199063', 'Neils', '1jNsrOWTMD', '2448022596', '81199063', 2),
(955, 'Ludewig', b'1', '87689 Fairfield Terrace', '19771064', 'Jozef', '1RD96lAzBxcE', '3085125531', '19771064', 1),
(956, 'Goodbairn', b'1', '549 Montana Point', '46902595', 'Corene', 'xQAhpsH', '4326990543', '46902595', 1),
(957, 'Roberds', b'0', '12 Ridgeway Avenue', '92387816', 'Jerrilyn', 'EmZHLH', '4977240260', '92387816', 1),
(958, 'Dunwoody', b'0', '71 Johnson Lane', '19091465', 'Sarah', 'Hk6HVakNvWxH', '4555269955', '19091465', 2),
(959, 'Whal', b'1', '2102 Darwin Avenue', '68498236', 'Goldina', 'PQDoVgn4rdV9', '3565429045', '68498236', 2),
(960, 'Meehan', b'0', '231 Rockefeller Way', '12798550', 'Chandler', 'MIECCh', '6905558316', '12798550', 1),
(961, 'Leschelle', b'0', '338 Di Loreto Court', '43220315', 'Ariel', '9RpQFg', '6958271676', '43220315', 1),
(962, 'Jewiss', b'1', '6 Dwight Parkway', '47413663', 'Gertrudis', '1SZvFXqkbbzX', '9784915267', '47413663', 1),
(963, 'Crouch', b'0', '32 Warner Junction', '84185413', 'Grayce', 'ASamKAoH', '4253791320', '84185413', 2),
(964, 'Ahrend', b'0', '68 Chive Pass', '13586125', 'Cherish', 'wrhl9UQjU', '9353558786', '13586125', 1),
(965, 'Keys', b'1', '1743 Tennessee Pass', '83823391', 'Myer', 'T82r2EV', '9744346212', '83823391', 1),
(966, 'Riply', b'0', '4156 Meadow Valley Parkway', '54537501', 'Tanner', 'pKnqR76YV', '1299438274', '54537501', 1),
(967, 'Muat', b'1', '627 Clyde Gallagher Point', '87894229', 'Rance', '4hk09wA0raq0', '6568890992', '87894229', 1),
(968, 'Szwarc', b'0', '75463 Portage Road', '82207182', 'Annemarie', 'I39FQmEln8w', '2746790873', '82207182', 1),
(969, 'Gravett', b'0', '9 Karstens Drive', '90982427', 'Joshua', 'dmKQ93BbF', '7578834199', '90982427', 1),
(970, 'Castillou', b'1', '6901 Artisan Drive', '86490514', 'Danyette', 'uNeNt1IbX', '9383196820', '86490514', 1),
(971, 'Darcy', b'1', '8590 Mallory Alley', '13546265', 'Brock', '3TC6wPmCY', '1567315569', '13546265', 1),
(972, 'Hungerford', b'0', '0752 Acker Way', '76920274', 'Ranna', 'TwZpFns', '3621100206', '76920274', 2),
(973, 'MacRanald', b'0', '3886 Cascade Point', '67404559', 'Cori', 'UT5jg9m', '4408945402', '67404559', 1),
(974, 'Mattheissen', b'1', '6602 Delaware Drive', '97237387', 'Alysia', 'lGgIU6sGMp', '9359298706', '97237387', 1),
(975, 'Jenkin', b'1', '20 Duke Center', '24429194', 'Cristy', 'kk1dJkLuKxQ', '4254502632', '24429194', 1),
(976, 'Parzis', b'1', '856 Eliot Park', '99404504', 'Allx', 'UGLujGJBzV', '7163969833', '99404504', 1),
(977, 'Studdard', b'1', '78 Welch Center', '95606481', 'Kirstin', 'yVHfnM', '8586453284', '95606481', 1),
(978, 'Sheering', b'1', '1173 Sachs Terrace', '57641428', 'Dedie', 'moIt8Fhhci', '2727649315', '57641428', 2),
(979, 'Sugars', b'1', '5 Meadow Ridge Center', '19362131', 'Layne', 'Z4Jfls', '4952251571', '19362131', 2),
(980, 'Creese', b'0', '509 Oak Valley Drive', '34933115', 'Ezechiel', 'UxnoXyx0kJE', '9464870192', '34933115', 1),
(981, 'Purchall', b'0', '75690 Oak Court', '16783146', 'Dorene', 'OoCoaGd', '3856220987', '16783146', 1),
(982, 'Gritsaev', b'1', '286 Kenwood Drive', '69057718', 'Obadiah', 'wgr15vo', '3528918582', '69057718', 2),
(983, 'Boddam', b'1', '55 Vahlen Place', '59878304', 'Loy', 'am8h44IFlD', '5793503407', '59878304', 1),
(984, 'Showen', b'1', '0407 Huxley Trail', '93498223', 'Rodolph', 'tDgEEc9K', '9452562477', '93498223', 1),
(985, 'Dadge', b'0', '4 Hauk Hill', '62383732', 'Esme', 'EMgbwDwhDs', '4732604397', '62383732', 2),
(986, 'Sheer', b'0', '805 Vahlen Trail', '33191397', 'Skippie', 'sT3MwRN42i1', '3289227594', '33191397', 1),
(987, 'McTiernan', b'1', '39294 Crowley Point', '56237234', 'Nicol', 'h4x6Ve5x', '8319007386', '56237234', 2),
(988, 'Valdes', b'0', '46222 Saint Paul Alley', '19904660', 'Bucky', 'Zeytpa', '8149506796', '19904660', 1),
(989, 'Petkov', b'0', '6 7th Way', '60934807', 'Clement', 'atEpxFdzPtCg', '9483847480', '60934807', 1),
(990, 'Willets', b'1', '17 Moose Terrace', '62220541', 'Stevy', 'mG8uHEaKI', '1914491592', '62220541', 1),
(991, 'Tigner', b'0', '7238 Melrose Road', '52836478', 'Marcie', 'BlyucJzd6', '1871817066', '52836478', 2),
(992, 'Iacopetti', b'1', '25806 Hollow Ridge Court', '43025513', 'Cosetta', '3V8znTl', '5006066946', '43025513', 1),
(993, 'Kettlesting', b'0', '29 Logan Terrace', '31769559', 'Gustave', 'eSDhzjQ', '5022660186', '31769559', 1),
(994, 'Rampage', b'0', '0577 Garrison Street', '96252802', 'Lalo', 'OwEaRa', '8637681382', '96252802', 1),
(995, 'Loche', b'0', '5282 Drewry Drive', '39914097', 'Lucille', 'IWr3yB5W', '6507820961', '39914097', 1),
(996, 'Groombridge', b'1', '8 Southridge Avenue', '19021886', 'Minerva', 'tZE7aiKZZmAr', '8727513735', '19021886', 1),
(997, 'Penzer', b'0', '53170 Pearson Parkway', '55346383', 'Loria', 'fhnR2S', '4912957754', '55346383', 1),
(998, 'Faragan', b'1', '92901 Mcbride Hill', '15387121', 'Isacco', 'e2yNq6F4AfYr', '3834321070', '15387121', 1),
(1001, 'Utrera Rodriguez', b'0', 'calle de la luz', '76089535', 'Rocio', '$2a$11$ZkYHHxSiYJfRfzNj0qk/FOotn7eOJzY3ewC7Hb4CHVhSMrkcQBRdO', '647025154', NULL, NULL);

--
-- Índices para tablas volcadas
--

--
-- Indices de la tabla `calle`
--
ALTER TABLE `calle`
  ADD PRIMARY KEY (`id`),
  ADD KEY `FK8s989e81il703ad1qge1hrcln` (`id_localidad`);

--
-- Indices de la tabla `centro`
--
ALTER TABLE `centro`
  ADD PRIMARY KEY (`id`),
  ADD KEY `FKajunl3uoswqkvqaxrq2j1jwxt` (`id_localidad`);

--
-- Indices de la tabla `centro_especialidades`
--
ALTER TABLE `centro_especialidades`
  ADD KEY `FKt43i01g10fxokw0h9ymchf18h` (`centro_id`),
  ADD KEY `FK37w9vk2vjew5oluv51jdsbt6` (`especialidades_id`);

--
-- Indices de la tabla `centro_trabajadores`
--
ALTER TABLE `centro_trabajadores`
  ADD UNIQUE KEY `UK_7ibtmvil17mbwpowx4qguae1p` (`trabajadores_id`),
  ADD KEY `FKnmhi3bgyueg3ferq8u5pbps2` (`centro_id`);

--
-- Indices de la tabla `centro_usuarios`
--
ALTER TABLE `centro_usuarios`
  ADD KEY `FK5w0ssuff3wjvymwwf2wse54tj` (`usuarios_id`),
  ADD KEY `FKsl4ex0ymsmkqpy88i4fauifk3` (`centro_id`);

--
-- Indices de la tabla `cita`
--
ALTER TABLE `cita`
  ADD PRIMARY KEY (`id`),
  ADD KEY `FK2a2samglaxxsfi9vydyehde1i` (`id_sanitario`),
  ADD KEY `FKdgjg32rqb885yolbctpwmjnca` (`id_informe`),
  ADD KEY `FKtkwjq2qjxnt73khnnm5rsa50r` (`id_paciente`);

--
-- Indices de la tabla `comunidad`
--
ALTER TABLE `comunidad`
  ADD PRIMARY KEY (`id`);

--
-- Indices de la tabla `especialidad`
--
ALTER TABLE `especialidad`
  ADD PRIMARY KEY (`id`);

--
-- Indices de la tabla `gestor`
--
ALTER TABLE `gestor`
  ADD PRIMARY KEY (`id`),
  ADD KEY `FK6u8ru3a2ngmlcbvtoceice7ku` (`id_trabajador`);

--
-- Indices de la tabla `historial_clinico`
--
ALTER TABLE `historial_clinico`
  ADD PRIMARY KEY (`id`),
  ADD KEY `FKopnuihs7cd7syq9cb29va5qhh` (`id_paciente`);

--
-- Indices de la tabla `historial_clinico_citas`
--
ALTER TABLE `historial_clinico_citas`
  ADD UNIQUE KEY `UK_cafbo2aafgbvm20mcg7jgnvg3` (`citas_id`),
  ADD KEY `FK9ni3cubo3jcg7kibw8d2d6ox4` (`historial_clinico_id`);

--
-- Indices de la tabla `historial_clinico_informes`
--
ALTER TABLE `historial_clinico_informes`
  ADD UNIQUE KEY `UK_cyfeddv46qsmamuv3vtoh3thw` (`informes_id`),
  ADD KEY `FKo3xw65mrs32xlbq9q597gqi8t` (`historial_clinico_id`);

--
-- Indices de la tabla `informe`
--
ALTER TABLE `informe`
  ADD PRIMARY KEY (`id`),
  ADD KEY `FKq50mkvkp12bl3m4e219ful06v` (`id_cita`);

--
-- Indices de la tabla `localidad`
--
ALTER TABLE `localidad`
  ADD PRIMARY KEY (`id`),
  ADD KEY `FKbsjp9dyq5f3hk4ngy6pw3v3b2` (`id_provincia`);

--
-- Indices de la tabla `provincia`
--
ALTER TABLE `provincia`
  ADD PRIMARY KEY (`id`),
  ADD KEY `FK6t2sqwql3r96m2ienpj19eg7d` (`id_comunidad`);

--
-- Indices de la tabla `rol`
--
ALTER TABLE `rol`
  ADD PRIMARY KEY (`id`);

--
-- Indices de la tabla `sanitario`
--
ALTER TABLE `sanitario`
  ADD PRIMARY KEY (`id`),
  ADD KEY `FKbr5xdl8x0a2yvktteoou8wixe` (`id_trabajador`),
  ADD KEY `FK6cg2rf7s2y7xxcnkaua042f4e` (`id_especialidad`),
  ADD KEY `FK9lyahj1oji3m9hscxki6xv9t9` (`id_tipo`);

--
-- Indices de la tabla `tipo_sanitario`
--
ALTER TABLE `tipo_sanitario`
  ADD PRIMARY KEY (`id`);

--
-- Indices de la tabla `trabajador`
--
ALTER TABLE `trabajador`
  ADD PRIMARY KEY (`id`),
  ADD KEY `FKp0ifyqmxiqy23wtnnltaeo8b7` (`id_centro`),
  ADD KEY `FKsxjoaxljx6d0eo0od5vkf5j6f` (`id_user`);

--
-- Indices de la tabla `user`
--
ALTER TABLE `user`
  ADD PRIMARY KEY (`id`),
  ADD KEY `FKr8vd07j65csd6f2f1wwlocash` (`rol`);

--
-- AUTO_INCREMENT de las tablas volcadas
--

--
-- AUTO_INCREMENT de la tabla `calle`
--
ALTER TABLE `calle`
  MODIFY `id` int(11) NOT NULL AUTO_INCREMENT;

--
-- AUTO_INCREMENT de la tabla `centro`
--
ALTER TABLE `centro`
  MODIFY `id` int(11) NOT NULL AUTO_INCREMENT, AUTO_INCREMENT=51;

--
-- AUTO_INCREMENT de la tabla `cita`
--
ALTER TABLE `cita`
  MODIFY `id` int(11) NOT NULL AUTO_INCREMENT, AUTO_INCREMENT=716;

--
-- AUTO_INCREMENT de la tabla `comunidad`
--
ALTER TABLE `comunidad`
  MODIFY `id` int(11) NOT NULL AUTO_INCREMENT, AUTO_INCREMENT=4;

--
-- AUTO_INCREMENT de la tabla `especialidad`
--
ALTER TABLE `especialidad`
  MODIFY `id` int(11) NOT NULL AUTO_INCREMENT, AUTO_INCREMENT=21;

--
-- AUTO_INCREMENT de la tabla `gestor`
--
ALTER TABLE `gestor`
  MODIFY `id` int(11) NOT NULL AUTO_INCREMENT;

--
-- AUTO_INCREMENT de la tabla `historial_clinico`
--
ALTER TABLE `historial_clinico`
  MODIFY `id` int(11) NOT NULL AUTO_INCREMENT, AUTO_INCREMENT=1001;

--
-- AUTO_INCREMENT de la tabla `informe`
--
ALTER TABLE `informe`
  MODIFY `id` int(11) NOT NULL AUTO_INCREMENT, AUTO_INCREMENT=78;

--
-- AUTO_INCREMENT de la tabla `localidad`
--
ALTER TABLE `localidad`
  MODIFY `id` int(11) NOT NULL AUTO_INCREMENT, AUTO_INCREMENT=31;

--
-- AUTO_INCREMENT de la tabla `provincia`
--
ALTER TABLE `provincia`
  MODIFY `id` int(11) NOT NULL AUTO_INCREMENT, AUTO_INCREMENT=8;

--
-- AUTO_INCREMENT de la tabla `rol`
--
ALTER TABLE `rol`
  MODIFY `id` int(11) NOT NULL AUTO_INCREMENT, AUTO_INCREMENT=4;

--
-- AUTO_INCREMENT de la tabla `sanitario`
--
ALTER TABLE `sanitario`
  MODIFY `id` int(11) NOT NULL AUTO_INCREMENT, AUTO_INCREMENT=281;

--
-- AUTO_INCREMENT de la tabla `tipo_sanitario`
--
ALTER TABLE `tipo_sanitario`
  MODIFY `id` int(11) NOT NULL AUTO_INCREMENT, AUTO_INCREMENT=4;

--
-- AUTO_INCREMENT de la tabla `trabajador`
--
ALTER TABLE `trabajador`
  MODIFY `id` int(11) NOT NULL AUTO_INCREMENT, AUTO_INCREMENT=330;

--
-- AUTO_INCREMENT de la tabla `user`
--
ALTER TABLE `user`
  MODIFY `id` int(11) NOT NULL AUTO_INCREMENT, AUTO_INCREMENT=1002;

--
-- Restricciones para tablas volcadas
--

--
-- Filtros para la tabla `calle`
--
ALTER TABLE `calle`
  ADD CONSTRAINT `FK8s989e81il703ad1qge1hrcln` FOREIGN KEY (`id_localidad`) REFERENCES `localidad` (`id`);

--
-- Filtros para la tabla `centro`
--
ALTER TABLE `centro`
  ADD CONSTRAINT `FKajunl3uoswqkvqaxrq2j1jwxt` FOREIGN KEY (`id_localidad`) REFERENCES `localidad` (`id`);

--
-- Filtros para la tabla `centro_especialidades`
--
ALTER TABLE `centro_especialidades`
  ADD CONSTRAINT `FK37w9vk2vjew5oluv51jdsbt6` FOREIGN KEY (`especialidades_id`) REFERENCES `especialidad` (`id`) ON DELETE NO ACTION,
  ADD CONSTRAINT `FKt43i01g10fxokw0h9ymchf18h` FOREIGN KEY (`centro_id`) REFERENCES `centro` (`id`) ON DELETE CASCADE;

--
-- Filtros para la tabla `centro_trabajadores`
--
ALTER TABLE `centro_trabajadores`
  ADD CONSTRAINT `FKe99244odhn43nrct5ifyd795i` FOREIGN KEY (`trabajadores_id`) REFERENCES `trabajador` (`id`) ON DELETE CASCADE,
  ADD CONSTRAINT `FKnmhi3bgyueg3ferq8u5pbps2` FOREIGN KEY (`centro_id`) REFERENCES `centro` (`id`) ON DELETE CASCADE;

--
-- Filtros para la tabla `centro_usuarios`
--
ALTER TABLE `centro_usuarios`
  ADD CONSTRAINT `FK5w0ssuff3wjvymwwf2wse54tj` FOREIGN KEY (`usuarios_id`) REFERENCES `user` (`id`) ON DELETE CASCADE ON UPDATE NO ACTION,
  ADD CONSTRAINT `FKsl4ex0ymsmkqpy88i4fauifk3` FOREIGN KEY (`centro_id`) REFERENCES `centro` (`id`) ON DELETE CASCADE ON UPDATE NO ACTION;

--
-- Filtros para la tabla `cita`
--
ALTER TABLE `cita`
  ADD CONSTRAINT `FK2a2samglaxxsfi9vydyehde1i` FOREIGN KEY (`id_sanitario`) REFERENCES `sanitario` (`id`) ON DELETE CASCADE ON UPDATE NO ACTION,
  ADD CONSTRAINT `FKdgjg32rqb885yolbctpwmjnca` FOREIGN KEY (`id_informe`) REFERENCES `informe` (`id`) ON DELETE CASCADE ON UPDATE NO ACTION,
  ADD CONSTRAINT `FKtkwjq2qjxnt73khnnm5rsa50r` FOREIGN KEY (`id_paciente`) REFERENCES `user` (`id`) ON DELETE CASCADE ON UPDATE NO ACTION;

--
-- Filtros para la tabla `gestor`
--
ALTER TABLE `gestor`
  ADD CONSTRAINT `FK6u8ru3a2ngmlcbvtoceice7ku` FOREIGN KEY (`id_trabajador`) REFERENCES `trabajador` (`id`);

--
-- Filtros para la tabla `historial_clinico`
--
ALTER TABLE `historial_clinico`
  ADD CONSTRAINT `FKopnuihs7cd7syq9cb29va5qhh` FOREIGN KEY (`id_paciente`) REFERENCES `user` (`id`) ON DELETE CASCADE ON UPDATE NO ACTION;

--
-- Filtros para la tabla `historial_clinico_citas`
--
ALTER TABLE `historial_clinico_citas`
  ADD CONSTRAINT `FK9ni3cubo3jcg7kibw8d2d6ox4` FOREIGN KEY (`historial_clinico_id`) REFERENCES `historial_clinico` (`id`) ON DELETE CASCADE ON UPDATE NO ACTION,
  ADD CONSTRAINT `FKiu46g9y6tq9jvr4iim754m6s4` FOREIGN KEY (`citas_id`) REFERENCES `cita` (`id`) ON DELETE CASCADE ON UPDATE NO ACTION;

--
-- Filtros para la tabla `historial_clinico_informes`
--
ALTER TABLE `historial_clinico_informes`
  ADD CONSTRAINT `FKo3xw65mrs32xlbq9q597gqi8t` FOREIGN KEY (`historial_clinico_id`) REFERENCES `historial_clinico` (`id`) ON DELETE CASCADE ON UPDATE NO ACTION,
  ADD CONSTRAINT `FKq7be8qiy06b464qwnosj3m40e` FOREIGN KEY (`informes_id`) REFERENCES `informe` (`id`) ON DELETE CASCADE ON UPDATE NO ACTION;

--
-- Filtros para la tabla `informe`
--
ALTER TABLE `informe`
  ADD CONSTRAINT `FKq50mkvkp12bl3m4e219ful06v` FOREIGN KEY (`id_cita`) REFERENCES `cita` (`id`);

--
-- Filtros para la tabla `localidad`
--
ALTER TABLE `localidad`
  ADD CONSTRAINT `FKbsjp9dyq5f3hk4ngy6pw3v3b2` FOREIGN KEY (`id_provincia`) REFERENCES `provincia` (`id`);

--
-- Filtros para la tabla `provincia`
--
ALTER TABLE `provincia`
  ADD CONSTRAINT `FK6t2sqwql3r96m2ienpj19eg7d` FOREIGN KEY (`id_comunidad`) REFERENCES `comunidad` (`id`);

--
-- Filtros para la tabla `sanitario`
--
ALTER TABLE `sanitario`
  ADD CONSTRAINT `FK6cg2rf7s2y7xxcnkaua042f4e` FOREIGN KEY (`id_especialidad`) REFERENCES `especialidad` (`id`) ON DELETE NO ACTION ON UPDATE NO ACTION,
  ADD CONSTRAINT `FK9lyahj1oji3m9hscxki6xv9t9` FOREIGN KEY (`id_tipo`) REFERENCES `tipo_sanitario` (`id`) ON DELETE NO ACTION ON UPDATE NO ACTION,
  ADD CONSTRAINT `FKbr5xdl8x0a2yvktteoou8wixe` FOREIGN KEY (`id_trabajador`) REFERENCES `trabajador` (`id`) ON DELETE CASCADE ON UPDATE NO ACTION;

--
-- Filtros para la tabla `trabajador`
--
ALTER TABLE `trabajador`
  ADD CONSTRAINT `FKp0ifyqmxiqy23wtnnltaeo8b7` FOREIGN KEY (`id_centro`) REFERENCES `centro` (`id`) ON DELETE CASCADE ON UPDATE NO ACTION,
  ADD CONSTRAINT `FKsxjoaxljx6d0eo0od5vkf5j6f` FOREIGN KEY (`id_user`) REFERENCES `user` (`id`) ON DELETE CASCADE ON UPDATE NO ACTION;

--
-- Filtros para la tabla `user`
--
ALTER TABLE `user`
  ADD CONSTRAINT `FKr8vd07j65csd6f2f1wwlocash` FOREIGN KEY (`rol`) REFERENCES `rol` (`id`) ON DELETE NO ACTION ON UPDATE NO ACTION;
COMMIT;

/*!40101 SET CHARACTER_SET_CLIENT=@OLD_CHARACTER_SET_CLIENT */;
/*!40101 SET CHARACTER_SET_RESULTS=@OLD_CHARACTER_SET_RESULTS */;
/*!40101 SET COLLATION_CONNECTION=@OLD_COLLATION_CONNECTION */;
