-- phpMyAdmin SQL Dump
-- version 5.0.2
-- https://www.phpmyadmin.net/
--
-- Servidor: 127.0.0.1:3306
-- Tiempo de generaci칩n: 13-01-2021 a las 16:35:56
-- Versi칩n del servidor: 5.7.31
-- Versi칩n de PHP: 7.3.21

SET SQL_MODE = "NO_AUTO_VALUE_ON_ZERO";
START TRANSACTION;
SET time_zone = "+00:00";


/*!40101 SET @OLD_CHARACTER_SET_CLIENT=@@CHARACTER_SET_CLIENT */;
/*!40101 SET @OLD_CHARACTER_SET_RESULTS=@@CHARACTER_SET_RESULTS */;
/*!40101 SET @OLD_COLLATION_CONNECTION=@@COLLATION_CONNECTION */;
/*!40101 SET NAMES utf8mb4 */;

--
-- Base de datos: `iw`
--

-- --------------------------------------------------------

--
-- Estructura de tabla para la tabla `calle`
--

DROP TABLE IF EXISTS `calle`;
CREATE TABLE IF NOT EXISTS `calle` (
  `id` int(11) NOT NULL AUTO_INCREMENT,
  `nombre` varchar(255) COLLATE utf8_spanish_ci DEFAULT NULL,
  `id_localidad` int(11) DEFAULT NULL,
  PRIMARY KEY (`id`),
  KEY `FK8s989e81il703ad1qge1hrcln` (`id_localidad`)
) ENGINE=MyISAM AUTO_INCREMENT=7 DEFAULT CHARSET=utf8 COLLATE=utf8_spanish_ci;

--
-- Volcado de datos para la tabla `calle`
--

INSERT INTO `calle` (`id`, `nombre`, `id_localidad`) VALUES
(1, 'Calle Real, 25', 1),
(2, 'Calle Tajo, 19', 2),
(3, 'Calle Claveles, 7', 3),
(4, 'Avenida de Andalucia, 33', 4),
(5, 'Calle Alta, 4', 5),
(6, 'Carretera de Roda, 25', 6);

-- --------------------------------------------------------

--
-- Estructura de tabla para la tabla `centro`
--

DROP TABLE IF EXISTS `centro`;
CREATE TABLE IF NOT EXISTS `centro` (
  `id` int(11) NOT NULL AUTO_INCREMENT,
  `nombre` varchar(255) COLLATE utf8_spanish_ci DEFAULT NULL,
  `telefono` varchar(255) COLLATE utf8_spanish_ci DEFAULT NULL,
  `id_localidad` int(11) DEFAULT NULL,
  PRIMARY KEY (`id`),
  KEY `FKajunl3uoswqkvqaxrq2j1jwxt` (`id_localidad`)
) ENGINE=MyISAM AUTO_INCREMENT=7 DEFAULT CHARSET=utf8 COLLATE=utf8_spanish_ci;

--
-- Volcado de datos para la tabla `centro`
--

INSERT INTO `centro` (`id`, `nombre`, `telefono`, `id_localidad`) VALUES
(1, 'Hess Corporation', '245-743-1038', 1),
(2, 'Duff & Phelps Global Utility Income Fund Inc.', '973-964-0827', 2),
(3, 'CNX Coal Resources LP', '459-423-8949', 3),
(4, 'Arbor Realty Trust', '680-527-3843', 4),
(5, 'PS Business Parks, Inc.', '970-410-1832', 5),
(6, 'Hudson Global, Inc.', '993-322-3998', 6);

-- --------------------------------------------------------

--
-- Estructura de tabla para la tabla `centro_especialidades`
--

DROP TABLE IF EXISTS `centro_especialidades`;
CREATE TABLE IF NOT EXISTS `centro_especialidades` (
  `centro_id` int(11) NOT NULL,
  `especialidades_id` int(11) NOT NULL,
  UNIQUE KEY `UK_qjn9ijnuwhps0waqsr5dwc8a0` (`especialidades_id`),
  KEY `FKt43i01g10fxokw0h9ymchf18h` (`centro_id`)
) ENGINE=InnoDB DEFAULT CHARSET=latin1;

--
-- Volcado de datos para la tabla `centro_especialidades`
--

INSERT INTO `centro_especialidades` (`centro_id`, `especialidades_id`) VALUES
(1, 1),
(2, 3),
(3, 4),
(4, 5),
(5, 2),
(6, 6),
(6, 7);

-- --------------------------------------------------------

--
-- Estructura de tabla para la tabla `centro_trabajadores`
--

DROP TABLE IF EXISTS `centro_trabajadores`;
CREATE TABLE IF NOT EXISTS `centro_trabajadores` (
  `centro_id` int(11) NOT NULL,
  `trabajadores_id` int(11) NOT NULL,
  UNIQUE KEY `UK_7ibtmvil17mbwpowx4qguae1p` (`trabajadores_id`),
  KEY `FKnmhi3bgyueg3ferq8u5pbps2` (`centro_id`)
) ENGINE=MyISAM DEFAULT CHARSET=utf8 COLLATE=utf8_spanish_ci;

--
-- Volcado de datos para la tabla `centro_trabajadores`
--

INSERT INTO `centro_trabajadores` (`centro_id`, `trabajadores_id`) VALUES
(1, 19),
(1, 48),
(1, 59),
(1, 72),
(1, 73),
(1, 76),
(1, 77),
(1, 9),
(1, 11),
(1, 17),
(2, 3),
(2, 13),
(2, 35),
(2, 56),
(2, 20),
(2, 21),
(2, 22),
(3, 12),
(3, 28),
(3, 34),
(3, 52),
(3, 65),
(3, 23),
(3, 24),
(3, 25),
(4, 1),
(4, 2),
(4, 53),
(4, 67),
(4, 29),
(4, 37),
(4, 40),
(5, 38),
(5, 47),
(5, 51),
(5, 57),
(5, 75),
(5, 83),
(5, 87),
(5, 89),
(5, 90),
(5, 92),
(5, 42),
(5, 43),
(5, 45),
(6, 10),
(6, 27),
(6, 49),
(6, 70),
(6, 33),
(6, 54),
(6, 55);

-- --------------------------------------------------------

--
-- Estructura de tabla para la tabla `centro_usuarios`
--

DROP TABLE IF EXISTS `centro_usuarios`;
CREATE TABLE IF NOT EXISTS `centro_usuarios` (
  `centro_id` int(11) NOT NULL,
  `usuarios_id` int(11) NOT NULL,
  UNIQUE KEY `UK_8rdjyjk5b6u611ay65slsfex3` (`usuarios_id`),
  KEY `FKsl4ex0ymsmkqpy88i4fauifk3` (`centro_id`)
) ENGINE=MyISAM DEFAULT CHARSET=utf8 COLLATE=utf8_spanish_ci;

--
-- Volcado de datos para la tabla `centro_usuarios`
--

INSERT INTO `centro_usuarios` (`centro_id`, `usuarios_id`) VALUES
(1, 1),
(4, 2),
(6, 3),
(2, 4),
(3, 5),
(4, 6),
(1, 7),
(5, 8),
(4, 9),
(5, 10),
(6, 11),
(6, 12),
(2, 13),
(5, 14),
(2, 15),
(2, 16),
(2, 17),
(5, 18),
(3, 19),
(4, 20),
(1, 21),
(6, 22),
(2, 23),
(2, 24),
(3, 25),
(6, 26),
(4, 27),
(4, 28),
(5, 29),
(4, 30),
(3, 31),
(4, 32),
(2, 33),
(3, 34),
(5, 35),
(2, 36),
(6, 37),
(4, 38),
(3, 39),
(2, 40),
(6, 41),
(1, 42),
(3, 43),
(6, 44),
(4, 45),
(4, 46),
(5, 47),
(3, 48),
(4, 49),
(2, 50),
(3, 51),
(3, 52),
(4, 53),
(2, 54),
(5, 55),
(5, 56),
(1, 57),
(5, 58),
(4, 59),
(1, 60),
(1, 61),
(1, 62),
(6, 63),
(6, 64),
(6, 65),
(2, 66),
(1, 67),
(1, 68),
(1, 69),
(4, 70),
(3, 71),
(3, 72),
(3, 73),
(1, 74),
(1, 75),
(1, 76),
(2, 77),
(5, 78),
(4, 79),
(1, 80),
(3, 81),
(4, 82),
(4, 83),
(3, 84),
(3, 85),
(2, 86),
(6, 87),
(4, 88),
(4, 89),
(2, 90),
(2, 91),
(5, 92),
(1, 93),
(3, 94),
(1, 95),
(6, 96),
(4, 97),
(6, 98),
(6, 99),
(1, 100),
(1, 101),
(1, 102),
(4, 103),
(6, 104),
(4, 105),
(6, 106),
(3, 107),
(5, 108),
(2, 109),
(6, 110),
(4, 111),
(4, 112),
(3, 113),
(6, 114),
(2, 115),
(6, 116),
(2, 117),
(5, 118),
(4, 119),
(5, 120),
(4, 121),
(6, 122),
(2, 123),
(2, 124),
(3, 125),
(6, 126),
(5, 127),
(4, 128),
(5, 129),
(5, 130),
(5, 131),
(5, 132),
(4, 133),
(3, 134),
(2, 135),
(3, 136),
(2, 137),
(6, 138),
(5, 139),
(6, 140),
(2, 141),
(4, 142),
(2, 143),
(2, 144),
(1, 145),
(4, 146),
(2, 147),
(1, 148),
(4, 149),
(5, 150),
(2, 151),
(5, 152),
(1, 153),
(4, 154),
(6, 155),
(5, 156),
(5, 157),
(3, 158),
(1, 159),
(6, 160),
(2, 161),
(5, 162),
(4, 163),
(5, 164),
(5, 165),
(1, 166),
(6, 167),
(4, 168),
(1, 169),
(5, 170),
(3, 171),
(2, 172),
(1, 173),
(4, 174),
(6, 175),
(4, 176),
(6, 177),
(5, 178),
(3, 179),
(4, 180),
(2, 181),
(5, 182),
(6, 183),
(2, 184),
(1, 185),
(1, 186),
(6, 187),
(6, 188),
(3, 189),
(6, 190),
(6, 191),
(2, 192),
(2, 193),
(6, 194),
(5, 195),
(1, 196),
(2, 197),
(6, 198),
(6, 199),
(6, 200),
(6, 201),
(5, 202),
(4, 203),
(4, 204),
(6, 205),
(2, 206),
(6, 207),
(2, 208),
(4, 209),
(2, 210),
(5, 211),
(1, 212),
(3, 213),
(5, 214),
(5, 215),
(2, 216),
(3, 217),
(5, 218),
(6, 219),
(5, 220),
(6, 221),
(6, 222),
(3, 223),
(3, 224),
(1, 225),
(2, 226),
(4, 227),
(5, 228),
(4, 229),
(6, 230),
(1, 231),
(6, 232),
(3, 233),
(5, 234),
(3, 235),
(3, 236),
(1, 237),
(2, 238),
(4, 239),
(3, 240),
(5, 241),
(3, 242),
(1, 243),
(5, 244),
(3, 245),
(5, 246),
(5, 247),
(5, 248),
(2, 249),
(1, 250),
(5, 251),
(6, 252),
(4, 253),
(6, 254),
(1, 255),
(5, 256),
(1, 257),
(1, 258),
(6, 259),
(5, 260),
(2, 261),
(2, 262),
(6, 263),
(2, 264),
(2, 265),
(1, 266),
(3, 267),
(6, 268),
(1, 269),
(6, 270),
(1, 271),
(1, 272),
(1, 273),
(6, 274),
(1, 275),
(5, 276),
(4, 277),
(5, 278),
(4, 279),
(1, 280),
(5, 281),
(2, 282),
(2, 283),
(1, 284),
(6, 285),
(2, 286),
(5, 287),
(4, 288),
(4, 289),
(6, 290),
(3, 291),
(6, 292),
(5, 293),
(1, 294),
(1, 295),
(3, 296),
(1, 297),
(2, 298),
(2, 299),
(5, 300),
(5, 301),
(6, 302),
(4, 303),
(2, 304),
(2, 305),
(6, 306),
(6, 307),
(5, 308),
(2, 309),
(3, 310),
(5, 311),
(6, 312),
(5, 313),
(4, 314),
(2, 315),
(4, 316),
(5, 317),
(6, 318),
(1, 319),
(2, 320),
(2, 321),
(1, 322),
(2, 323),
(1, 324),
(6, 325),
(3, 326),
(5, 327),
(4, 328),
(2, 329),
(2, 330),
(5, 331),
(4, 332),
(6, 333),
(5, 334),
(1, 335),
(3, 336),
(3, 337),
(6, 338),
(1, 339),
(4, 340),
(4, 341),
(6, 342),
(5, 343),
(3, 344),
(2, 345),
(3, 346),
(6, 347),
(6, 348),
(2, 349),
(6, 350),
(1, 351),
(3, 352),
(5, 353),
(6, 354),
(5, 355),
(6, 356),
(5, 357),
(5, 358),
(4, 359),
(5, 360),
(6, 361),
(6, 362),
(1, 363),
(3, 364),
(4, 365),
(5, 366),
(5, 367),
(1, 368),
(4, 369),
(4, 370),
(1, 371),
(1, 372),
(4, 373),
(2, 374),
(4, 375),
(6, 376),
(3, 377),
(1, 378),
(5, 379),
(5, 380),
(2, 381),
(3, 382),
(6, 383),
(4, 384),
(5, 385),
(2, 386),
(2, 387),
(4, 388),
(2, 389),
(6, 390),
(3, 391),
(3, 392),
(1, 393),
(2, 394),
(6, 395),
(2, 396),
(4, 397),
(3, 398),
(2, 399),
(5, 400),
(4, 401),
(6, 402),
(5, 403),
(4, 404),
(2, 405),
(6, 406),
(4, 407),
(2, 408),
(6, 409),
(2, 410),
(6, 411),
(5, 412),
(2, 413),
(2, 414),
(2, 415),
(2, 416),
(1, 417),
(4, 418),
(6, 419),
(1, 420),
(5, 421),
(3, 422),
(4, 423),
(5, 424),
(4, 425),
(5, 426),
(1, 427),
(6, 428),
(2, 429),
(4, 430),
(3, 431),
(4, 432),
(5, 433),
(2, 434),
(6, 435),
(5, 436),
(2, 437),
(1, 438),
(2, 439),
(3, 440),
(6, 441),
(6, 442),
(5, 443),
(2, 444),
(2, 445),
(1, 446),
(6, 447),
(3, 448),
(6, 449),
(2, 450),
(3, 451),
(4, 452),
(6, 453),
(1, 454),
(2, 455),
(6, 456),
(2, 457),
(2, 458),
(6, 459),
(2, 460),
(4, 461),
(1, 462),
(4, 463),
(4, 464),
(6, 465),
(6, 466),
(2, 467),
(3, 468),
(2, 469),
(4, 470),
(1, 471),
(1, 472),
(4, 473),
(4, 474),
(5, 475),
(6, 476),
(3, 477),
(1, 478),
(1, 479),
(1, 480),
(5, 481),
(2, 482),
(4, 483),
(4, 484),
(6, 485),
(3, 486),
(3, 487),
(1, 488),
(5, 489),
(6, 490),
(3, 491),
(5, 492),
(2, 493),
(2, 494),
(2, 495),
(2, 496),
(4, 497),
(4, 498),
(5, 499),
(6, 500),
(5, 501),
(3, 502),
(5, 503),
(1, 504),
(1, 505),
(5, 506),
(5, 507),
(1, 508),
(1, 509),
(1, 510),
(6, 511),
(4, 512),
(2, 513),
(6, 514),
(6, 515),
(2, 516),
(1, 517),
(6, 518),
(2, 519),
(6, 520),
(5, 521),
(3, 522),
(3, 523),
(5, 524),
(4, 525),
(6, 526),
(2, 527),
(5, 528),
(6, 529),
(3, 530),
(4, 531),
(2, 532),
(2, 533),
(2, 534),
(6, 535),
(4, 536),
(5, 537),
(3, 538),
(5, 539),
(1, 540),
(6, 541),
(1, 542),
(6, 543),
(1, 544),
(2, 545),
(5, 546),
(5, 547),
(6, 548),
(5, 549),
(6, 550),
(2, 551),
(6, 552),
(6, 553),
(3, 554),
(5, 555),
(2, 556),
(4, 557),
(1, 558),
(1, 559),
(3, 560),
(6, 561),
(6, 562),
(6, 563),
(2, 564),
(5, 565),
(2, 566),
(3, 567),
(6, 568),
(4, 569),
(2, 570),
(4, 571),
(4, 572),
(6, 573),
(4, 574),
(1, 575),
(2, 576),
(5, 577),
(6, 578),
(1, 579),
(2, 580),
(3, 581),
(3, 582),
(3, 583),
(5, 584),
(3, 585),
(2, 586),
(6, 587),
(4, 588),
(1, 589),
(2, 590),
(3, 591),
(5, 592),
(6, 593),
(3, 594),
(3, 595),
(3, 596),
(1, 597),
(3, 598),
(6, 599),
(2, 600),
(5, 601),
(1, 602),
(6, 603),
(6, 604),
(3, 605),
(5, 606),
(3, 607),
(2, 608),
(1, 609),
(5, 610),
(4, 611),
(2, 612),
(3, 613),
(4, 614),
(4, 615),
(5, 616),
(2, 617),
(3, 618),
(2, 619),
(5, 620),
(1, 621),
(6, 622),
(4, 623),
(6, 624),
(4, 625),
(2, 626),
(1, 627),
(4, 628),
(6, 629),
(4, 630),
(3, 631),
(4, 632),
(6, 633),
(1, 634),
(1, 635),
(2, 636),
(1, 637),
(4, 638),
(5, 639),
(1, 640),
(5, 641),
(3, 642),
(3, 643),
(6, 644),
(4, 645),
(5, 646),
(4, 647),
(1, 648),
(3, 649),
(3, 650),
(5, 651),
(1, 652),
(1, 653),
(2, 654),
(6, 655),
(4, 656),
(1, 657),
(1, 658),
(2, 659),
(5, 660),
(1, 661),
(2, 662),
(2, 663),
(1, 664),
(1, 665),
(1, 666),
(2, 667),
(4, 668),
(3, 669),
(5, 670),
(3, 671),
(4, 672),
(6, 673),
(6, 674),
(1, 675),
(4, 676),
(1, 677),
(2, 678),
(1, 679),
(3, 680),
(3, 681),
(5, 682),
(5, 683),
(6, 684),
(1, 685),
(3, 686),
(2, 687),
(4, 688),
(3, 689),
(5, 690),
(1, 691),
(4, 692),
(6, 693),
(4, 694),
(1, 695),
(4, 696),
(1, 697),
(6, 698),
(2, 699),
(4, 700),
(6, 701),
(1, 702),
(5, 703),
(6, 704),
(2, 705),
(2, 706),
(6, 707),
(4, 708),
(3, 709),
(6, 710),
(6, 711),
(4, 712),
(2, 713),
(3, 714),
(6, 715),
(3, 716),
(3, 717),
(1, 718),
(1, 719),
(6, 720),
(1, 721),
(6, 722),
(2, 723),
(6, 724),
(2, 725),
(6, 726),
(4, 727),
(5, 728),
(1, 729),
(2, 730),
(2, 731),
(2, 732),
(6, 733),
(5, 734),
(5, 735),
(6, 736),
(5, 737),
(1, 738),
(4, 739),
(5, 740),
(2, 741),
(3, 742),
(3, 743),
(3, 744),
(3, 745),
(2, 746),
(2, 747),
(5, 748),
(1, 749),
(2, 750),
(6, 751),
(5, 752),
(6, 753),
(4, 754),
(1, 755),
(4, 756),
(1, 757),
(2, 758),
(5, 759),
(3, 760),
(1, 761),
(5, 762),
(1, 763),
(3, 764),
(2, 765),
(5, 766),
(6, 767),
(2, 768),
(4, 769),
(4, 770),
(3, 771),
(1, 772),
(6, 773),
(6, 774),
(6, 775),
(5, 776),
(6, 777),
(4, 778),
(3, 779),
(5, 780),
(6, 781),
(2, 782),
(2, 783),
(5, 784),
(2, 785),
(3, 786),
(3, 787),
(6, 788),
(4, 789),
(6, 790),
(6, 791),
(1, 792),
(2, 793),
(6, 794),
(5, 795),
(4, 796),
(4, 797),
(5, 798),
(2, 799),
(5, 800),
(5, 801),
(3, 802),
(5, 803),
(5, 804),
(5, 805),
(3, 806),
(6, 807),
(1, 808),
(5, 809),
(6, 810),
(6, 811),
(4, 812),
(5, 813),
(1, 814),
(4, 815),
(5, 816),
(6, 817),
(6, 818),
(1, 819),
(6, 820),
(2, 821),
(6, 822),
(5, 823),
(3, 824),
(2, 825),
(5, 826),
(2, 827),
(5, 828),
(3, 829),
(5, 830),
(2, 831),
(4, 832),
(6, 833),
(2, 834),
(2, 835),
(3, 836),
(2, 837),
(3, 838),
(4, 839),
(1, 840),
(2, 841),
(4, 842),
(1, 843),
(1, 844),
(6, 845),
(2, 846),
(6, 847),
(6, 848),
(4, 849),
(4, 850),
(4, 851),
(4, 852),
(2, 853),
(2, 854),
(3, 855),
(3, 856),
(6, 857),
(5, 858),
(4, 859),
(1, 860),
(1, 861),
(6, 862),
(5, 863),
(3, 864),
(1, 865),
(1, 866),
(5, 867),
(3, 868),
(4, 869),
(3, 870),
(3, 871),
(1, 872),
(3, 873),
(4, 874),
(1, 875),
(2, 876),
(5, 877),
(5, 878),
(1, 879),
(5, 880),
(4, 881),
(5, 882),
(5, 883),
(3, 884),
(6, 885),
(5, 886),
(6, 887),
(5, 888),
(2, 889),
(4, 890),
(1, 891),
(2, 892),
(4, 893),
(6, 894),
(6, 895),
(3, 896),
(4, 897),
(5, 898),
(5, 899),
(3, 900),
(5, 901),
(3, 902),
(2, 903),
(2, 904),
(6, 905),
(2, 906),
(2, 907),
(1, 908),
(6, 909),
(6, 910),
(2, 911),
(3, 912),
(3, 913),
(6, 914),
(3, 915),
(2, 916),
(4, 917),
(6, 918),
(2, 919),
(1, 920),
(4, 921),
(5, 922),
(6, 923),
(2, 924),
(2, 925),
(6, 926),
(3, 927),
(3, 928),
(1, 929),
(1, 930),
(2, 931),
(4, 932),
(4, 933),
(4, 934),
(4, 935),
(3, 936),
(2, 937),
(2, 938),
(6, 939),
(3, 940),
(3, 941),
(4, 942),
(6, 943),
(2, 944),
(3, 945),
(3, 946),
(6, 947),
(1, 948),
(5, 949),
(6, 950),
(3, 951),
(5, 952),
(5, 953),
(3, 954),
(6, 955),
(4, 956),
(4, 957),
(6, 958),
(1, 959),
(3, 960),
(2, 961),
(6, 962),
(1, 963),
(2, 964),
(2, 965),
(2, 966),
(3, 967),
(6, 968),
(6, 969),
(5, 970),
(1, 971),
(2, 972),
(3, 973),
(6, 974),
(2, 975),
(6, 976),
(2, 977),
(6, 978),
(1, 979),
(1, 980),
(5, 981),
(5, 982),
(2, 983),
(2, 984),
(6, 985),
(6, 986),
(5, 987),
(3, 988),
(6, 989),
(3, 990),
(2, 991),
(4, 992),
(6, 993),
(1, 994),
(3, 995),
(4, 996),
(4, 997),
(2, 998),
(4, 999),
(1, 1000);

-- --------------------------------------------------------

--
-- Estructura de tabla para la tabla `cita`
--

DROP TABLE IF EXISTS `cita`;
CREATE TABLE IF NOT EXISTS `cita` (
  `id` int(11) NOT NULL AUTO_INCREMENT,
  `confirmada` bit(1) DEFAULT NULL,
  `fecha` date DEFAULT NULL,
  `importe` float DEFAULT NULL,
  `id_informe` int(11) DEFAULT NULL,
  `id_paciente` int(11) DEFAULT NULL,
  `id_sanitario` int(11) DEFAULT NULL,
  PRIMARY KEY (`id`),
  KEY `FKdgjg32rqb885yolbctpwmjnca` (`id_informe`),
  KEY `FKtkwjq2qjxnt73khnnm5rsa50r` (`id_paciente`),
  KEY `FKa41t3mhguw3p8i289mnl8vbxy` (`id_sanitario`) USING BTREE
) ENGINE=InnoDB AUTO_INCREMENT=9 DEFAULT CHARSET=latin1;

--
-- Volcado de datos para la tabla `cita`
--

INSERT INTO `cita` (`id`, `confirmada`, `fecha`, `importe`, `id_informe`, `id_paciente`, `id_sanitario`) VALUES
(1, b'0', '2021-01-14', 120, NULL, 2, 1),
(2, b'0', '2021-01-14', 50, NULL, 12, 1),
(3, b'0', '2021-01-14', 80, NULL, 11, 3),
(4, b'0', '2021-01-15', 50, NULL, 2, 3),
(5, b'0', '2021-01-30', 87, NULL, 10, 2),
(6, b'0', '2021-01-29', 34, NULL, 12, 4),
(7, b'0', '2021-01-15', 9, NULL, 10, 6),
(8, b'0', '2021-01-14', 500, NULL, 2, 5);

-- --------------------------------------------------------

--
-- Estructura de tabla para la tabla `comunidad`
--

DROP TABLE IF EXISTS `comunidad`;
CREATE TABLE IF NOT EXISTS `comunidad` (
  `id` int(11) NOT NULL AUTO_INCREMENT,
  `nombre` varchar(255) COLLATE utf8_spanish_ci DEFAULT NULL,
  PRIMARY KEY (`id`)
) ENGINE=MyISAM AUTO_INCREMENT=20 DEFAULT CHARSET=utf8 COLLATE=utf8_spanish_ci;

--
-- Volcado de datos para la tabla `comunidad`
--

INSERT INTO `comunidad` (`id`, `nombre`) VALUES
(1, 'Andalucia'),
(2, 'Cantabria'),
(3, 'Catalu침a');

-- --------------------------------------------------------

--
-- Estructura de tabla para la tabla `especialidad`
--

DROP TABLE IF EXISTS `especialidad`;
CREATE TABLE IF NOT EXISTS `especialidad` (
  `id` int(11) NOT NULL AUTO_INCREMENT,
  `nombre` varchar(128) COLLATE utf8_spanish_ci DEFAULT NULL,
  PRIMARY KEY (`id`)
) ENGINE=MyISAM AUTO_INCREMENT=8 DEFAULT CHARSET=utf8 COLLATE=utf8_spanish_ci;

--
-- Volcado de datos para la tabla `especialidad`
--

INSERT INTO `especialidad` (`id`, `nombre`) VALUES
(1, 'Medico de familia'),
(2, 'Dermatologia'),
(3, 'Podologia'),
(4, 'Odontologia'),
(5, 'Ginecologia'),
(6, 'Traumatologia'),
(7, 'Cardiologia');

-- --------------------------------------------------------

--
-- Estructura de tabla para la tabla `gestor`
--

DROP TABLE IF EXISTS `gestor`;
CREATE TABLE IF NOT EXISTS `gestor` (
  `id` int(11) NOT NULL AUTO_INCREMENT,
  `id_trabajador` int(11) DEFAULT NULL,
  PRIMARY KEY (`id`),
  KEY `FK6u8ru3a2ngmlcbvtoceice7ku` (`id_trabajador`)
) ENGINE=MyISAM AUTO_INCREMENT=27 DEFAULT CHARSET=utf8 COLLATE=utf8_spanish_ci;

--
-- Volcado de datos para la tabla `gestor`
--

INSERT INTO `gestor` (`id`, `id_trabajador`) VALUES
(1, 9),
(2, 11),
(3, 17),
(4, 20),
(5, 21),
(6, 22),
(7, 23),
(8, 24),
(9, 25),
(10, 29),
(11, 37),
(12, 40),
(13, 42),
(14, 43),
(15, 45),
(16, 53),
(17, 54),
(18, 55),
(19, 56),
(20, 57),
(21, 58),
(22, 62),
(23, 62),
(24, 65),
(25, 66),
(26, 67);

-- --------------------------------------------------------

--
-- Estructura de tabla para la tabla `historial_clinico`
--

DROP TABLE IF EXISTS `historial_clinico`;
CREATE TABLE IF NOT EXISTS `historial_clinico` (
  `id` int(11) NOT NULL AUTO_INCREMENT,
  `informacion_importante` varchar(255) COLLATE utf8_spanish_ci DEFAULT NULL,
  `id_paciente` int(11) DEFAULT NULL,
  PRIMARY KEY (`id`),
  KEY `FKomesmvfn1lr4s2r5xnndy7djq` (`id_paciente`)
) ENGINE=MyISAM AUTO_INCREMENT=1001 DEFAULT CHARSET=utf8 COLLATE=utf8_spanish_ci;

--
-- Volcado de datos para la tabla `historial_clinico`
--

INSERT INTO `historial_clinico` (`id`, `informacion_importante`, `id_paciente`) VALUES
(1, 'C4481', 1),
(2, 'S81852S', 2),
(3, 'Z47', 3),
(4, 'S56116D', 4),
(5, 'S25809A', 5),
(6, 'S52353P', 6),
(7, 'M6084', 7),
(8, 'S062X1D', 8),
(9, 'H30899', 9),
(10, 'S80842S', 10),
(11, 'V9227XS', 11),
(12, 'T63822S', 12),
(13, 'S9402', 13),
(14, 'S82042N', 14),
(15, 'S63222', 15),
(16, 'M96841', 16),
(17, 'T69022', 17),
(18, 'S0502XS', 18),
(19, 'Y36241A', 19),
(20, 'T3796XS', 20),
(21, 'S72036F', 21),
(22, 'S62621A', 22),
(23, 'S62011G', 23),
(24, 'S72045M', 24),
(25, 'S93422S', 25),
(26, 'T440X1', 26),
(27, 'S12100A', 27),
(28, 'V652XXA', 28),
(29, 'N897', 29),
(30, 'M84375A', 30),
(31, 'S06828D', 31),
(32, 'S99139S', 32),
(33, 'M84641', 33),
(34, 'S66593A', 34),
(35, 'T7612XS', 35),
(36, 'S82433M', 36),
(37, 'M90669', 37),
(38, 'D638', 38),
(39, 'C44122', 39),
(40, 'H16003', 40),
(41, 'T543X1S', 41),
(42, 'S75229D', 42),
(43, 'T83011D', 43),
(44, 'S06891A', 44),
(45, 'T63891D', 45),
(46, 'F5089', 46),
(47, 'Z046', 47),
(48, 'S0211BK', 48),
(49, 'S42012K', 49),
(50, 'S43152A', 50),
(51, 'W5611XS', 51),
(52, 'Z010', 52),
(53, 'S23122S', 53),
(54, 'S92245B', 54),
(55, 'T82514', 55),
(56, 'S43215S', 56),
(57, 'T2004', 57),
(58, 'S36500', 58),
(59, 'A3780', 59),
(60, 'G510', 60),
(61, 'T425', 61),
(62, 'X12', 62),
(63, 'S42361G', 63),
(64, 'M85849', 64),
(65, 'T63793A', 65),
(66, 'S72454C', 66),
(67, 'S52572P', 67),
(68, 'H60539', 68),
(69, 'T451', 69),
(70, 'S60522A', 70),
(71, 'V9031XA', 71),
(72, 'S526', 72),
(73, 'S63201', 73),
(74, 'V9336XS', 74),
(75, 'S52253', 75),
(76, 'S22020', 76),
(77, 'S0912XS', 77),
(78, 'S35406A', 78),
(79, 'S72464F', 79),
(80, 'V196', 80),
(81, 'V1929XD', 81),
(82, 'M90621', 82),
(83, 'T600X2A', 83),
(84, 'M24039', 84),
(85, 'S25599S', 85),
(86, 'T22762A', 86),
(87, 'S72046K', 87),
(88, 'K1123', 88),
(89, 'S52292Q', 89),
(90, 'S40259D', 90),
(91, 'T411X6', 91),
(92, 'S60426S', 92),
(93, 'V417XXD', 93),
(94, 'S51801A', 94),
(95, 'M8008XA', 95),
(96, 'S76211', 96),
(97, 'S60474D', 97),
(98, 'S63102A', 98),
(99, 'R778', 99),
(100, 'O3132X4', 100),
(101, 'T458X5A', 101),
(102, 'S14126A', 102),
(103, 'S72414D', 103),
(104, 'S91204D', 104),
(105, 'S56502S', 105),
(106, 'S76819', 106),
(107, 'M84439G', 107),
(108, 'S73192A', 108),
(109, 'T402X2S', 109),
(110, 'R491', 110),
(111, 'S49111', 111),
(112, 'S92213', 112),
(113, 'X35', 113),
(114, 'M62272', 114),
(115, 'H73811', 115),
(116, 'T2111', 116),
(117, 'J051', 117),
(118, 'L563', 118),
(119, 'V00131A', 119),
(120, 'S72426A', 120),
(121, 'M88849', 121),
(122, 'S82114K', 122),
(123, 'S72399Q', 123),
(124, 'M60045', 124),
(125, 'T33539S', 125),
(126, 'S3421XA', 126),
(127, 'S39092', 127),
(128, 'H44751', 128),
(129, 'S93322A', 129),
(130, 'S32391S', 130),
(131, 'I25739', 131),
(132, 'R838', 132),
(133, 'S82025H', 133),
(134, 'S20451', 134),
(135, 'T43622', 135),
(136, 'S72365S', 136),
(137, 'T2039', 137),
(138, 'S92023K', 138),
(139, 'M4202', 139),
(140, 'H4943', 140),
(141, 'V8622XA', 141),
(142, 'K008', 142),
(143, 'T407X6A', 143),
(144, 'S42126P', 144),
(145, 'V783', 145),
(146, 'S66390S', 146),
(147, 'T573X4S', 147),
(148, 'S12000B', 148),
(149, 'S72321S', 149),
(150, 'Z4542', 150),
(151, 'T84218', 151),
(152, 'S37099', 152),
(153, 'M89329', 153),
(154, 'D531', 154),
(155, 'M01X0', 155),
(156, 'H3021', 156),
(157, 'C812', 157),
(158, 'O368993', 158),
(159, 'G451', 159),
(160, 'S139XXA', 160),
(161, 'T24011D', 161),
(162, 'S72126N', 162),
(163, 'S301XXD', 163),
(164, 'M1A28X0', 164),
(165, 'S82432F', 165),
(166, 'S63276D', 166),
(167, 'M0840', 167),
(168, 'H311', 168),
(169, 'X008XXA', 169),
(170, 'S99119B', 170),
(171, 'B080', 171),
(172, 'T450X1A', 172),
(173, 'S72011H', 173),
(174, 'H04123', 174),
(175, 'T671XXA', 175),
(176, 'E13628', 176),
(177, 'S92526P', 177),
(178, 'S60352S', 178),
(179, 'K9423', 179),
(180, 'M60819', 180),
(181, 'I7502', 181),
(182, 'S59242', 182),
(183, 'S85909S', 183),
(184, 'S82433D', 184),
(185, 'S99039P', 185),
(186, 'T452X5S', 186),
(187, 'H35122', 187),
(188, 'S82451', 188),
(189, 'S82875E', 189),
(190, 'M2567', 190),
(191, 'M1A0521', 191),
(192, 'M50222', 192),
(193, 'M61011', 193),
(194, 'S85152S', 194),
(195, 'O26839', 195),
(196, 'S82016', 196),
(197, 'S20211D', 197),
(198, 'S32129', 198),
(199, 'T45694A', 199),
(200, 'R9720', 200),
(201, 'S50909', 201),
(202, 'S55992S', 202),
(203, 'T38893D', 203),
(204, 'S42431K', 204),
(205, 'M7510', 205),
(206, 'M93879', 206),
(207, 'M90849', 207),
(208, 'K5151', 208),
(209, 'S71112S', 209),
(210, 'K917', 210),
(211, 'S89122', 211),
(212, 'V454', 212),
(213, 'T2179', 213),
(214, 'H15103', 214),
(215, 'S93525', 215),
(216, 'D369', 216),
(217, 'S066X0D', 217),
(218, 'V521', 218),
(219, 'S42344', 219),
(220, 'Z488', 220),
(221, 'S92414P', 221),
(222, 'S63699D', 222),
(223, 'S49099P', 223),
(224, 'S15019D', 224),
(225, 'H70223', 225),
(226, 'S42242S', 226),
(227, 'S73032A', 227),
(228, 'S92345D', 228),
(229, 'T654X1D', 229),
(230, 'Y289XXA', 230),
(231, 'S80911D', 231),
(232, 'G461', 232),
(233, 'S63502S', 233),
(234, 'H60313', 234),
(235, 'S83145A', 235),
(236, 'S42475K', 236),
(237, 'S78119S', 237),
(238, 'S31511S', 238),
(239, 'S42463G', 239),
(240, 'H60329', 240),
(241, 'S40022S', 241),
(242, 'S62125S', 242),
(243, 'S86922D', 243),
(244, 'S14153', 244),
(245, 'S62245K', 245),
(246, 'S06338', 246),
(247, 'S21309A', 247),
(248, 'S72409N', 248),
(249, 'S76112D', 249),
(250, 'S0193XS', 250),
(251, 'W6159XS', 251),
(252, 'S62153A', 252),
(253, 'M8923', 253),
(254, 'T360X4A', 254),
(255, 'S96812', 255),
(256, 'Z713', 256),
(257, 'K625', 257),
(258, 'S59112', 258),
(259, 'T18108D', 259),
(260, 'S72114C', 260),
(261, 'O235', 261),
(262, 'M995', 262),
(263, 'S42199', 263),
(264, 'S66209D', 264),
(265, 'S52265A', 265),
(266, 'H3570', 266),
(267, 'H60393', 267),
(268, 'S42012G', 268),
(269, 'L67', 269),
(270, 'S71151S', 270),
(271, 'M65839', 271),
(272, 'T34522S', 272),
(273, 'S0183XS', 273),
(274, 'T81514S', 274),
(275, 'S138', 275),
(276, 'S61350A', 276),
(277, 'M8962', 277),
(278, 'T533X1D', 278),
(279, 'S40262S', 279),
(280, 'V5940XS', 280),
(281, 'S99091D', 281),
(282, 'H930', 282),
(283, 'H35042', 283),
(284, 'S30810', 284),
(285, 'Y36020D', 285),
(286, 'W5601XS', 286),
(287, 'K041', 287),
(288, 'S91129S', 288),
(289, 'H33331', 289),
(290, 'S7291XR', 290),
(291, 'S35231S', 291),
(292, 'S36892D', 292),
(293, 'V813XXS', 293),
(294, 'S99022B', 294),
(295, 'M06049', 295),
(296, 'S34131', 296),
(297, 'W5532', 297),
(298, 'V651', 298),
(299, 'I70392', 299),
(300, 'M1A1691', 300),
(301, 'W55', 301),
(302, 'H04022', 302),
(303, 'S1113XA', 303),
(304, 'Y37021', 304),
(305, 'Z981', 305),
(306, 'S252', 306),
(307, 'S46001D', 307),
(308, 'S11013A', 308),
(309, 'O368123', 309),
(310, 'M71819', 310),
(311, 'Z982', 311),
(312, 'S0020', 312),
(313, 'R872', 313),
(314, 'R856', 314),
(315, 'T45694D', 315),
(316, 'Y36191D', 316),
(317, 'S20111D', 317),
(318, 'S85309A', 318),
(319, 'R8781', 319),
(320, 'A240', 320),
(321, 'S3626', 321),
(322, 'S80921', 322),
(323, 'Y36041', 323),
(324, 'R402420', 324),
(325, 'S0090XS', 325),
(326, 'M02069', 326),
(327, 'T24302', 327),
(328, 'T382X2A', 328),
(329, 'V4374XD', 329),
(330, 'V105', 330),
(331, 'H9588', 331),
(332, 'S14143', 332),
(333, 'S66819D', 333),
(334, 'M6504', 334),
(335, 'S92315S', 335),
(336, 'S21201D', 336),
(337, 'S49022', 337),
(338, 'W1811XS', 338),
(339, 'S27329', 339),
(340, 'K55021', 340),
(341, 'I69819', 341),
(342, 'T7612XA', 342),
(343, 'M80052K', 343),
(344, 'M84511D', 344),
(345, 'S60444A', 345),
(346, 'M1A30X0', 346),
(347, 'Y3691XD', 347),
(348, 'Y071', 348),
(349, 'Y35122D', 349),
(350, 'M1029', 350),
(351, 'M9948', 351),
(352, 'M9969', 352),
(353, 'S32519G', 353),
(354, 'S32613D', 354),
(355, 'M488X4', 355),
(356, 'O292', 356),
(357, 'J8483', 357),
(358, 'S36509', 358),
(359, 'Z024', 359),
(360, 'X020', 360),
(361, 'Y028XXS', 361),
(362, 'C241', 362),
(363, 'S83249D', 363),
(364, 'S37009A', 364),
(365, 'T483X6A', 365),
(366, 'J702', 366),
(367, 'T59813D', 367),
(368, 'W3419XS', 368),
(369, 'T450X4D', 369),
(370, 'S75202', 370),
(371, 'G52', 371),
(372, 'H05251', 372),
(373, 'W3302XS', 373),
(374, 'S83192S', 374),
(375, 'S37421D', 375),
(376, 'S81021', 376),
(377, 'F1324', 377),
(378, 'S82256N', 378),
(379, 'S82116M', 379),
(380, 'G35', 380),
(381, 'S73021A', 381),
(382, 'M71879', 382),
(383, 'V330', 383),
(384, 'S92046P', 384),
(385, 'S20412D', 385),
(386, 'S66521', 386),
(387, 'S42249G', 387),
(388, 'W5809XD', 388),
(389, 'S61359S', 389),
(390, 'T59893A', 390),
(391, 'S42343P', 391),
(392, 'Y37290D', 392),
(393, 'H43399', 393),
(394, 'M05051', 394),
(395, 'S728X1G', 395),
(396, 'T6483', 396),
(397, 'T471X1', 397),
(398, 'R481', 398),
(399, 'S92046G', 399),
(400, 'S28', 400),
(401, 'H61029', 401),
(402, 'S72301', 402),
(403, 'S42216K', 403),
(404, 'S83114D', 404),
(405, 'S55009A', 405),
(406, 'R853', 406),
(407, 'M8533', 407),
(408, 'S52336K', 408),
(409, 'S93315', 409),
(410, 'S72099B', 410),
(411, 'S63411S', 411),
(412, 'V521XXS', 412),
(413, 'S82112F', 413),
(414, 'Y32', 414),
(415, 'M90641', 415),
(416, 'Y359', 416),
(417, 'S52012G', 417),
(418, 'S62509G', 418),
(419, 'I662', 419),
(420, 'S066X9S', 420),
(421, 'C709', 421),
(422, 'S6982', 422),
(423, 'R402221', 423),
(424, 'T82898D', 424),
(425, 'S00469', 425),
(426, 'V723XXA', 426),
(427, 'S86019S', 427),
(428, 'C3492', 428),
(429, 'S42116D', 429),
(430, 'S62655', 430),
(431, 'T366X5D', 431),
(432, 'C652', 432),
(433, 'S82871C', 433),
(434, 'V619XXS', 434),
(435, 'Y030XXD', 435),
(436, 'S22079B', 436),
(437, 'E7229', 437),
(438, 'W2101XS', 438),
(439, 'V24', 439),
(440, 'S85892D', 440),
(441, 'S72045S', 441),
(442, 'S21319A', 442),
(443, 'T34512S', 443),
(444, 'S63021S', 444),
(445, 'Y9342', 445),
(446, 'I456', 446),
(447, 'S36532A', 447),
(448, 'Q2733', 448),
(449, 'S80271', 449),
(450, 'S99129', 450),
(451, 'S62316S', 451),
(452, 'T632X3', 452),
(453, 'A3953', 453),
(454, 'S86822A', 454),
(455, 'T83490A', 455),
(456, 'T560X3', 456),
(457, 'M1A2611', 457),
(458, 'V282XXS', 458),
(459, 'N993', 459),
(460, 'M25429', 460),
(461, 'M1904', 461),
(462, 'K50913', 462),
(463, 'S72036J', 463),
(464, 'C5092', 464),
(465, 'S72342A', 465),
(466, 'V9360XA', 466),
(467, 'Z87790', 467),
(468, 'T849', 468),
(469, 'S52321P', 469),
(470, 'I677', 470),
(471, 'T563X', 471),
(472, 'J90', 472),
(473, 'X9502XA', 473),
(474, 'S82452K', 474),
(475, 'M1632', 475),
(476, 'T8482', 476),
(477, 'T84030D', 477),
(478, 'S63653D', 478),
(479, 'T48905A', 479),
(480, 'W01190', 480),
(481, 'R29734', 481),
(482, 'V9222', 482),
(483, 'M1A171', 483),
(484, 'V06', 484),
(485, 'S02401G', 485),
(486, 'M66241', 486),
(487, 'Z711', 487),
(488, 'M898X', 488),
(489, 'S31502A', 489),
(490, 'H1111', 490),
(491, 'M84353K', 491),
(492, 'M86471', 492),
(493, 'D6852', 493),
(494, 'S31502S', 494),
(495, 'S90935A', 495),
(496, 'S00261', 496),
(497, 'M25052', 497),
(498, 'T494X1A', 498),
(499, 'S32131K', 499),
(500, 'S82012B', 500),
(501, 'L97429', 501),
(502, 'M62431', 502),
(503, 'S11029A', 503),
(504, 'S37502S', 504),
(505, 'S86901D', 505),
(506, 'S52343R', 506),
(507, 'I69993', 507),
(508, 'S8291XA', 508),
(509, 'S32424B', 509),
(510, 'T799', 510),
(511, 'T461X2', 511),
(512, 'S58129D', 512),
(513, 'M1A11', 513),
(514, 'T2209', 514),
(515, 'S21042D', 515),
(516, 'M3399', 516),
(517, 'B069', 517),
(518, 'S62511A', 518),
(519, 'M25772', 519),
(520, 'A5202', 520),
(521, 'S52282S', 521),
(522, 'S35212A', 522),
(523, 'S02600K', 523),
(524, 'O418X94', 524),
(525, 'R40225', 525),
(526, 'S42466D', 526),
(527, 'S409', 527),
(528, 'S93322S', 528),
(529, 'C4419', 529),
(530, 'P54', 530),
(531, 'T7529', 531),
(532, 'T84090A', 532),
(533, 'S99232G', 533),
(534, 'X948XXD', 534),
(535, 'S99121', 535),
(536, 'W6191XD', 536),
(537, 'M1A3', 537),
(538, 'O1093', 538),
(539, 'M2436', 539),
(540, 'M85579', 540),
(541, 'H47033', 541),
(542, 'Z30013', 542),
(543, 'S93429A', 543),
(544, 'S61223', 544),
(545, 'N35028', 545),
(546, 'V471XXS', 546),
(547, 'T7800XD', 547),
(548, 'S25192S', 548),
(549, 'M908', 549),
(550, 'S61218A', 550),
(551, 'K289', 551),
(552, 'M8969', 552),
(553, 'T41203S', 553),
(554, 'T23219A', 554),
(555, 'T24429', 555),
(556, 'T424X1S', 556),
(557, 'O7581', 557),
(558, 'H16031', 558),
(559, 'K766', 559),
(560, 'S36122A', 560),
(561, 'M05641', 561),
(562, 'T43205A', 562),
(563, 'S82002M', 563),
(564, 'S42012D', 564),
(565, 'S88929A', 565),
(566, 'M8963', 566),
(567, 'H1810', 567),
(568, 'T80818S', 568),
(569, 'S6440', 569),
(570, 'T398X5D', 570),
(571, 'M65119', 571),
(572, 'T7509XS', 572),
(573, 'M84552', 573),
(574, 'Z6981', 574),
(575, 'S25811S', 575),
(576, 'E662', 576),
(577, 'M11261', 577),
(578, 'A81', 578),
(579, 'G02', 579),
(580, 'S971', 580),
(581, 'S8255XQ', 581),
(582, 'S62310G', 582),
(583, 'M0530', 583),
(584, 'T402X3', 584),
(585, 'H18831', 585),
(586, 'O45009', 586),
(587, 'Z866', 587),
(588, 'S72061B', 588),
(589, 'S86092D', 589),
(590, 'S62650S', 590),
(591, 'T2473', 591),
(592, 'S31123D', 592),
(593, 'Q25', 593),
(594, 'V8693', 594),
(595, 'S59012A', 595),
(596, 'S7224XF', 596),
(597, 'V9722XS', 597),
(598, 'T17300', 598),
(599, 'S20172S', 599),
(600, 'T2250XA', 600),
(601, 'P504', 601),
(602, 'S75112S', 602),
(603, 'Q800', 603),
(604, 'W938XXD', 604),
(605, 'S91019S', 605),
(606, 'S82264K', 606),
(607, 'Y3651', 607),
(608, 'M62239', 608),
(609, 'S60521D', 609),
(610, 'H6501', 610),
(611, 'M6017', 611),
(612, 'P122', 612),
(613, 'N111', 613),
(614, 'H26049', 614),
(615, 'S82876A', 615),
(616, 'M1036', 616),
(617, 'T650X3A', 617),
(618, 'I513', 618),
(619, 'G4311', 619),
(620, 'D3000', 620),
(621, 'S8266XS', 621),
(622, 'N89', 622),
(623, 'T84059A', 623),
(624, 'S49149', 624),
(625, 'H8141', 625),
(626, 'T85735', 626),
(627, 'S8939', 627),
(628, 'M62579', 628),
(629, 'S72399J', 629),
(630, 'T34011A', 630),
(631, 'S82265G', 631),
(632, 'P191', 632),
(633, 'S80861', 633),
(634, 'R87811', 634),
(635, 'L02421', 635),
(636, 'S63251A', 636),
(637, 'T23532', 637),
(638, 'S01319', 638),
(639, 'S72345K', 639),
(640, 'S82435S', 640),
(641, 'K0530', 641),
(642, 'H0234', 642),
(643, 'H6033', 643),
(644, 'M90539', 644),
(645, 'Y07433', 645),
(646, 'H60541', 646),
(647, 'S56117A', 647),
(648, 'S70211D', 648),
(649, 'T63433S', 649),
(650, 'V6988XS', 650),
(651, 'L89212', 651),
(652, 'T5693', 652),
(653, 'S31', 653),
(654, 'Q848', 654),
(655, 'E511', 655),
(656, 'S6730XS', 656),
(657, 'S51812D', 657),
(658, 'S63269A', 658),
(659, 'Z9283', 659),
(660, 'R41843', 660),
(661, 'T23621D', 661),
(662, 'C800', 662),
(663, 'S99199S', 663),
(664, 'B999', 664),
(665, 'S72123B', 665),
(666, 'S72444C', 666),
(667, 'S35404D', 667),
(668, 'M07669', 668),
(669, 'M9721XA', 669),
(670, 'S42321D', 670),
(671, 'S52599F', 671),
(672, 'G0401', 672),
(673, 'S82842G', 673),
(674, 'S11015', 674),
(675, 'S92245D', 675),
(676, 'O99215', 676),
(677, 'M25362', 677),
(678, 'T43625', 678),
(679, 'S61401A', 679),
(680, 'S45311D', 680),
(681, 'H04819', 681),
(682, 'K515', 682),
(683, 'S72143B', 683),
(684, 'S32475S', 684),
(685, 'S89129K', 685),
(686, 'O357XX1', 686),
(687, 'S00401D', 687),
(688, 'S68628', 688),
(689, 'S42402P', 689),
(690, 'M84373D', 690),
(691, 'S42296S', 691),
(692, 'R9402', 692),
(693, 'S22041S', 693),
(694, 'S52351K', 694),
(695, 'Z8962', 695),
(696, 'M86321', 696),
(697, 'T601X1', 697),
(698, 'T653X1A', 698),
(699, 'E0591', 699),
(700, 'S22088', 700),
(701, 'S32611K', 701),
(702, 'T520X3', 702),
(703, 'S82255J', 703),
(704, 'S111', 704),
(705, 'T43596A', 705),
(706, 'H8123', 706),
(707, 'T44906', 707),
(708, 'S99821S', 708),
(709, 'S56104A', 709),
(710, 'I698', 710),
(711, 'M1A17', 711),
(712, 'V434', 712),
(713, 'Y214XXS', 713),
(714, 'W1849XA', 714),
(715, 'S1081', 715),
(716, 'S92353P', 716),
(717, 'S52223H', 717),
(718, 'T2224', 718),
(719, 'Y720', 719),
(720, 'S6622', 720),
(721, 'T8249XA', 721),
(722, 'W101XXS', 722),
(723, 'S72401Q', 723),
(724, 'S82243G', 724),
(725, 'M9210', 725),
(726, 'T475X6D', 726),
(727, 'S80252D', 727),
(728, 'V279XXA', 728),
(729, 'S36513S', 729),
(730, 'S72122G', 730),
(731, 'M1A3190', 731),
(732, 'V644XXA', 732),
(733, 'S72492J', 733),
(734, 'S66593', 734),
(735, 'O312', 735),
(736, 'S92516B', 736),
(737, 'V134', 737),
(738, 'T536X2S', 738),
(739, 'M0586', 739),
(740, 'C469', 740),
(741, 'V9310XD', 741),
(742, 'E133299', 742),
(743, 'S72302Q', 743),
(744, 'X772XXD', 744),
(745, 'C44712', 745),
(746, 'W1692XD', 746),
(747, 'S97102D', 747),
(748, 'F3112', 748),
(749, 'S82113E', 749),
(750, 'S63266', 750),
(751, 'S56399S', 751),
(752, 'S92336B', 752),
(753, 'H1601', 753),
(754, 'F6081', 754),
(755, 'N009', 755),
(756, 'F19950', 756),
(757, 'S06389S', 757),
(758, 'S66522S', 758),
(759, 'Z96659', 759),
(760, 'S40261D', 760),
(761, 'M10462', 761),
(762, 'V8613XA', 762),
(763, 'S01151', 763),
(764, 'T2075XS', 764),
(765, 'O368923', 765),
(766, 'T50B94D', 766),
(767, 'S52189P', 767),
(768, 'S82466J', 768),
(769, 'O029', 769),
(770, 'S3023XA', 770),
(771, 'O01', 771),
(772, 'M80811A', 772),
(773, 'M84576P', 773),
(774, 'S82133F', 774),
(775, 'S8254XS', 775),
(776, 'V359XXS', 776),
(777, 'A5449', 777),
(778, 'T84199A', 778),
(779, 'S55219', 779),
(780, 'S63032A', 780),
(781, 'R402252', 781),
(782, 'S93523D', 782),
(783, 'S50821S', 783),
(784, 'V9186XD', 784),
(785, 'S8252XK', 785),
(786, 'S90871A', 786),
(787, 'S04811A', 787),
(788, 'S25491A', 788),
(789, 'V2988XS', 789),
(790, 'Z8043', 790),
(791, 'S82445D', 791),
(792, 'I70338', 792),
(793, 'T50A11D', 793),
(794, 'S82875C', 794),
(795, 'S31651', 795),
(796, 'L89129', 796),
(797, 'S29001S', 797),
(798, 'W9439XS', 798),
(799, 'S42454A', 799),
(800, 'S62521K', 800),
(801, 'S82014S', 801),
(802, 'K9171', 802),
(803, 'S42493B', 803),
(804, 'S42455D', 804),
(805, 'M89160', 805),
(806, 'T496X1D', 806),
(807, 'T22261S', 807),
(808, 'S61247A', 808),
(809, 'D179', 809),
(810, 'Z91018', 810),
(811, 'H02134', 811),
(812, 'S00429S', 812),
(813, 'T2122XD', 813),
(814, 'S12130A', 814),
(815, 'S32058K', 815),
(816, 'O730', 816),
(817, 'M84541K', 817),
(818, 'S82442C', 818),
(819, 'H1589', 819),
(820, 'M6518', 820),
(821, 'T3382', 821),
(822, 'I70492', 822),
(823, 'S82192Q', 823),
(824, 'S7292XM', 824),
(825, 'M62449', 825),
(826, 'S46329D', 826),
(827, 'M84634D', 827),
(828, 'Z518', 828),
(829, 'I2111', 829),
(830, 'M931', 830),
(831, 'M80052', 831),
(832, 'Z132', 832),
(833, 'S65119A', 833),
(834, 'O361192', 834),
(835, 'W5519XD', 835),
(836, 'M888', 836),
(837, 'S82141C', 837),
(838, 'S59029K', 838),
(839, 'S32499D', 839),
(840, 'S7221XC', 840),
(841, 'S4450', 841),
(842, 'S62213D', 842),
(843, 'S98221S', 843),
(844, 'I704', 844),
(845, 'F16283', 845),
(846, 'V4353XA', 846),
(847, 'T654', 847),
(848, 'M223', 848),
(849, 'S4244', 849),
(850, 'O095', 850),
(851, 'T504X4', 851),
(852, 'T44994A', 852),
(853, 'S89212P', 853),
(854, 'D353', 854),
(855, 'S37519', 855),
(856, 'T3173', 856),
(857, 'F15282', 857),
(858, 'S069X1A', 858),
(859, 'T8405', 859),
(860, 'S61224D', 860),
(861, 'R760', 861),
(862, 'T2271', 862),
(863, 'S82111P', 863),
(864, 'T25222A', 864),
(865, 'S70922S', 865),
(866, 'T375X6D', 866),
(867, 'S66397S', 867),
(868, 'S01141', 868),
(869, 'T83722S', 869),
(870, 'T450X5A', 870),
(871, 'N979', 871),
(872, 'S53012D', 872),
(873, 'S92424K', 873),
(874, 'M2322', 874),
(875, 'S92032A', 875),
(876, 'S2242XD', 876),
(877, 'S42018G', 877),
(878, 'A3212', 878),
(879, 'S06366S', 879),
(880, 'S89022G', 880),
(881, 'M6798', 881),
(882, 'B74', 882),
(883, 'R402352', 883),
(884, 'W6121', 884),
(885, 'H18453', 885),
(886, 'S82201K', 886),
(887, 'S52256P', 887),
(888, 'S22088B', 888),
(889, 'F639', 889),
(890, 'T24112A', 890),
(891, 'K760', 891),
(892, 'Y93C', 892),
(893, 'T63312', 893),
(894, 'O401', 894),
(895, 'O468X1', 895),
(896, 'T82328D', 896),
(897, 'S72144', 897),
(898, 'S82201', 898),
(899, 'S358X1', 899),
(900, 'X088XXS', 900),
(901, 'M02112', 901),
(902, 'S8265XG', 902),
(903, 'M12019', 903),
(904, 'S06337', 904),
(905, 'S85142', 905),
(906, 'S45109D', 906),
(907, 'S36529A', 907),
(908, 'H059', 908),
(909, 'S53022A', 909),
(910, 'E801', 910),
(911, 'S52344F', 911),
(912, 'S72122K', 912),
(913, 'M71431', 913),
(914, 'S72301D', 914),
(915, 'V685XXA', 915),
(916, 'H401121', 916),
(917, 'M6751', 917),
(918, 'S49141G', 918),
(919, 'D638', 919),
(920, 'R29719', 920),
(921, 'T423X4S', 921),
(922, 'X004', 922),
(923, 'H5711', 923),
(924, 'S1093XD', 924),
(925, 'T471X5A', 925),
(926, 'H33013', 926),
(927, 'S71109D', 927),
(928, 'T22692A', 928),
(929, 'M62059', 929),
(930, 'S62618G', 930),
(931, 'M05329', 931),
(932, 'V029', 932),
(933, 'S72432', 933),
(934, 'S92043P', 934),
(935, 'T25639S', 935),
(936, 'W69XXXD', 936),
(937, 'S48022', 937),
(938, 'S12150G', 938),
(939, 'T22242', 939),
(940, 'S14117D', 940),
(941, 'S06333S', 941),
(942, 'S52522', 942),
(943, 'S95212', 943),
(944, 'T82867', 944),
(945, 'S92351K', 945),
(946, 'S99199S', 946),
(947, 'S92242G', 947),
(948, 'S46311', 948),
(949, 'M89129', 949),
(950, 'N13732', 950),
(951, 'T28911', 951),
(952, 'X988XXA', 952),
(953, 'S92032K', 953),
(954, 'S92233K', 954),
(955, 'S62321P', 955),
(956, 'H4761', 956),
(957, 'S92221P', 957),
(958, 'S42255A', 958),
(959, 'V9540XA', 959),
(960, 'G40119', 960),
(961, 'Z861', 961),
(962, 'S42017S', 962),
(963, 'S1185', 963),
(964, 'Z9482', 964),
(965, 'V882XXA', 965),
(966, 'V569XXS', 966),
(967, 'H05821', 967),
(968, 'S72099R', 968),
(969, 'S62134A', 969),
(970, 'C44209', 970),
(971, 'V9321XA', 971),
(972, 'S93502A', 972),
(973, 'I70729', 973),
(974, 'O354XX9', 974),
(975, 'T22251', 975),
(976, 'S42364P', 976),
(977, 'M1A0590', 977),
(978, 'H918X9', 978),
(979, 'M868X8', 979),
(980, 'T23229A', 980),
(981, 'S82873F', 981),
(982, 'S21011S', 982),
(983, 'V9610', 983),
(984, 'S61314', 984),
(985, 'T2175', 985),
(986, 'S7000XS', 986),
(987, 'S56119S', 987),
(988, 'T434X2D', 988),
(989, 'I483', 989),
(990, 'M96671', 990),
(991, 'Y37101D', 991),
(992, 'S3216XG', 992),
(993, 'I7102', 993),
(994, 'V1959XA', 994),
(995, 'S93122', 995),
(996, 'S65201', 996),
(997, 'S4490', 997),
(998, 'V9035XD', 998),
(999, 'M9056', 999),
(1000, 'V125XXS', 1000);

-- --------------------------------------------------------

--
-- Estructura de tabla para la tabla `historial_clinico_citas`
--

DROP TABLE IF EXISTS `historial_clinico_citas`;
CREATE TABLE IF NOT EXISTS `historial_clinico_citas` (
  `historial_clinico_id` int(11) NOT NULL,
  `citas_id` int(11) NOT NULL,
  UNIQUE KEY `UK_cafbo2aafgbvm20mcg7jgnvg3` (`citas_id`),
  KEY `FK9ni3cubo3jcg7kibw8d2d6ox4` (`historial_clinico_id`)
) ENGINE=MyISAM DEFAULT CHARSET=utf8 COLLATE=utf8_spanish_ci;

--
-- Volcado de datos para la tabla `historial_clinico_citas`
--

INSERT INTO `historial_clinico_citas` (`historial_clinico_id`, `citas_id`) VALUES
(4, 2),
(4, 4),
(4, 42),
(5, 23),
(5, 32),
(5, 39),
(6, 36),
(6, 44),
(6, 50),
(7, 20),
(7, 34),
(7, 46),
(8, 21),
(8, 22),
(8, 29),
(9, 40),
(9, 41),
(9, 49),
(11, 17),
(11, 26),
(11, 48),
(14, 14),
(14, 47),
(15, 12),
(15, 28),
(16, 35),
(16, 38),
(17, 8),
(17, 18),
(18, 9),
(18, 33),
(20, 11),
(20, 45),
(21, 1),
(21, 19),
(22, 7),
(22, 27),
(29, 25),
(30, 24),
(31, 13),
(32, 5),
(40, 15),
(42, 6),
(58, 3),
(60, 16),
(61, 30),
(66, 31),
(84, 10),
(88, 37);

-- --------------------------------------------------------

--
-- Estructura de tabla para la tabla `historial_clinico_informes`
--

DROP TABLE IF EXISTS `historial_clinico_informes`;
CREATE TABLE IF NOT EXISTS `historial_clinico_informes` (
  `historial_clinico_id` int(11) NOT NULL,
  `informes_id` int(11) NOT NULL,
  UNIQUE KEY `UK_cyfeddv46qsmamuv3vtoh3thw` (`informes_id`),
  KEY `FKo3xw65mrs32xlbq9q597gqi8t` (`historial_clinico_id`)
) ENGINE=MyISAM DEFAULT CHARSET=utf8 COLLATE=utf8_spanish_ci;

--
-- Volcado de datos para la tabla `historial_clinico_informes`
--

INSERT INTO `historial_clinico_informes` (`historial_clinico_id`, `informes_id`) VALUES
(11, 27),
(8, 26),
(7, 25),
(6, 24),
(5, 23),
(4, 22),
(22, 21),
(21, 20),
(20, 19),
(18, 18),
(16, 17),
(14, 16),
(9, 15),
(6, 14),
(4, 13),
(62, 12),
(40, 11),
(32, 10),
(29, 9),
(22, 8),
(20, 7),
(16, 6),
(11, 5),
(9, 4),
(8, 3),
(7, 2),
(5, 1);

-- --------------------------------------------------------

--
-- Estructura de tabla para la tabla `informe`
--

DROP TABLE IF EXISTS `informe`;
CREATE TABLE IF NOT EXISTS `informe` (
  `id` int(11) NOT NULL AUTO_INCREMENT,
  `diagnostico` varchar(255) COLLATE utf8_spanish_ci DEFAULT NULL,
  `enfermedad_actual` varchar(255) COLLATE utf8_spanish_ci DEFAULT NULL,
  `proxima_cita` datetime DEFAULT NULL,
  `firma_electronica` bit(1) DEFAULT NULL,
  `intervencion` varchar(255) COLLATE utf8_spanish_ci DEFAULT NULL,
  `medicamentos` varchar(255) COLLATE utf8_spanish_ci DEFAULT NULL,
  `plan_clinico` varchar(255) COLLATE utf8_spanish_ci DEFAULT NULL,
  `porque` varchar(255) COLLATE utf8_spanish_ci DEFAULT NULL,
  `id_cita` int(11) DEFAULT NULL,
  PRIMARY KEY (`id`),
  KEY `FKq50mkvkp12bl3m4e219ful06v` (`id_cita`)
) ENGINE=MyISAM AUTO_INCREMENT=28 DEFAULT CHARSET=utf8 COLLATE=utf8_spanish_ci;

--
-- Volcado de datos para la tabla `informe`
--

INSERT INTO `informe` (`id`, `diagnostico`, `enfermedad_actual`, `proxima_cita`, `firma_electronica`, `intervencion`, `medicamentos`, `plan_clinico`, `porque`, `id_cita`) VALUES
(1, 'T81513', 'V850', '2020-08-17 00:00:00', b'1', 'S30866', 'Reattachment of Ampulla of Vater, Perc Endo Approach', '0FMC4ZZ', '0NUF07Z', 32),
(2, 'S63146S', 'E1063', '2020-08-24 00:00:00', b'1', 'Z6836', 'Reposition Left Fibula, External Approach', '0QSKXZZ', '03U93JZ', 34),
(3, 'S55911A', 'S22020D', '2020-06-03 00:00:00', b'1', 'S5212', 'Replace Scalp Skin w Nonaut Sub, Part Thick, Extern', '0HR0XK4', '027R04T', 29),
(4, 'T3793', 'S9710', '2020-09-08 00:00:00', b'0', 'S56199', 'Drainage of Left Zygomatic Bone, Open Approach, Diagnostic', '0N9N0ZX', '04HD43Z', 49),
(5, 'S52031A', 'S40261D', '2020-05-16 00:00:00', b'1', 'S82016D', 'Revise Drain Dev in Low Extrem Subcu/Fascia, Perc', '0JWW30Z', '02120K9', 26),
(6, 'T2066XA', 'S0531XD', '2020-08-16 00:00:00', b'0', 'T43694S', 'Bypass L Com Iliac Vein to Low Vein w Synth Sub, Open', '061D0JY', '0P9230Z', 35),
(7, 'T1811', 'E0840', '2020-02-14 00:00:00', b'1', 'S540', 'Immobilization of Right Inguinal Region using Splint', '2W36X1Z', 'XR2', 45),
(8, 'S80262A', 'S62145D', '2020-09-29 00:00:00', b'1', 'C96', 'Drainage of Left Upper Lung Lobe, Via Opening', '0B9G7ZZ', '0FLC3ZZ', 27),
(9, 'R443', 'Z1231', '2020-05-20 00:00:00', b'1', 'S308', 'Reposition Right Temporal Bone with Int Fix, Open Approach', '0NS504Z', '0CWS8KZ', 25),
(10, 'S62312A', 'M531', '2020-05-26 00:00:00', b'1', 'V0112XS', 'Removal of Synth Sub from Low Bursa/Lig, Open Approach', '0MPY0JZ', '0VQ34ZZ', 5),
(11, 'S59021S', 'J430', '2020-01-28 00:00:00', b'0', 'S02620K', 'Excision of Right Abdomen Tendon, Percutaneous Approach', '0LBF3ZZ', '0HSWXZZ', 15),
(12, 'M1832', 'M6129', '2020-12-17 00:00:00', b'1', 'S72061S', 'Release Right Lower Lung Lobe, Open Approach', '0BNF0ZZ', 'D71097Z', 30),
(13, 'N2589', 'O328XX5', '2020-02-29 00:00:00', b'1', 'T82328A', 'Removal of Nonaut Sub from L Ear, Via Opening', '09PJ7KZ', '0D1M8JP', 42),
(14, 'R509', 'R80', '2020-01-07 00:00:00', b'1', 'S42249S', 'Removal of Synthetic Substitute from R Rib, Perc Approach', '0PP13JZ', '03VV3DZ', 44),
(15, 'H05331', 'S62367B', '2020-10-17 00:00:00', b'0', 'I70742', 'Insertion of Spacer into R Metatarsophal Jt, Open Approach', '0SHM08Z', 'B532YZZ', 41),
(16, 'H4024', 'T4143XS', '2020-01-06 00:00:00', b'1', 'S82445C', 'Revision of Drain Dev in Cisterna Chyli, Perc Endo Approach', '07WL40Z', '021P4JD', 47),
(17, 'T43015A', 'N032', '2020-07-02 00:00:00', b'1', 'S06312D', 'Bypass R Com Iliac Art to L Femor A w Autol Vn, Perc Endo', '041C49J', 'F0FZCFZ', 38),
(18, 'S60312', 'V94', '2020-10-06 00:00:00', b'1', 'S56821A', 'Occlusion of Face Artery with Extralum Dev, Open Approach', '03LR0CZ', '00QR0ZZ', 9),
(19, 'S62616A', 'T434X2S', '2020-08-22 00:00:00', b'0', 'H432', 'Dilation of R Subclav Art with 2 Drug-elut, Perc Approach', '037335Z', '00P04JZ', 11),
(20, 'T63323A', 'S86192S', '2020-03-20 00:00:00', b'1', 'T520X4', 'Extraction of Left Foot Bursa and Ligament, Perc Approach', '0MDT3ZZ', '047U35Z', 19),
(21, 'S1015', 'E2749', '2020-05-20 00:00:00', b'1', 'T6192XS', 'Dilation of R Popl Art with 3 Drug-elut, Perc Approach', '047M36Z', '047Y3E6', 7),
(22, 'I7045', 'P109', '2020-07-31 00:00:00', b'0', 'S92036S', 'Extirpation of Matter from Pineal Body, Open Approach', '0GC10ZZ', '07PM43Z', 2),
(23, 'V424XXA', 'S22029', '2020-07-16 00:00:00', b'0', 'C701', 'Insertion of Int Fix into L Humeral Head, Open Approach', '0PHD04Z', '027X34Z', 39),
(24, 'T384X6S', 'S62201D', '2020-06-17 00:00:00', b'0', 'M0843', 'Drainage of R Eustach Tube with Drain Dev, Via Opening', '099F70Z', '0TW93CZ', 36),
(25, 'R92', 'S35496', '2020-01-07 00:00:00', b'1', 'T17598D', 'Repair Left Lower Leg Muscle, Perc Endo Approach', '0KQT4ZZ', '0WCC4ZZ', 46),
(26, 'M0681', 'S59909D', '2020-09-13 00:00:00', b'1', 'T803', 'Repair Right Ethmoid Sinus, Open Approach', '09QU0ZZ', '0QUQ3KZ', 22),
(27, 'M05762', 'M8468XD', '2020-04-11 00:00:00', b'0', 'N1372', 'Bypass R Ext Iliac Art to B Int Ilia, Open Approach', '041H0ZC', '0D1A4KH', 17);

-- --------------------------------------------------------

--
-- Estructura de tabla para la tabla `localidad`
--

DROP TABLE IF EXISTS `localidad`;
CREATE TABLE IF NOT EXISTS `localidad` (
  `id` int(11) NOT NULL AUTO_INCREMENT,
  `nombre` varchar(255) COLLATE utf8_spanish_ci DEFAULT NULL,
  `id_provincia` int(11) DEFAULT NULL,
  PRIMARY KEY (`id`),
  KEY `FKovpyp2v9vlk0u5ubssg4ahr5q` (`id_provincia`)
) ENGINE=MyISAM AUTO_INCREMENT=7 DEFAULT CHARSET=utf8 COLLATE=utf8_spanish_ci;

--
-- Volcado de datos para la tabla `localidad`
--

INSERT INTO `localidad` (`id`, `nombre`, `id_provincia`) VALUES
(1, 'San Fernando', 1),
(2, 'Dos Hermanas', 4),
(3, 'Alaurin de la Torre', 2),
(4, 'Baeza', 3),
(5, 'Santander', 6),
(6, 'Vic', 5);

-- --------------------------------------------------------

--
-- Estructura de tabla para la tabla `provincia`
--

DROP TABLE IF EXISTS `provincia`;
CREATE TABLE IF NOT EXISTS `provincia` (
  `id` int(11) NOT NULL AUTO_INCREMENT,
  `nombre` varchar(255) COLLATE utf8_spanish_ci DEFAULT NULL,
  `id_comunidad` int(11) DEFAULT NULL,
  PRIMARY KEY (`id`),
  KEY `FKbgsjrshl5dnmbi4gtuxu8pksh` (`id_comunidad`)
) ENGINE=MyISAM AUTO_INCREMENT=50 DEFAULT CHARSET=utf8 COLLATE=utf8_spanish_ci;

--
-- Volcado de datos para la tabla `provincia`
--

INSERT INTO `provincia` (`id`, `nombre`, `id_comunidad`) VALUES
(1, 'Cadiz', 1),
(2, 'Malaga', 1),
(3, 'Jaen', 1),
(4, 'Sevilla', 1),
(5, 'Barcelona', 3),
(6, 'Cantabria', 2);

-- --------------------------------------------------------

--
-- Estructura de tabla para la tabla `rol`
--

DROP TABLE IF EXISTS `rol`;
CREATE TABLE IF NOT EXISTS `rol` (
  `id` int(11) NOT NULL AUTO_INCREMENT,
  `nombre` varchar(255) COLLATE utf8_spanish_ci DEFAULT NULL,
  PRIMARY KEY (`id`)
) ENGINE=MyISAM AUTO_INCREMENT=4 DEFAULT CHARSET=utf8 COLLATE=utf8_spanish_ci;

--
-- Volcado de datos para la tabla `rol`
--

INSERT INTO `rol` (`id`, `nombre`) VALUES
(1, 'USER'),
(2, 'SANITARIO'),
(3, 'ADMIN');

-- --------------------------------------------------------

--
-- Estructura de tabla para la tabla `sanitario`
--

DROP TABLE IF EXISTS `sanitario`;
CREATE TABLE IF NOT EXISTS `sanitario` (
  `id` int(11) NOT NULL AUTO_INCREMENT,
  `id_especialidad` int(11) DEFAULT NULL,
  `id_tipo` int(11) DEFAULT NULL,
  `id_trabajador` int(11) DEFAULT NULL,
  PRIMARY KEY (`id`),
  KEY `FK6cg2rf7s2y7xxcnkaua042f4e` (`id_especialidad`),
  KEY `FK9lyahj1oji3m9hscxki6xv9t9` (`id_tipo`),
  KEY `FKbr5xdl8x0a2yvktteoou8wixe` (`id_trabajador`)
) ENGINE=InnoDB AUTO_INCREMENT=7 DEFAULT CHARSET=latin1;

--
-- Volcado de datos para la tabla `sanitario`
--

INSERT INTO `sanitario` (`id`, `id_especialidad`, `id_tipo`, `id_trabajador`) VALUES
(1, 1, 1, 1),
(2, 2, 1, 2),
(3, 3, 1, 3),
(4, 4, 1, 4),
(5, 5, 1, 5),
(6, 6, 1, 6);

-- --------------------------------------------------------

--
-- Estructura de tabla para la tabla `tipo_sanitario`
--

DROP TABLE IF EXISTS `tipo_sanitario`;
CREATE TABLE IF NOT EXISTS `tipo_sanitario` (
  `id` int(11) NOT NULL AUTO_INCREMENT,
  `nombre` varchar(128) DEFAULT NULL,
  PRIMARY KEY (`id`)
) ENGINE=InnoDB AUTO_INCREMENT=4 DEFAULT CHARSET=latin1;

--
-- Volcado de datos para la tabla `tipo_sanitario`
--

INSERT INTO `tipo_sanitario` (`id`, `nombre`) VALUES
(1, 'M칠dico'),
(2, 'Enfermero'),
(3, 'Auxiliar de Enfermer칤a');

-- --------------------------------------------------------

--
-- Estructura de tabla para la tabla `trabajador`
--

DROP TABLE IF EXISTS `trabajador`;
CREATE TABLE IF NOT EXISTS `trabajador` (
  `id` int(11) NOT NULL AUTO_INCREMENT,
  `fecha_contrato` date DEFAULT NULL,
  `horario` varchar(256) DEFAULT NULL,
  `salario_bruto` float DEFAULT NULL,
  `id_user` int(11) DEFAULT NULL,
  PRIMARY KEY (`id`),
  KEY `FKsxjoaxljx6d0eo0od5vkf5j6f` (`id_user`)
) ENGINE=InnoDB AUTO_INCREMENT=7 DEFAULT CHARSET=latin1;

--
-- Volcado de datos para la tabla `trabajador`
--

INSERT INTO `trabajador` (`id`, `fecha_contrato`, `horario`, `salario_bruto`, `id_user`) VALUES
(1, '2021-01-08', '8:00-16:00', 1500, 4),
(2, '2021-01-08', '8:00 - 14:00', 2000, 5),
(3, '2022-12-28', '8:00 - 13:00', 1800, 6),
(4, '2023-03-24', '13:00 - 21:00', 2500, 7),
(5, '2022-08-25', '14:00 - 8:30', 2100, 8),
(6, '2021-05-21', '23:00 - 6:30', 2000, 9);

-- --------------------------------------------------------

--
-- Estructura de tabla para la tabla `user`
--

DROP TABLE IF EXISTS `user`;
CREATE TABLE IF NOT EXISTS `user` (
  `id` int(11) NOT NULL AUTO_INCREMENT,
  `apellidos` varchar(128) DEFAULT NULL,
  `baja` bit(1) DEFAULT NULL,
  `direccion` varchar(128) DEFAULT NULL,
  `dni` varchar(255) DEFAULT NULL,
  `nombre` varchar(128) DEFAULT NULL,
  `password` varchar(255) DEFAULT NULL,
  `telefono` varchar(128) DEFAULT NULL,
  `username` varchar(255) DEFAULT NULL,
  `rol` int(11) DEFAULT NULL,
  PRIMARY KEY (`id`),
  KEY `FKr8vd07j65csd6f2f1wwlocash` (`rol`)
) ENGINE=InnoDB AUTO_INCREMENT=13 DEFAULT CHARSET=latin1;

--
-- Volcado de datos para la tabla `user`
--

INSERT INTO `user` (`id`, `apellidos`, `baja`, `direccion`, `dni`, `nombre`, `password`, `telefono`, `username`, `rol`) VALUES
(2, 'S치nchez Hern치ndez', b'0', 'Garc칤a Quijano', '77395807', 'Paulo', '$2a$11$xMsG3xv.tybC0Or5SfmMf.j5jPnWNWlCEkmYJEg7zjQDdTlCzpgWW', '638353000', '77395807', 1),
(3, 'Garc칤a P칠rez', b'0', 'Avenida de la salud p칰blica', '77395837', 'Luis Miguel', '$2a$11$T6Gmh9mjN.HrIpoFGP2kV.EK.qXDt/RQ7lrkNojt6i.8ZgFGW/6Xq', '635489651', 'luismiguelGP', 3),
(4, 'Garc칤a Zamora', b'0', 'Calle Plus Ultra', '77854569', 'Jose Luis', '$2a$11$xLvFs.wBHILbHtTHrwdeK.z1stsUef8z9ohrlVXo5gX.c.brvBype', '685456922', 'joseluisGZ', 2),
(5, 'Casta침o P칠rez', b'0', 'Carreta de la vega', '345678213', 'Antonio', '$2a$11$05LW7XiOCu0cQ7oarMfy1OTCU/Z.qE4mPthK2HNOAnIuGGYFsmhKO', '654792561', 'antonioCP', 2),
(6, 'Vargas Gavi침o', b'0', 'Garcilaso de la Vega', '45698712', 'Ana', '$2a$11$xvVli60IIykx07DmVYTACOAHa6kPeaBgPv22FSEr4o6ixO2zAeGoO', '895612365', 'anaVG', 2),
(7, 'Gonz치lez Hidalgo', b'0', 'Calle poeta Ayrolo', '48759612', 'Carlos', '$2a$11$05LW7XiOCu0cQ7oarMfy1OTCU/Z.qE4mPthK2HNOAnIuGGYFsmhKO', '548962145', 'carlosGH', 2),
(8, 'Pontevedra Barberi', b'0', 'Plus Ultra', '77845695', 'Mar칤a', '$2a$11$05LW7XiOCu0cQ7oarMfy1OTCU/Z.qE4mPthK2HNOAnIuGGYFsmhKO', '654120369', 'mariaPB', 2),
(9, 'Agrafojo N칰침ez', b'0', 'Plaza Espa침a', '45789621', 'Ivana', '$2a$11$05LW7XiOCu0cQ7oarMfy1OTCU/Z.qE4mPthK2HNOAnIuGGYFsmhKO', '654128569', 'ivanaAN', 2),
(10, 'Purito Rodr칤guez', b'0', 'Plaza del Sol', '14527896', 'Alberto', '$2a$11$KTh7pQi6NJ0D.X3H1eT4R..U3QprEHai7IxBihRwpQTooQL94OCz.', '621458966', '14527896', 1),
(11, 'Hern치ndez Peri침치n', b'0', 'Garc칤a de Sola', '45789612', 'Aurora', '$2a$11$cjxT2/S78UEamRJ5xJ20DuxvhqcTK2Y6SpVYeGMu97Xu.6uphpQq6', '698451248', '45789612', 1),
(12, 'Bocu침ano Duarte', b'0', 'Guillen Moreno', '77549622', 'Ismael', '$2a$11$gmb0gfHK.x7NFZZAuODHXuMo2r2S84SpjnlZH/G84a04vVYSHbEQ2', '654785512', '77549622', 1);

--
-- Restricciones para tablas volcadas
--

--
-- Filtros para la tabla `cita`
--
ALTER TABLE `cita`
  ADD CONSTRAINT `FK2a2samglaxxsfi9vydyehde1i` FOREIGN KEY (`id_sanitario`) REFERENCES `sanitario` (`id`),
  ADD CONSTRAINT `FKtkwjq2qjxnt73khnnm5rsa50r` FOREIGN KEY (`id_paciente`) REFERENCES `user` (`id`);

--
-- Filtros para la tabla `sanitario`
--
ALTER TABLE `sanitario`
  ADD CONSTRAINT `FK9lyahj1oji3m9hscxki6xv9t9` FOREIGN KEY (`id_tipo`) REFERENCES `tipo_sanitario` (`id`),
  ADD CONSTRAINT `FKbr5xdl8x0a2yvktteoou8wixe` FOREIGN KEY (`id_trabajador`) REFERENCES `trabajador` (`id`);

--
-- Filtros para la tabla `trabajador`
--
ALTER TABLE `trabajador`
  ADD CONSTRAINT `FKsxjoaxljx6d0eo0od5vkf5j6f` FOREIGN KEY (`id_user`) REFERENCES `user` (`id`);
COMMIT;

/*!40101 SET CHARACTER_SET_CLIENT=@OLD_CHARACTER_SET_CLIENT */;
/*!40101 SET CHARACTER_SET_RESULTS=@OLD_CHARACTER_SET_RESULTS */;
/*!40101 SET COLLATION_CONNECTION=@OLD_COLLATION_CONNECTION */;
